timestamp,open,high,low,close,volume,Dividends,Stock Splits,thscode,thsname_cn,thsname_en,currency,hour,minute,ticker,si_current_price,si_market_cap,si_pe_trailing,si_pe_forward,si_beta,si_dividend_yield,si_dividend_rate,si_payout_ratio,si_52w_low,si_52w_high,si_employees,si_book_value,si_price_to_book,si_profit_margin,si_roa,si_roe,si_revenue_per_share,si_total_cash,si_total_debt,si_total_revenue,si_ebitda,si_gross_margins,si_operating_margins,si_debt_to_equity,si_quick_ratio,si_current_ratio,si_inst_pct,si_insider_pct,si_short_ratio,si_shares_outstanding,si_float_shares,si_target_mean,si_target_high,si_target_low,si_recommendation_mean,si_num_analysts,inc_total_revenue,inc_cost_of_revenue,inc_gross_profit,inc_operating_income,inc_net_income,inc_diluted_eps,inc_basic_eps,inc_rd,inc_sga,inc_tax_provision,inc_pretax_income,inc_ebitda,inc_ebit,inc_norm_ebitda,inc_norm_income,inc_depreciation,inc_diluted_shares,inc_basic_shares,bs_total_assets,bs_total_liabilities,bs_stockholders_equity,bs_total_debt,bs_net_debt,bs_cash,bs_cash_short_inv,bs_inventory,bs_receivables,bs_net_ppe,bs_gross_ppe,bs_accum_depreciation,bs_goodwill,bs_intangible_assets,bs_long_term_debt,bs_current_liabilities,bs_current_assets,bs_working_capital,bs_retained_earnings,bs_common_stock,bs_capital_stock,bs_total_equity,bs_tangible_book_value,bs_invested_capital,bs_total_capitalization,cf_operating,cf_free,cf_capex,cf_dividends_paid,cf_stock_repurchases,cf_financing,cf_investing,cf_net_change,cf_end_cash,cf_begin_cash,cf_stock_comp,cf_depreciation,cf_deferred_tax,cf_net_income_ops,cf_change_wc,cf_issuance_debt,cf_repayment_debt,rec_strong_buy,rec_buy,rec_hold,rec_sell,rec_strong_sell,news_count,news_latest_headline
2026-08-06 13:30:00+00:00,314.3399963379,316.1300048828,313.7301025391,314.4299926758,2659995,0.0,0.0,AAPL,苹果,Apple Inc.,USD,13,30,AAPL,305.59,4459835424768,35.044724,32.14128,1.086,0.35,1.08,0.1204,223.78,344.57,150000,7.36,41.52038,0.27618998,0.27082002,1.4875101,31.707,62399000576,84343996416,466822987776,167959003136,0.48653,0.32623002,78.445,0.812,1.003,0.66483,0.01648,2.58,14594180000,14569223952,322.2844,400.0,215.0,2.13043,41,416161000000.0,220960000000.0,195201000000.0,133050000000.0,112010000000.0,7.46,7.49,0,27601000000.0,20719000000.0,132729000000.0,144748000000.0,133050000000.0,144748000000.0,112010000000.0,11698000000.0,15004697000.0,14948500000.0,359241000000.0,285508000000.0,73733000000.0,98657000000.0,62723000000.0,35934000000.0,54697000000.0,5718000000.0,39777000000.0,49834000000.0,125848000000.0,-76014000000.0,0,0,78328000000.0,165631000000.0,147957000000.0,-17674000000.0,-14264000000.0,93568000000.0,93568000000.0,73733000000.0,73733000000.0,172390000000.0,152061000000.0,111482000000.0,98767000000.0,-12715000000.0,-15421000000.0,-90711000000.0,-120686000000.0,15195000000.0,5991000000.0,35934000000.0,29943000000.0,12863000000.0,11698000000.0,0,112010000000.0,-25000000000.0,4481000000.0,-10932000000.0,6,21,14,3,2,9,"Financial Advisors Love Warren Buffett, but They Don’t Always Agree With Him"
2026-08-06 13:35:00+00:00,314.4200134277,314.9349975586,313.4899902344,313.9400024414,829864,0.0,0.0,AAPL,苹果,Apple Inc.,USD,13,35,AAPL,305.59,4459835424768,35.044724,32.14128,1.086,0.35,1.08,0.1204,223.78,344.57,150000,7.36,41.52038,0.27618998,0.27082002,1.4875101,31.707,62399000576,84343996416,466822987776,167959003136,0.48653,0.32623002,78.445,0.812,1.003,0.66483,0.01648,2.58,14594180000,14569223952,322.2844,400.0,215.0,2.13043,41,416161000000.0,220960000000.0,195201000000.0,133050000000.0,112010000000.0,7.46,7.49,0,27601000000.0,20719000000.0,132729000000.0,144748000000.0,133050000000.0,144748000000.0,112010000000.0,11698000000.0,15004697000.0,14948500000.0,359241000000.0,285508000000.0,73733000000.0,98657000000.0,62723000000.0,35934000000.0,54697000000.0,5718000000.0,39777000000.0,49834000000.0,125848000000.0,-76014000000.0,0,0,78328000000.0,165631000000.0,147957000000.0,-17674000000.0,-14264000000.0,93568000000.0,93568000000.0,73733000000.0,73733000000.0,172390000000.0,152061000000.0,111482000000.0,98767000000.0,-12715000000.0,-15421000000.0,-90711000000.0,-120686000000.0,15195000000.0,5991000000.0,35934000000.0,29943000000.0,12863000000.0,11698000000.0,0,112010000000.0,-25000000000.0,4481000000.0,-10932000000.0,6,21,14,3,2,9,"Financial Advisors Love Warren Buffett, but They Don’t Always Agree With Him"
2026-08-06 13:40:00+00:00,313.9237976074,315.1499938965,313.8399963379,314.7699890137,657454,0.0,0.0,AAPL,苹果,Apple Inc.,USD,13,40,AAPL,305.59,4459835424768,35.044724,32.14128,1.086,0.35,1.08,0.1204,223.78,344.57,150000,7.36,41.52038,0.27618998,0.27082002,1.4875101,31.707,62399000576,84343996416,466822987776,167959003136,0.48653,0.32623002,78.445,0.812,1.003,0.66483,0.01648,2.58,14594180000,14569223952,322.2844,400.0,215.0,2.13043,41,416161000000.0,220960000000.0,195201000000.0,133050000000.0,112010000000.0,7.46,7.49,0,27601000000.0,20719000000.0,132729000000.0,144748000000.0,133050000000.0,144748000000.0,112010000000.0,11698000000.0,15004697000.0,14948500000.0,359241000000.0,285508000000.0,73733000000.0,98657000000.0,62723000000.0,35934000000.0,54697000000.0,5718000000.0,39777000000.0,49834000000.0,125848000000.0,-76014000000.0,0,0,78328000000.0,165631000000.0,147957000000.0,-17674000000.0,-14264000000.0,93568000000.0,93568000000.0,73733000000.0,73733000000.0,172390000000.0,152061000000.0,111482000000.0,98767000000.0,-12715000000.0,-15421000000.0,-90711000000.0,-120686000000.0,15195000000.0,5991000000.0,35934000000.0,29943000000.0,12863000000.0,11698000000.0,0,112010000000.0,-25000000000.0,4481000000.0,-10932000000.0,6,21,14,3,2,9,"Financial Advisors Love Warren Buffett, but They Don’t Always Agree With Him"
2026-08-06 13:45:00+00:00,314.7001037598,315.9700012207,314.5599975586,315.4899902344,821429,0.0,0.0,AAPL,苹果,Apple Inc.,USD,13,45,AAPL,305.59,4459835424768,35.044724,32.14128,1.086,0.35,1.08,0.1204,223.78,344.57,150000,7.36,41.52038,0.27618998,0.27082002,1.4875101,31.707,62399000576,84343996416,466822987776,167959003136,0.48653,0.32623002,78.445,0.812,1.003,0.66483,0.01648,2.58,14594180000,14569223952,322.2844,400.0,215.0,2.13043,41,416161000000.0,220960000000.0,195201000000.0,133050000000.0,112010000000.0,7.46,7.49,0,27601000000.0,20719000000.0,132729000000.0,144748000000.0,133050000000.0,144748000000.0,112010000000.0,11698000000.0,15004697000.0,14948500000.0,359241000000.0,285508000000.0,73733000000.0,98657000000.0,62723000000.0,35934000000.0,54697000000.0,5718000000.0,39777000000.0,49834000000.0,125848000000.0,-76014000000.0,0,0,78328000000.0,165631000000.0,147957000000.0,-17674000000.0,-14264000000.0,93568000000.0,93568000000.0,73733000000.0,73733000000.0,172390000000.0,152061000000.0,111482000000.0,98767000000.0,-12715000000.0,-15421000000.0,-90711000000.0,-120686000000.0,15195000000.0,5991000000.0,35934000000.0,29943000000.0,12863000000.0,11698000000.0,0,112010000000.0,-25000000000.0,4481000000.0,-10932000000.0,6,21,14,3,2,9,"Financial Advisors Love Warren Buffett, but They Don’t Always Agree With Him"
2026-08-06 13:50:00+00:00,315.5199890137,316.0599975586,315.049987793,316.0100097656,731246,0.0,0.0,AAPL,苹果,Apple Inc.,USD,13,50,AAPL,305.59,4459835424768,35.044724,32.14128,1.086,0.35,1.08,0.1204,223.78,344.57,150000,7.36,41.52038,0.27618998,0.27082002,1.4875101,31.707,62399000576,84343996416,466822987776,167959003136,0.48653,0.32623002,78.445,0.812,1.003,0.66483,0.01648,2.58,14594180000,14569223952,322.2844,400.0,215.0,2.13043,41,416161000000.0,220960000000.0,195201000000.0,133050000000.0,112010000000.0,7.46,7.49,0,27601000000.0,20719000000.0,132729000000.0,144748000000.0,133050000000.0,144748000000.0,112010000000.0,11698000000.0,15004697000.0,14948500000.0,359241000000.0,285508000000.0,73733000000.0,98657000000.0,62723000000.0,35934000000.0,54697000000.0,5718000000.0,39777000000.0,49834000000.0,125848000000.0,-76014000000.0,0,0,78328000000.0,165631000000.0,147957000000.0,-17674000000.0,-14264000000.0,93568000000.0,93568000000.0,73733000000.0,73733000000.0,172390000000.0,152061000000.0,111482000000.0,98767000000.0,-12715000000.0,-15421000000.0,-90711000000.0,-120686000000.0,15195000000.0,5991000000.0,35934000000.0,29943000000.0,12863000000.0,11698000000.0,0,112010000000.0,-25000000000.0,4481000000.0,-10932000000.0,6,21,14,3,2,9,"Financial Advisors Love Warren Buffett, but They Don’t Always Agree With Him"
2026-08-06 13:55:00+00:00,316.0,316.2893981934,314.7699890137,314.7699890137,844985,0.0,0.0,AAPL,苹果,Apple Inc.,USD,13,55,AAPL,305.59,4459835424768,35.044724,32.14128,1.086,0.35,1.08,0.1204,223.78,344.57,150000,7.36,41.52038,0.27618998,0.27082002,1.4875101,31.707,62399000576,84343996416,466822987776,167959003136,0.48653,0.32623002,78.445,0.812,1.003,0.66483,0.01648,2.58,14594180000,14569223952,322.2844,400.0,215.0,2.13043,41,416161000000.0,220960000000.0,195201000000.0,133050000000.0,112010000000.0,7.46,7.49,0,27601000000.0,20719000000.0,132729000000.0,144748000000.0,133050000000.0,144748000000.0,112010000000.0,11698000000.0,15004697000.0,14948500000.0,359241000000.0,285508000000.0,73733000000.0,98657000000.0,62723000000.0,35934000000.0,54697000000.0,5718000000.0,39777000000.0,49834000000.0,125848000000.0,-76014000000.0,0,0,78328000000.0,165631000000.0,147957000000.0,-17674000000.0,-14264000000.0,93568000000.0,93568000000.0,73733000000.0,73733000000.0,172390000000.0,152061000000.0,111482000000.0,98767000000.0,-12715000000.0,-15421000000.0,-90711000000.0,-120686000000.0,15195000000.0,5991000000.0,35934000000.0,29943000000.0,12863000000.0,11698000000.0,0,112010000000.0,-25000000000.0,4481000000.0,-10932000000.0,6,21,14,3,2,9,"Financial Advisors Love Warren Buffett, but They Don’t Always Agree With Him"
2026-08-06 14:00:00+00:00,314.799987793,315.1900024414,314.3299865723,314.7844848633,540000,0.0,0.0,AAPL,苹果,Apple Inc.,USD,14,0,AAPL,305.59,4459835424768,35.044724,32.14128,1.086,0.35,1.08,0.1204,223.78,344.57,150000,7.36,41.52038,0.27618998,0.27082002,1.4875101,31.707,62399000576,84343996416,466822987776,167959003136,0.48653,0.32623002,78.445,0.812,1.003,0.66483,0.01648,2.58,14594180000,14569223952,322.2844,400.0,215.0,2.13043,41,416161000000.0,220960000000.0,195201000000.0,133050000000.0,112010000000.0,7.46,7.49,0,27601000000.0,20719000000.0,132729000000.0,144748000000.0,133050000000.0,144748000000.0,112010000000.0,11698000000.0,15004697000.0,14948500000.0,359241000000.0,285508000000.0,73733000000.0,98657000000.0,62723000000.0,35934000000.0,54697000000.0,5718000000.0,39777000000.0,49834000000.0,125848000000.0,-76014000000.0,0,0,78328000000.0,165631000000.0,147957000000.0,-17674000000.0,-14264000000.0,93568000000.0,93568000000.0,73733000000.0,73733000000.0,172390000000.0,152061000000.0,111482000000.0,98767000000.0,-12715000000.0,-15421000000.0,-90711000000.0,-120686000000.0,15195000000.0,5991000000.0,35934000000.0,29943000000.0,12863000000.0,11698000000.0,0,112010000000.0,-25000000000.0,4481000000.0,-10932000000.0,6,21,14,3,2,9,"Financial Advisors Love Warren Buffett, but They Don’t Always Agree With Him"
2026-08-06 14:05:00+00:00,314.799987793,314.799987793,313.6000061035,313.6400146484,555318,0.0,0.0,AAPL,苹果,Apple Inc.,USD,14,5,AAPL,305.59,4459835424768,35.044724,32.14128,1.086,0.35,1.08,0.1204,223.78,344.57,150000,7.36,41.52038,0.27618998,0.27082002,1.4875101,31.707,62399000576,84343996416,466822987776,167959003136,0.48653,0.32623002,78.445,0.812,1.003,0.66483,0.01648,2.58,14594180000,14569223952,322.2844,400.0,215.0,2.13043,41,416161000000.0,220960000000.0,195201000000.0,133050000000.0,112010000000.0,7.46,7.49,0,27601000000.0,20719000000.0,132729000000.0,144748000000.0,133050000000.0,144748000000.0,112010000000.0,11698000000.0,15004697000.0,14948500000.0,359241000000.0,285508000000.0,73733000000.0,98657000000.0,62723000000.0,35934000000.0,54697000000.0,5718000000.0,39777000000.0,49834000000.0,125848000000.0,-76014000000.0,0,0,78328000000.0,165631000000.0,147957000000.0,-17674000000.0,-14264000000.0,93568000000.0,93568000000.0,73733000000.0,73733000000.0,172390000000.0,152061000000.0,111482000000.0,98767000000.0,-12715000000.0,-15421000000.0,-90711000000.0,-120686000000.0,15195000000.0,5991000000.0,35934000000.0,29943000000.0,12863000000.0,11698000000.0,0,112010000000.0,-25000000000.0,4481000000.0,-10932000000.0,6,21,14,3,2,9,"Financial Advisors Love Warren Buffett, but They Don’t Always Agree With Him"
2026-08-06 14:10:00+00:00,313.6549987793,313.7600097656,312.700012207,313.3178100586,710713,0.0,0.0,AAPL,苹果,Apple Inc.,USD,14,10,AAPL,305.59,4459835424768,35.044724,32.14128,1.086,0.35,1.08,0.1204,223.78,344.57,150000,7.36,41.52038,0.27618998,0.27082002,1.4875101,31.707,62399000576,84343996416,466822987776,167959003136,0.48653,0.32623002,78.445,0.812,1.003,0.66483,0.01648,2.58,14594180000,14569223952,322.2844,400.0,215.0,2.13043,41,416161000000.0,220960000000.0,195201000000.0,133050000000.0,112010000000.0,7.46,7.49,0,27601000000.0,20719000000.0,132729000000.0,144748000000.0,133050000000.0,144748000000.0,112010000000.0,11698000000.0,15004697000.0,14948500000.0,359241000000.0,285508000000.0,73733000000.0,98657000000.0,62723000000.0,35934000000.0,54697000000.0,5718000000.0,39777000000.0,49834000000.0,125848000000.0,-76014000000.0,0,0,78328000000.0,165631000000.0,147957000000.0,-17674000000.0,-14264000000.0,93568000000.0,93568000000.0,73733000000.0,73733000000.0,172390000000.0,152061000000.0,111482000000.0,98767000000.0,-12715000000.0,-15421000000.0,-90711000000.0,-120686000000.0,15195000000.0,5991000000.0,35934000000.0,29943000000.0,12863000000.0,11698000000.0,0,112010000000.0,-25000000000.0,4481000000.0,-10932000000.0,6,21,14,3,2,9,"Financial Advisors Love Warren Buffett, but They Don’t Always Agree With Him"
2026-08-06 14:15:00+00:00,313.3200073242,313.4549865723,312.4100036621,312.5799865723,934290,0.0,0.0,AAPL,苹果,Apple Inc.,USD,14,15,AAPL,305.59,4459835424768,35.044724,32.14128,1.086,0.35,1.08,0.1204,223.78,344.57,150000,7.36,41.52038,0.27618998,0.27082002,1.4875101,31.707,62399000576,84343996416,466822987776,167959003136,0.48653,0.32623002,78.445,0.812,1.003,0.66483,0.01648,2.58,14594180000,14569223952,322.2844,400.0,215.0,2.13043,41,416161000000.0,220960000000.0,195201000000.0,133050000000.0,112010000000.0,7.46,7.49,0,27601000000.0,20719000000.0,132729000000.0,144748000000.0,133050000000.0,144748000000.0,112010000000.0,11698000000.0,15004697000.0,14948500000.0,359241000000.0,285508000000.0,73733000000.0,98657000000.0,62723000000.0,35934000000.0,54697000000.0,5718000000.0,39777000000.0,49834000000.0,125848000000.0,-76014000000.0,0,0,78328000000.0,165631000000.0,147957000000.0,-17674000000.0,-14264000000.0,93568000000.0,93568000000.0,73733000000.0,73733000000.0,172390000000.0,152061000000.0,111482000000.0,98767000000.0,-12715000000.0,-15421000000.0,-90711000000.0,-120686000000.0,15195000000.0,5991000000.0,35934000000.0,29943000000.0,12863000000.0,11698000000.0,0,112010000000.0,-25000000000.0,4481000000.0,-10932000000.0,6,21,14,3,2,9,"Financial Advisors Love Warren Buffett, but They Don’t Always Agree With Him"
2026-08-06 14:20:00+00:00,312.5899963379,312.700012207,312.1199951172,312.3999938965,661662,0.0,0.0,AAPL,苹果,Apple Inc.,USD,14,20,AAPL,305.59,4459835424768,35.044724,32.14128,1.086,0.35,1.08,0.1204,223.78,344.57,150000,7.36,41.52038,0.27618998,0.27082002,1.4875101,31.707,62399000576,84343996416,466822987776,167959003136,0.48653,0.32623002,78.445,0.812,1.003,0.66483,0.01648,2.58,14594180000,14569223952,322.2844,400.0,215.0,2.13043,41,416161000000.0,220960000000.0,195201000000.0,133050000000.0,112010000000.0,7.46,7.49,0,27601000000.0,20719000000.0,132729000000.0,144748000000.0,133050000000.0,144748000000.0,112010000000.0,11698000000.0,15004697000.0,14948500000.0,359241000000.0,285508000000.0,73733000000.0,98657000000.0,62723000000.0,35934000000.0,54697000000.0,5718000000.0,39777000000.0,49834000000.0,125848000000.0,-76014000000.0,0,0,78328000000.0,165631000000.0,147957000000.0,-17674000000.0,-14264000000.0,93568000000.0,93568000000.0,73733000000.0,73733000000.0,172390000000.0,152061000000.0,111482000000.0,98767000000.0,-12715000000.0,-15421000000.0,-90711000000.0,-120686000000.0,15195000000.0,5991000000.0,35934000000.0,29943000000.0,12863000000.0,11698000000.0,0,112010000000.0,-25000000000.0,4481000000.0,-10932000000.0,6,21,14,3,2,9,"Financial Advisors Love Warren Buffett, but They Don’t Always Agree With Him"
2026-08-06 14:25:00+00:00,312.3850097656,312.8900146484,312.2550048828,312.8399963379,540021,0.0,0.0,AAPL,苹果,Apple Inc.,USD,14,25,AAPL,305.59,4459835424768,35.044724,32.14128,1.086,0.35,1.08,0.1204,223.78,344.57,150000,7.36,41.52038,0.27618998,0.27082002,1.4875101,31.707,62399000576,84343996416,466822987776,167959003136,0.48653,0.32623002,78.445,0.812,1.003,0.66483,0.01648,2.58,14594180000,14569223952,322.2844,400.0,215.0,2.13043,41,416161000000.0,220960000000.0,195201000000.0,133050000000.0,112010000000.0,7.46,7.49,0,27601000000.0,20719000000.0,132729000000.0,144748000000.0,133050000000.0,144748000000.0,112010000000.0,11698000000.0,15004697000.0,14948500000.0,359241000000.0,285508000000.0,73733000000.0,98657000000.0,62723000000.0,35934000000.0,54697000000.0,5718000000.0,39777000000.0,49834000000.0,125848000000.0,-76014000000.0,0,0,78328000000.0,165631000000.0,147957000000.0,-17674000000.0,-14264000000.0,93568000000.0,93568000000.0,73733000000.0,73733000000.0,172390000000.0,152061000000.0,111482000000.0,98767000000.0,-12715000000.0,-15421000000.0,-90711000000.0,-120686000000.0,15195000000.0,5991000000.0,35934000000.0,29943000000.0,12863000000.0,11698000000.0,0,112010000000.0,-25000000000.0,4481000000.0,-10932000000.0,6,21,14,3,2,9,"Financial Advisors Love Warren Buffett, but They Don’t Always Agree With Him"
2026-08-06 14:30:00+00:00,312.799987793,313.2900085449,312.3800964355,312.8601074219,533747,0.0,0.0,AAPL,苹果,Apple Inc.,USD,14,30,AAPL,305.59,4459835424768,35.044724,32.14128,1.086,0.35,1.08,0.1204,223.78,344.57,150000,7.36,41.52038,0.27618998,0.27082002,1.4875101,31.707,62399000576,84343996416,466822987776,167959003136,0.48653,0.32623002,78.445,0.812,1.003,0.66483,0.01648,2.58,14594180000,14569223952,322.2844,400.0,215.0,2.13043,41,416161000000.0,220960000000.0,195201000000.0,133050000000.0,112010000000.0,7.46,7.49,0,27601000000.0,20719000000.0,132729000000.0,144748000000.0,133050000000.0,144748000000.0,112010000000.0,11698000000.0,15004697000.0,14948500000.0,359241000000.0,285508000000.0,73733000000.0,98657000000.0,62723000000.0,35934000000.0,54697000000.0,5718000000.0,39777000000.0,49834000000.0,125848000000.0,-76014000000.0,0,0,78328000000.0,165631000000.0,147957000000.0,-17674000000.0,-14264000000.0,93568000000.0,93568000000.0,73733000000.0,73733000000.0,172390000000.0,152061000000.0,111482000000.0,98767000000.0,-12715000000.0,-15421000000.0,-90711000000.0,-120686000000.0,15195000000.0,5991000000.0,35934000000.0,29943000000.0,12863000000.0,11698000000.0,0,112010000000.0,-25000000000.0,4481000000.0,-10932000000.0,6,21,14,3,2,9,"Financial Advisors Love Warren Buffett, but They Don’t Always Agree With Him"
2026-08-06 14:35:00+00:00,312.9049987793,312.9299926758,311.780090332,312.1350097656,626056,0.0,0.0,AAPL,苹果,Apple Inc.,USD,14,35,AAPL,305.59,4459835424768,35.044724,32.14128,1.086,0.35,1.08,0.1204,223.78,344.57,150000,7.36,41.52038,0.27618998,0.27082002,1.4875101,31.707,62399000576,84343996416,466822987776,167959003136,0.48653,0.32623002,78.445,0.812,1.003,0.66483,0.01648,2.58,14594180000,14569223952,322.2844,400.0,215.0,2.13043,41,416161000000.0,220960000000.0,195201000000.0,133050000000.0,112010000000.0,7.46,7.49,0,27601000000.0,20719000000.0,132729000000.0,144748000000.0,133050000000.0,144748000000.0,112010000000.0,11698000000.0,15004697000.0,14948500000.0,359241000000.0,285508000000.0,73733000000.0,98657000000.0,62723000000.0,35934000000.0,54697000000.0,5718000000.0,39777000000.0,49834000000.0,125848000000.0,-76014000000.0,0,0,78328000000.0,165631000000.0,147957000000.0,-17674000000.0,-14264000000.0,93568000000.0,93568000000.0,73733000000.0,73733000000.0,172390000000.0,152061000000.0,111482000000.0,98767000000.0,-12715000000.0,-15421000000.0,-90711000000.0,-120686000000.0,15195000000.0,5991000000.0,35934000000.0,29943000000.0,12863000000.0,11698000000.0,0,112010000000.0,-25000000000.0,4481000000.0,-10932000000.0,6,21,14,3,2,9,"Financial Advisors Love Warren Buffett, but They Don’t Always Agree With Him"
2026-08-06 14:40:00+00:00,312.1149902344,312.549987793,312.0100097656,312.424987793,322237,0.0,0.0,AAPL,苹果,Apple Inc.,USD,14,40,AAPL,305.59,4459835424768,35.044724,32.14128,1.086,0.35,1.08,0.1204,223.78,344.57,150000,7.36,41.52038,0.27618998,0.27082002,1.4875101,31.707,62399000576,84343996416,466822987776,167959003136,0.48653,0.32623002,78.445,0.812,1.003,0.66483,0.01648,2.58,14594180000,14569223952,322.2844,400.0,215.0,2.13043,41,416161000000.0,220960000000.0,195201000000.0,133050000000.0,112010000000.0,7.46,7.49,0,27601000000.0,20719000000.0,132729000000.0,144748000000.0,133050000000.0,144748000000.0,112010000000.0,11698000000.0,15004697000.0,14948500000.0,359241000000.0,285508000000.0,73733000000.0,98657000000.0,62723000000.0,35934000000.0,54697000000.0,5718000000.0,39777000000.0,49834000000.0,125848000000.0,-76014000000.0,0,0,78328000000.0,165631000000.0,147957000000.0,-17674000000.0,-14264000000.0,93568000000.0,93568000000.0,73733000000.0,73733000000.0,172390000000.0,152061000000.0,111482000000.0,98767000000.0,-12715000000.0,-15421000000.0,-90711000000.0,-120686000000.0,15195000000.0,5991000000.0,35934000000.0,29943000000.0,12863000000.0,11698000000.0,0,112010000000.0,-25000000000.0,4481000000.0,-10932000000.0,6,21,14,3,2,9,"Financial Advisors Love Warren Buffett, but They Don’t Always Agree With Him"
2026-08-06 14:45:00+00:00,312.424987793,313.4399108887,312.25,312.8237915039,510489,0.0,0.0,AAPL,苹果,Apple Inc.,USD,14,45,AAPL,305.59,4459835424768,35.044724,32.14128,1.086,0.35,1.08,0.1204,223.78,344.57,150000,7.36,41.52038,0.27618998,0.27082002,1.4875101,31.707,62399000576,84343996416,466822987776,167959003136,0.48653,0.32623002,78.445,0.812,1.003,0.66483,0.01648,2.58,14594180000,14569223952,322.2844,400.0,215.0,2.13043,41,416161000000.0,220960000000.0,195201000000.0,133050000000.0,112010000000.0,7.46,7.49,0,27601000000.0,20719000000.0,132729000000.0,144748000000.0,133050000000.0,144748000000.0,112010000000.0,11698000000.0,15004697000.0,14948500000.0,359241000000.0,285508000000.0,73733000000.0,98657000000.0,62723000000.0,35934000000.0,54697000000.0,5718000000.0,39777000000.0,49834000000.0,125848000000.0,-76014000000.0,0,0,78328000000.0,165631000000.0,147957000000.0,-17674000000.0,-14264000000.0,93568000000.0,93568000000.0,73733000000.0,73733000000.0,172390000000.0,152061000000.0,111482000000.0,98767000000.0,-12715000000.0,-15421000000.0,-90711000000.0,-120686000000.0,15195000000.0,5991000000.0,35934000000.0,29943000000.0,12863000000.0,11698000000.0,0,112010000000.0,-25000000000.0,4481000000.0,-10932000000.0,6,21,14,3,2,9,"Financial Advisors Love Warren Buffett, but They Don’t Always Agree With Him"
2026-08-06 14:50:00+00:00,312.8299865723,313.5700073242,312.7210083008,313.3200073242,467690,0.0,0.0,AAPL,苹果,Apple Inc.,USD,14,50,AAPL,305.59,4459835424768,35.044724,32.14128,1.086,0.35,1.08,0.1204,223.78,344.57,150000,7.36,41.52038,0.27618998,0.27082002,1.4875101,31.707,62399000576,84343996416,466822987776,167959003136,0.48653,0.32623002,78.445,0.812,1.003,0.66483,0.01648,2.58,14594180000,14569223952,322.2844,400.0,215.0,2.13043,41,416161000000.0,220960000000.0,195201000000.0,133050000000.0,112010000000.0,7.46,7.49,0,27601000000.0,20719000000.0,132729000000.0,144748000000.0,133050000000.0,144748000000.0,112010000000.0,11698000000.0,15004697000.0,14948500000.0,359241000000.0,285508000000.0,73733000000.0,98657000000.0,62723000000.0,35934000000.0,54697000000.0,5718000000.0,39777000000.0,49834000000.0,125848000000.0,-76014000000.0,0,0,78328000000.0,165631000000.0,147957000000.0,-17674000000.0,-14264000000.0,93568000000.0,93568000000.0,73733000000.0,73733000000.0,172390000000.0,152061000000.0,111482000000.0,98767000000.0,-12715000000.0,-15421000000.0,-90711000000.0,-120686000000.0,15195000000.0,5991000000.0,35934000000.0,29943000000.0,12863000000.0,11698000000.0,0,112010000000.0,-25000000000.0,4481000000.0,-10932000000.0,6,21,14,3,2,9,"Financial Advisors Love Warren Buffett, but They Don’t Always Agree With Him"
2026-08-06 14:55:00+00:00,313.325012207,313.6400146484,313.0,313.3435974121,371102,0.0,0.0,AAPL,苹果,Apple Inc.,USD,14,55,AAPL,305.59,4459835424768,35.044724,32.14128,1.086,0.35,1.08,0.1204,223.78,344.57,150000,7.36,41.52038,0.27618998,0.27082002,1.4875101,31.707,62399000576,84343996416,466822987776,167959003136,0.48653,0.32623002,78.445,0.812,1.003,0.66483,0.01648,2.58,14594180000,14569223952,322.2844,400.0,215.0,2.13043,41,416161000000.0,220960000000.0,195201000000.0,133050000000.0,112010000000.0,7.46,7.49,0,27601000000.0,20719000000.0,132729000000.0,144748000000.0,133050000000.0,144748000000.0,112010000000.0,11698000000.0,15004697000.0,14948500000.0,359241000000.0,285508000000.0,73733000000.0,98657000000.0,62723000000.0,35934000000.0,54697000000.0,5718000000.0,39777000000.0,49834000000.0,125848000000.0,-76014000000.0,0,0,78328000000.0,165631000000.0,147957000000.0,-17674000000.0,-14264000000.0,93568000000.0,93568000000.0,73733000000.0,73733000000.0,172390000000.0,152061000000.0,111482000000.0,98767000000.0,-12715000000.0,-15421000000.0,-90711000000.0,-120686000000.0,15195000000.0,5991000000.0,35934000000.0,29943000000.0,12863000000.0,11698000000.0,0,112010000000.0,-25000000000.0,4481000000.0,-10932000000.0,6,21,14,3,2,9,"Financial Advisors Love Warren Buffett, but They Don’t Always Agree With Him"
2026-08-06 15:00:00+00:00,313.3599853516,313.3699035645,312.3800048828,312.8200073242,369828,0.0,0.0,AAPL,苹果,Apple Inc.,USD,15,0,AAPL,305.59,4459835424768,35.044724,32.14128,1.086,0.35,1.08,0.1204,223.78,344.57,150000,7.36,41.52038,0.27618998,0.27082002,1.4875101,31.707,62399000576,84343996416,466822987776,167959003136,0.48653,0.32623002,78.445,0.812,1.003,0.66483,0.01648,2.58,14594180000,14569223952,322.2844,400.0,215.0,2.13043,41,416161000000.0,220960000000.0,195201000000.0,133050000000.0,112010000000.0,7.46,7.49,0,27601000000.0,20719000000.0,132729000000.0,144748000000.0,133050000000.0,144748000000.0,112010000000.0,11698000000.0,15004697000.0,14948500000.0,359241000000.0,285508000000.0,73733000000.0,98657000000.0,62723000000.0,35934000000.0,54697000000.0,5718000000.0,39777000000.0,49834000000.0,125848000000.0,-76014000000.0,0,0,78328000000.0,165631000000.0,147957000000.0,-17674000000.0,-14264000000.0,93568000000.0,93568000000.0,73733000000.0,73733000000.0,172390000000.0,152061000000.0,111482000000.0,98767000000.0,-12715000000.0,-15421000000.0,-90711000000.0,-120686000000.0,15195000000.0,5991000000.0,35934000000.0,29943000000.0,12863000000.0,11698000000.0,0,112010000000.0,-25000000000.0,4481000000.0,-10932000000.0,6,21,14,3,2,9,"Financial Advisors Love Warren Buffett, but They Don’t Always Agree With Him"
2026-08-06 15:05:00+00:00,312.7900085449,312.8198852539,312.4200134277,312.6394958496,300384,0.0,0.0,AAPL,苹果,Apple Inc.,USD,15,5,AAPL,305.59,4459835424768,35.044724,32.14128,1.086,0.35,1.08,0.1204,223.78,344.57,150000,7.36,41.52038,0.27618998,0.27082002,1.4875101,31.707,62399000576,84343996416,466822987776,167959003136,0.48653,0.32623002,78.445,0.812,1.003,0.66483,0.01648,2.58,14594180000,14569223952,322.2844,400.0,215.0,2.13043,41,416161000000.0,220960000000.0,195201000000.0,133050000000.0,112010000000.0,7.46,7.49,0,27601000000.0,20719000000.0,132729000000.0,144748000000.0,133050000000.0,144748000000.0,112010000000.0,11698000000.0,15004697000.0,14948500000.0,359241000000.0,285508000000.0,73733000000.0,98657000000.0,62723000000.0,35934000000.0,54697000000.0,5718000000.0,39777000000.0,49834000000.0,125848000000.0,-76014000000.0,0,0,78328000000.0,165631000000.0,147957000000.0,-17674000000.0,-14264000000.0,93568000000.0,93568000000.0,73733000000.0,73733000000.0,172390000000.0,152061000000.0,111482000000.0,98767000000.0,-12715000000.0,-15421000000.0,-90711000000.0,-120686000000.0,15195000000.0,5991000000.0,35934000000.0,29943000000.0,12863000000.0,11698000000.0,0,112010000000.0,-25000000000.0,4481000000.0,-10932000000.0,6,21,14,3,2,9,"Financial Advisors Love Warren Buffett, but They Don’t Always Agree With Him"
2026-08-06 15:10:00+00:00,312.6350097656,312.6600036621,312.0050048828,312.1528930664,446531,0.0,0.0,AAPL,苹果,Apple Inc.,USD,15,10,AAPL,305.59,4459835424768,35.044724,32.14128,1.086,0.35,1.08,0.1204,223.78,344.57,150000,7.36,41.52038,0.27618998,0.27082002,1.4875101,31.707,62399000576,84343996416,466822987776,167959003136,0.48653,0.32623002,78.445,0.812,1.003,0.66483,0.01648,2.58,14594180000,14569223952,322.2844,400.0,215.0,2.13043,41,416161000000.0,220960000000.0,195201000000.0,133050000000.0,112010000000.0,7.46,7.49,0,27601000000.0,20719000000.0,132729000000.0,144748000000.0,133050000000.0,144748000000.0,112010000000.0,11698000000.0,15004697000.0,14948500000.0,359241000000.0,285508000000.0,73733000000.0,98657000000.0,62723000000.0,35934000000.0,54697000000.0,5718000000.0,39777000000.0,49834000000.0,125848000000.0,-76014000000.0,0,0,78328000000.0,165631000000.0,147957000000.0,-17674000000.0,-14264000000.0,93568000000.0,93568000000.0,73733000000.0,73733000000.0,172390000000.0,152061000000.0,111482000000.0,98767000000.0,-12715000000.0,-15421000000.0,-90711000000.0,-120686000000.0,15195000000.0,5991000000.0,35934000000.0,29943000000.0,12863000000.0,11698000000.0,0,112010000000.0,-25000000000.0,4481000000.0,-10932000000.0,6,21,14,3,2,9,"Financial Advisors Love Warren Buffett, but They Don’t Always Agree With Him"
2026-08-06 15:15:00+00:00,312.2200012207,312.2699890137,310.7200012207,310.7250061035,554499,0.0,0.0,AAPL,苹果,Apple Inc.,USD,15,15,AAPL,305.59,4459835424768,35.044724,32.14128,1.086,0.35,1.08,0.1204,223.78,344.57,150000,7.36,41.52038,0.27618998,0.27082002,1.4875101,31.707,62399000576,84343996416,466822987776,167959003136,0.48653,0.32623002,78.445,0.812,1.003,0.66483,0.01648,2.58,14594180000,14569223952,322.2844,400.0,215.0,2.13043,41,416161000000.0,220960000000.0,195201000000.0,133050000000.0,112010000000.0,7.46,7.49,0,27601000000.0,20719000000.0,132729000000.0,144748000000.0,133050000000.0,144748000000.0,112010000000.0,11698000000.0,15004697000.0,14948500000.0,359241000000.0,285508000000.0,73733000000.0,98657000000.0,62723000000.0,35934000000.0,54697000000.0,5718000000.0,39777000000.0,49834000000.0,125848000000.0,-76014000000.0,0,0,78328000000.0,165631000000.0,147957000000.0,-17674000000.0,-14264000000.0,93568000000.0,93568000000.0,73733000000.0,73733000000.0,172390000000.0,152061000000.0,111482000000.0,98767000000.0,-12715000000.0,-15421000000.0,-90711000000.0,-120686000000.0,15195000000.0,5991000000.0,35934000000.0,29943000000.0,12863000000.0,11698000000.0,0,112010000000.0,-25000000000.0,4481000000.0,-10932000000.0,6,21,14,3,2,9,"Financial Advisors Love Warren Buffett, but They Don’t Always Agree With Him"
2026-08-06 15:20:00+00:00,310.7250061035,310.770111084,309.6600036621,310.0400085449,723511,0.0,0.0,AAPL,苹果,Apple Inc.,USD,15,20,AAPL,305.59,4459835424768,35.044724,32.14128,1.086,0.35,1.08,0.1204,223.78,344.57,150000,7.36,41.52038,0.27618998,0.27082002,1.4875101,31.707,62399000576,84343996416,466822987776,167959003136,0.48653,0.32623002,78.445,0.812,1.003,0.66483,0.01648,2.58,14594180000,14569223952,322.2844,400.0,215.0,2.13043,41,416161000000.0,220960000000.0,195201000000.0,133050000000.0,112010000000.0,7.46,7.49,0,27601000000.0,20719000000.0,132729000000.0,144748000000.0,133050000000.0,144748000000.0,112010000000.0,11698000000.0,15004697000.0,14948500000.0,359241000000.0,285508000000.0,73733000000.0,98657000000.0,62723000000.0,35934000000.0,54697000000.0,5718000000.0,39777000000.0,49834000000.0,125848000000.0,-76014000000.0,0,0,78328000000.0,165631000000.0,147957000000.0,-17674000000.0,-14264000000.0,93568000000.0,93568000000.0,73733000000.0,73733000000.0,172390000000.0,152061000000.0,111482000000.0,98767000000.0,-12715000000.0,-15421000000.0,-90711000000.0,-120686000000.0,15195000000.0,5991000000.0,35934000000.0,29943000000.0,12863000000.0,11698000000.0,0,112010000000.0,-25000000000.0,4481000000.0,-10932000000.0,6,21,14,3,2,9,"Financial Advisors Love Warren Buffett, but They Don’t Always Agree With Him"
2026-08-06 15:25:00+00:00,310.0299987793,310.1642150879,309.7099914551,310.1000061035,512094,0.0,0.0,AAPL,苹果,Apple Inc.,USD,15,25,AAPL,305.59,4459835424768,35.044724,32.14128,1.086,0.35,1.08,0.1204,223.78,344.57,150000,7.36,41.52038,0.27618998,0.27082002,1.4875101,31.707,62399000576,84343996416,466822987776,167959003136,0.48653,0.32623002,78.445,0.812,1.003,0.66483,0.01648,2.58,14594180000,14569223952,322.2844,400.0,215.0,2.13043,41,416161000000.0,220960000000.0,195201000000.0,133050000000.0,112010000000.0,7.46,7.49,0,27601000000.0,20719000000.0,132729000000.0,144748000000.0,133050000000.0,144748000000.0,112010000000.0,11698000000.0,15004697000.0,14948500000.0,359241000000.0,285508000000.0,73733000000.0,98657000000.0,62723000000.0,35934000000.0,54697000000.0,5718000000.0,39777000000.0,49834000000.0,125848000000.0,-76014000000.0,0,0,78328000000.0,165631000000.0,147957000000.0,-17674000000.0,-14264000000.0,93568000000.0,93568000000.0,73733000000.0,73733000000.0,172390000000.0,152061000000.0,111482000000.0,98767000000.0,-12715000000.0,-15421000000.0,-90711000000.0,-120686000000.0,15195000000.0,5991000000.0,35934000000.0,29943000000.0,12863000000.0,11698000000.0,0,112010000000.0,-25000000000.0,4481000000.0,-10932000000.0,6,21,14,3,2,9,"Financial Advisors Love Warren Buffett, but They Don’t Always Agree With Him"
2026-08-06 15:30:00+00:00,310.1050109863,310.3699951172,309.7900085449,310.2149963379,491726,0.0,0.0,AAPL,苹果,Apple Inc.,USD,15,30,AAPL,305.59,4459835424768,35.044724,32.14128,1.086,0.35,1.08,0.1204,223.78,344.57,150000,7.36,41.52038,0.27618998,0.27082002,1.4875101,31.707,62399000576,84343996416,466822987776,167959003136,0.48653,0.32623002,78.445,0.812,1.003,0.66483,0.01648,2.58,14594180000,14569223952,322.2844,400.0,215.0,2.13043,41,416161000000.0,220960000000.0,195201000000.0,133050000000.0,112010000000.0,7.46,7.49,0,27601000000.0,20719000000.0,132729000000.0,144748000000.0,133050000000.0,144748000000.0,112010000000.0,11698000000.0,15004697000.0,14948500000.0,359241000000.0,285508000000.0,73733000000.0,98657000000.0,62723000000.0,35934000000.0,54697000000.0,5718000000.0,39777000000.0,49834000000.0,125848000000.0,-76014000000.0,0,0,78328000000.0,165631000000.0,147957000000.0,-17674000000.0,-14264000000.0,93568000000.0,93568000000.0,73733000000.0,73733000000.0,172390000000.0,152061000000.0,111482000000.0,98767000000.0,-12715000000.0,-15421000000.0,-90711000000.0,-120686000000.0,15195000000.0,5991000000.0,35934000000.0,29943000000.0,12863000000.0,11698000000.0,0,112010000000.0,-25000000000.0,4481000000.0,-10932000000.0,6,21,14,3,2,9,"Financial Advisors Love Warren Buffett, but They Don’t Always Agree With Him"
2026-08-06 15:35:00+00:00,310.200012207,310.4100036621,310.075012207,310.200012207,300735,0.0,0.0,AAPL,苹果,Apple Inc.,USD,15,35,AAPL,305.59,4459835424768,35.044724,32.14128,1.086,0.35,1.08,0.1204,223.78,344.57,150000,7.36,41.52038,0.27618998,0.27082002,1.4875101,31.707,62399000576,84343996416,466822987776,167959003136,0.48653,0.32623002,78.445,0.812,1.003,0.66483,0.01648,2.58,14594180000,14569223952,322.2844,400.0,215.0,2.13043,41,416161000000.0,220960000000.0,195201000000.0,133050000000.0,112010000000.0,7.46,7.49,0,27601000000.0,20719000000.0,132729000000.0,144748000000.0,133050000000.0,144748000000.0,112010000000.0,11698000000.0,15004697000.0,14948500000.0,359241000000.0,285508000000.0,73733000000.0,98657000000.0,62723000000.0,35934000000.0,54697000000.0,5718000000.0,39777000000.0,49834000000.0,125848000000.0,-76014000000.0,0,0,78328000000.0,165631000000.0,147957000000.0,-17674000000.0,-14264000000.0,93568000000.0,93568000000.0,73733000000.0,73733000000.0,172390000000.0,152061000000.0,111482000000.0,98767000000.0,-12715000000.0,-15421000000.0,-90711000000.0,-120686000000.0,15195000000.0,5991000000.0,35934000000.0,29943000000.0,12863000000.0,11698000000.0,0,112010000000.0,-25000000000.0,4481000000.0,-10932000000.0,6,21,14,3,2,9,"Financial Advisors Love Warren Buffett, but They Don’t Always Agree With Him"
2026-08-06 15:40:00+00:00,310.1799926758,310.3099975586,309.9599914551,310.0700073242,295789,0.0,0.0,AAPL,苹果,Apple Inc.,USD,15,40,AAPL,305.59,4459835424768,35.044724,32.14128,1.086,0.35,1.08,0.1204,223.78,344.57,150000,7.36,41.52038,0.27618998,0.27082002,1.4875101,31.707,62399000576,84343996416,466822987776,167959003136,0.48653,0.32623002,78.445,0.812,1.003,0.66483,0.01648,2.58,14594180000,14569223952,322.2844,400.0,215.0,2.13043,41,416161000000.0,220960000000.0,195201000000.0,133050000000.0,112010000000.0,7.46,7.49,0,27601000000.0,20719000000.0,132729000000.0,144748000000.0,133050000000.0,144748000000.0,112010000000.0,11698000000.0,15004697000.0,14948500000.0,359241000000.0,285508000000.0,73733000000.0,98657000000.0,62723000000.0,35934000000.0,54697000000.0,5718000000.0,39777000000.0,49834000000.0,125848000000.0,-76014000000.0,0,0,78328000000.0,165631000000.0,147957000000.0,-17674000000.0,-14264000000.0,93568000000.0,93568000000.0,73733000000.0,73733000000.0,172390000000.0,152061000000.0,111482000000.0,98767000000.0,-12715000000.0,-15421000000.0,-90711000000.0,-120686000000.0,15195000000.0,5991000000.0,35934000000.0,29943000000.0,12863000000.0,11698000000.0,0,112010000000.0,-25000000000.0,4481000000.0,-10932000000.0,6,21,14,3,2,9,"Financial Advisors Love Warren Buffett, but They Don’t Always Agree With Him"
2026-08-06 15:45:00+00:00,310.075012207,310.1499938965,309.7200012207,310.0450134277,326266,0.0,0.0,AAPL,苹果,Apple Inc.,USD,15,45,AAPL,305.59,4459835424768,35.044724,32.14128,1.086,0.35,1.08,0.1204,223.78,344.57,150000,7.36,41.52038,0.27618998,0.27082002,1.4875101,31.707,62399000576,84343996416,466822987776,167959003136,0.48653,0.32623002,78.445,0.812,1.003,0.66483,0.01648,2.58,14594180000,14569223952,322.2844,400.0,215.0,2.13043,41,416161000000.0,220960000000.0,195201000000.0,133050000000.0,112010000000.0,7.46,7.49,0,27601000000.0,20719000000.0,132729000000.0,144748000000.0,133050000000.0,144748000000.0,112010000000.0,11698000000.0,15004697000.0,14948500000.0,359241000000.0,285508000000.0,73733000000.0,98657000000.0,62723000000.0,35934000000.0,54697000000.0,5718000000.0,39777000000.0,49834000000.0,125848000000.0,-76014000000.0,0,0,78328000000.0,165631000000.0,147957000000.0,-17674000000.0,-14264000000.0,93568000000.0,93568000000.0,73733000000.0,73733000000.0,172390000000.0,152061000000.0,111482000000.0,98767000000.0,-12715000000.0,-15421000000.0,-90711000000.0,-120686000000.0,15195000000.0,5991000000.0,35934000000.0,29943000000.0,12863000000.0,11698000000.0,0,112010000000.0,-25000000000.0,4481000000.0,-10932000000.0,6,21,14,3,2,9,"Financial Advisors Love Warren Buffett, but They Don’t Always Agree With Him"
2026-08-06 15:50:00+00:00,310.0357971191,310.25,309.7600097656,309.8699951172,251392,0.0,0.0,AAPL,苹果,Apple Inc.,USD,15,50,AAPL,305.59,4459835424768,35.044724,32.14128,1.086,0.35,1.08,0.1204,223.78,344.57,150000,7.36,41.52038,0.27618998,0.27082002,1.4875101,31.707,62399000576,84343996416,466822987776,167959003136,0.48653,0.32623002,78.445,0.812,1.003,0.66483,0.01648,2.58,14594180000,14569223952,322.2844,400.0,215.0,2.13043,41,416161000000.0,220960000000.0,195201000000.0,133050000000.0,112010000000.0,7.46,7.49,0,27601000000.0,20719000000.0,132729000000.0,144748000000.0,133050000000.0,144748000000.0,112010000000.0,11698000000.0,15004697000.0,14948500000.0,359241000000.0,285508000000.0,73733000000.0,98657000000.0,62723000000.0,35934000000.0,54697000000.0,5718000000.0,39777000000.0,49834000000.0,125848000000.0,-76014000000.0,0,0,78328000000.0,165631000000.0,147957000000.0,-17674000000.0,-14264000000.0,93568000000.0,93568000000.0,73733000000.0,73733000000.0,172390000000.0,152061000000.0,111482000000.0,98767000000.0,-12715000000.0,-15421000000.0,-90711000000.0,-120686000000.0,15195000000.0,5991000000.0,35934000000.0,29943000000.0,12863000000.0,11698000000.0,0,112010000000.0,-25000000000.0,4481000000.0,-10932000000.0,6,21,14,3,2,9,"Financial Advisors Love Warren Buffett, but They Don’t Always Agree With Him"
2026-08-06 15:55:00+00:00,309.8699951172,309.9389953613,309.2300109863,309.5400085449,375099,0.0,0.0,AAPL,苹果,Apple Inc.,USD,15,55,AAPL,305.59,4459835424768,35.044724,32.14128,1.086,0.35,1.08,0.1204,223.78,344.57,150000,7.36,41.52038,0.27618998,0.27082002,1.4875101,31.707,62399000576,84343996416,466822987776,167959003136,0.48653,0.32623002,78.445,0.812,1.003,0.66483,0.01648,2.58,14594180000,14569223952,322.2844,400.0,215.0,2.13043,41,416161000000.0,220960000000.0,195201000000.0,133050000000.0,112010000000.0,7.46,7.49,0,27601000000.0,20719000000.0,132729000000.0,144748000000.0,133050000000.0,144748000000.0,112010000000.0,11698000000.0,15004697000.0,14948500000.0,359241000000.0,285508000000.0,73733000000.0,98657000000.0,62723000000.0,35934000000.0,54697000000.0,5718000000.0,39777000000.0,49834000000.0,125848000000.0,-76014000000.0,0,0,78328000000.0,165631000000.0,147957000000.0,-17674000000.0,-14264000000.0,93568000000.0,93568000000.0,73733000000.0,73733000000.0,172390000000.0,152061000000.0,111482000000.0,98767000000.0,-12715000000.0,-15421000000.0,-90711000000.0,-120686000000.0,15195000000.0,5991000000.0,35934000000.0,29943000000.0,12863000000.0,11698000000.0,0,112010000000.0,-25000000000.0,4481000000.0,-10932000000.0,6,21,14,3,2,9,"Financial Advisors Love Warren Buffett, but They Don’t Always Agree With Him"
2026-08-06 16:00:00+00:00,309.5299987793,309.9599914551,309.4299926758,309.9450073242,246886,0.0,0.0,AAPL,苹果,Apple Inc.,USD,16,0,AAPL,305.59,4459835424768,35.044724,32.14128,1.086,0.35,1.08,0.1204,223.78,344.57,150000,7.36,41.52038,0.27618998,0.27082002,1.4875101,31.707,62399000576,84343996416,466822987776,167959003136,0.48653,0.32623002,78.445,0.812,1.003,0.66483,0.01648,2.58,14594180000,14569223952,322.2844,400.0,215.0,2.13043,41,416161000000.0,220960000000.0,195201000000.0,133050000000.0,112010000000.0,7.46,7.49,0,27601000000.0,20719000000.0,132729000000.0,144748000000.0,133050000000.0,144748000000.0,112010000000.0,11698000000.0,15004697000.0,14948500000.0,359241000000.0,285508000000.0,73733000000.0,98657000000.0,62723000000.0,35934000000.0,54697000000.0,5718000000.0,39777000000.0,49834000000.0,125848000000.0,-76014000000.0,0,0,78328000000.0,165631000000.0,147957000000.0,-17674000000.0,-14264000000.0,93568000000.0,93568000000.0,73733000000.0,73733000000.0,172390000000.0,152061000000.0,111482000000.0,98767000000.0,-12715000000.0,-15421000000.0,-90711000000.0,-120686000000.0,15195000000.0,5991000000.0,35934000000.0,29943000000.0,12863000000.0,11698000000.0,0,112010000000.0,-25000000000.0,4481000000.0,-10932000000.0,6,21,14,3,2,9,"Financial Advisors Love Warren Buffett, but They Don’t Always Agree With Him"
2026-08-06 16:05:00+00:00,309.950012207,309.969909668,309.25,309.8900146484,420199,0.0,0.0,AAPL,苹果,Apple Inc.,USD,16,5,AAPL,305.59,4459835424768,35.044724,32.14128,1.086,0.35,1.08,0.1204,223.78,344.57,150000,7.36,41.52038,0.27618998,0.27082002,1.4875101,31.707,62399000576,84343996416,466822987776,167959003136,0.48653,0.32623002,78.445,0.812,1.003,0.66483,0.01648,2.58,14594180000,14569223952,322.2844,400.0,215.0,2.13043,41,416161000000.0,220960000000.0,195201000000.0,133050000000.0,112010000000.0,7.46,7.49,0,27601000000.0,20719000000.0,132729000000.0,144748000000.0,133050000000.0,144748000000.0,112010000000.0,11698000000.0,15004697000.0,14948500000.0,359241000000.0,285508000000.0,73733000000.0,98657000000.0,62723000000.0,35934000000.0,54697000000.0,5718000000.0,39777000000.0,49834000000.0,125848000000.0,-76014000000.0,0,0,78328000000.0,165631000000.0,147957000000.0,-17674000000.0,-14264000000.0,93568000000.0,93568000000.0,73733000000.0,73733000000.0,172390000000.0,152061000000.0,111482000000.0,98767000000.0,-12715000000.0,-15421000000.0,-90711000000.0,-120686000000.0,15195000000.0,5991000000.0,35934000000.0,29943000000.0,12863000000.0,11698000000.0,0,112010000000.0,-25000000000.0,4481000000.0,-10932000000.0,6,21,14,3,2,9,"Financial Advisors Love Warren Buffett, but They Don’t Always Agree With Him"
2026-08-06 16:10:00+00:00,309.8900146484,310.0799865723,309.700012207,309.9800109863,203943,0.0,0.0,AAPL,苹果,Apple Inc.,USD,16,10,AAPL,305.59,4459835424768,35.044724,32.14128,1.086,0.35,1.08,0.1204,223.78,344.57,150000,7.36,41.52038,0.27618998,0.27082002,1.4875101,31.707,62399000576,84343996416,466822987776,167959003136,0.48653,0.32623002,78.445,0.812,1.003,0.66483,0.01648,2.58,14594180000,14569223952,322.2844,400.0,215.0,2.13043,41,416161000000.0,220960000000.0,195201000000.0,133050000000.0,112010000000.0,7.46,7.49,0,27601000000.0,20719000000.0,132729000000.0,144748000000.0,133050000000.0,144748000000.0,112010000000.0,11698000000.0,15004697000.0,14948500000.0,359241000000.0,285508000000.0,73733000000.0,98657000000.0,62723000000.0,35934000000.0,54697000000.0,5718000000.0,39777000000.0,49834000000.0,125848000000.0,-76014000000.0,0,0,78328000000.0,165631000000.0,147957000000.0,-17674000000.0,-14264000000.0,93568000000.0,93568000000.0,73733000000.0,73733000000.0,172390000000.0,152061000000.0,111482000000.0,98767000000.0,-12715000000.0,-15421000000.0,-90711000000.0,-120686000000.0,15195000000.0,5991000000.0,35934000000.0,29943000000.0,12863000000.0,11698000000.0,0,112010000000.0,-25000000000.0,4481000000.0,-10932000000.0,6,21,14,3,2,9,"Financial Advisors Love Warren Buffett, but They Don’t Always Agree With Him"
2026-08-06 16:15:00+00:00,309.9800109863,310.4999084473,309.799987793,310.4999084473,269435,0.0,0.0,AAPL,苹果,Apple Inc.,USD,16,15,AAPL,305.59,4459835424768,35.044724,32.14128,1.086,0.35,1.08,0.1204,223.78,344.57,150000,7.36,41.52038,0.27618998,0.27082002,1.4875101,31.707,62399000576,84343996416,466822987776,167959003136,0.48653,0.32623002,78.445,0.812,1.003,0.66483,0.01648,2.58,14594180000,14569223952,322.2844,400.0,215.0,2.13043,41,416161000000.0,220960000000.0,195201000000.0,133050000000.0,112010000000.0,7.46,7.49,0,27601000000.0,20719000000.0,132729000000.0,144748000000.0,133050000000.0,144748000000.0,112010000000.0,11698000000.0,15004697000.0,14948500000.0,359241000000.0,285508000000.0,73733000000.0,98657000000.0,62723000000.0,35934000000.0,54697000000.0,5718000000.0,39777000000.0,49834000000.0,125848000000.0,-76014000000.0,0,0,78328000000.0,165631000000.0,147957000000.0,-17674000000.0,-14264000000.0,93568000000.0,93568000000.0,73733000000.0,73733000000.0,172390000000.0,152061000000.0,111482000000.0,98767000000.0,-12715000000.0,-15421000000.0,-90711000000.0,-120686000000.0,15195000000.0,5991000000.0,35934000000.0,29943000000.0,12863000000.0,11698000000.0,0,112010000000.0,-25000000000.0,4481000000.0,-10932000000.0,6,21,14,3,2,9,"Financial Advisors Love Warren Buffett, but They Don’t Always Agree With Him"
2026-08-06 16:20:00+00:00,310.5,311.049987793,310.4349975586,310.9599914551,319010,0.0,0.0,AAPL,苹果,Apple Inc.,USD,16,20,AAPL,305.59,4459835424768,35.044724,32.14128,1.086,0.35,1.08,0.1204,223.78,344.57,150000,7.36,41.52038,0.27618998,0.27082002,1.4875101,31.707,62399000576,84343996416,466822987776,167959003136,0.48653,0.32623002,78.445,0.812,1.003,0.66483,0.01648,2.58,14594180000,14569223952,322.2844,400.0,215.0,2.13043,41,416161000000.0,220960000000.0,195201000000.0,133050000000.0,112010000000.0,7.46,7.49,0,27601000000.0,20719000000.0,132729000000.0,144748000000.0,133050000000.0,144748000000.0,112010000000.0,11698000000.0,15004697000.0,14948500000.0,359241000000.0,285508000000.0,73733000000.0,98657000000.0,62723000000.0,35934000000.0,54697000000.0,5718000000.0,39777000000.0,49834000000.0,125848000000.0,-76014000000.0,0,0,78328000000.0,165631000000.0,147957000000.0,-17674000000.0,-14264000000.0,93568000000.0,93568000000.0,73733000000.0,73733000000.0,172390000000.0,152061000000.0,111482000000.0,98767000000.0,-12715000000.0,-15421000000.0,-90711000000.0,-120686000000.0,15195000000.0,5991000000.0,35934000000.0,29943000000.0,12863000000.0,11698000000.0,0,112010000000.0,-25000000000.0,4481000000.0,-10932000000.0,6,21,14,3,2,9,"Financial Advisors Love Warren Buffett, but They Don’t Always Agree With Him"
2026-08-06 16:25:00+00:00,310.9400024414,311.2600097656,310.7300109863,311.1570129395,274063,0.0,0.0,AAPL,苹果,Apple Inc.,USD,16,25,AAPL,305.59,4459835424768,35.044724,32.14128,1.086,0.35,1.08,0.1204,223.78,344.57,150000,7.36,41.52038,0.27618998,0.27082002,1.4875101,31.707,62399000576,84343996416,466822987776,167959003136,0.48653,0.32623002,78.445,0.812,1.003,0.66483,0.01648,2.58,14594180000,14569223952,322.2844,400.0,215.0,2.13043,41,416161000000.0,220960000000.0,195201000000.0,133050000000.0,112010000000.0,7.46,7.49,0,27601000000.0,20719000000.0,132729000000.0,144748000000.0,133050000000.0,144748000000.0,112010000000.0,11698000000.0,15004697000.0,14948500000.0,359241000000.0,285508000000.0,73733000000.0,98657000000.0,62723000000.0,35934000000.0,54697000000.0,5718000000.0,39777000000.0,49834000000.0,125848000000.0,-76014000000.0,0,0,78328000000.0,165631000000.0,147957000000.0,-17674000000.0,-14264000000.0,93568000000.0,93568000000.0,73733000000.0,73733000000.0,172390000000.0,152061000000.0,111482000000.0,98767000000.0,-12715000000.0,-15421000000.0,-90711000000.0,-120686000000.0,15195000000.0,5991000000.0,35934000000.0,29943000000.0,12863000000.0,11698000000.0,0,112010000000.0,-25000000000.0,4481000000.0,-10932000000.0,6,21,14,3,2,9,"Financial Advisors Love Warren Buffett, but They Don’t Always Agree With Him"
2026-08-06 16:30:00+00:00,311.1600036621,311.4198913574,311.1199951172,311.3823852539,231959,0.0,0.0,AAPL,苹果,Apple Inc.,USD,16,30,AAPL,305.59,4459835424768,35.044724,32.14128,1.086,0.35,1.08,0.1204,223.78,344.57,150000,7.36,41.52038,0.27618998,0.27082002,1.4875101,31.707,62399000576,84343996416,466822987776,167959003136,0.48653,0.32623002,78.445,0.812,1.003,0.66483,0.01648,2.58,14594180000,14569223952,322.2844,400.0,215.0,2.13043,41,416161000000.0,220960000000.0,195201000000.0,133050000000.0,112010000000.0,7.46,7.49,0,27601000000.0,20719000000.0,132729000000.0,144748000000.0,133050000000.0,144748000000.0,112010000000.0,11698000000.0,15004697000.0,14948500000.0,359241000000.0,285508000000.0,73733000000.0,98657000000.0,62723000000.0,35934000000.0,54697000000.0,5718000000.0,39777000000.0,49834000000.0,125848000000.0,-76014000000.0,0,0,78328000000.0,165631000000.0,147957000000.0,-17674000000.0,-14264000000.0,93568000000.0,93568000000.0,73733000000.0,73733000000.0,172390000000.0,152061000000.0,111482000000.0,98767000000.0,-12715000000.0,-15421000000.0,-90711000000.0,-120686000000.0,15195000000.0,5991000000.0,35934000000.0,29943000000.0,12863000000.0,11698000000.0,0,112010000000.0,-25000000000.0,4481000000.0,-10932000000.0,6,21,14,3,2,9,"Financial Advisors Love Warren Buffett, but They Don’t Always Agree With Him"
2026-08-06 16:35:00+00:00,311.3900146484,311.6700134277,311.3399963379,311.6199951172,254623,0.0,0.0,AAPL,苹果,Apple Inc.,USD,16,35,AAPL,305.59,4459835424768,35.044724,32.14128,1.086,0.35,1.08,0.1204,223.78,344.57,150000,7.36,41.52038,0.27618998,0.27082002,1.4875101,31.707,62399000576,84343996416,466822987776,167959003136,0.48653,0.32623002,78.445,0.812,1.003,0.66483,0.01648,2.58,14594180000,14569223952,322.2844,400.0,215.0,2.13043,41,416161000000.0,220960000000.0,195201000000.0,133050000000.0,112010000000.0,7.46,7.49,0,27601000000.0,20719000000.0,132729000000.0,144748000000.0,133050000000.0,144748000000.0,112010000000.0,11698000000.0,15004697000.0,14948500000.0,359241000000.0,285508000000.0,73733000000.0,98657000000.0,62723000000.0,35934000000.0,54697000000.0,5718000000.0,39777000000.0,49834000000.0,125848000000.0,-76014000000.0,0,0,78328000000.0,165631000000.0,147957000000.0,-17674000000.0,-14264000000.0,93568000000.0,93568000000.0,73733000000.0,73733000000.0,172390000000.0,152061000000.0,111482000000.0,98767000000.0,-12715000000.0,-15421000000.0,-90711000000.0,-120686000000.0,15195000000.0,5991000000.0,35934000000.0,29943000000.0,12863000000.0,11698000000.0,0,112010000000.0,-25000000000.0,4481000000.0,-10932000000.0,6,21,14,3,2,9,"Financial Advisors Love Warren Buffett, but They Don’t Always Agree With Him"
2026-08-06 16:40:00+00:00,311.6199951172,311.6300048828,311.2600097656,311.3599853516,221975,0.0,0.0,AAPL,苹果,Apple Inc.,USD,16,40,AAPL,305.59,4459835424768,35.044724,32.14128,1.086,0.35,1.08,0.1204,223.78,344.57,150000,7.36,41.52038,0.27618998,0.27082002,1.4875101,31.707,62399000576,84343996416,466822987776,167959003136,0.48653,0.32623002,78.445,0.812,1.003,0.66483,0.01648,2.58,14594180000,14569223952,322.2844,400.0,215.0,2.13043,41,416161000000.0,220960000000.0,195201000000.0,133050000000.0,112010000000.0,7.46,7.49,0,27601000000.0,20719000000.0,132729000000.0,144748000000.0,133050000000.0,144748000000.0,112010000000.0,11698000000.0,15004697000.0,14948500000.0,359241000000.0,285508000000.0,73733000000.0,98657000000.0,62723000000.0,35934000000.0,54697000000.0,5718000000.0,39777000000.0,49834000000.0,125848000000.0,-76014000000.0,0,0,78328000000.0,165631000000.0,147957000000.0,-17674000000.0,-14264000000.0,93568000000.0,93568000000.0,73733000000.0,73733000000.0,172390000000.0,152061000000.0,111482000000.0,98767000000.0,-12715000000.0,-15421000000.0,-90711000000.0,-120686000000.0,15195000000.0,5991000000.0,35934000000.0,29943000000.0,12863000000.0,11698000000.0,0,112010000000.0,-25000000000.0,4481000000.0,-10932000000.0,6,21,14,3,2,9,"Financial Advisors Love Warren Buffett, but They Don’t Always Agree With Him"
2026-08-06 16:45:00+00:00,311.3649902344,311.5599975586,311.2799987793,311.5199890137,201616,0.0,0.0,AAPL,苹果,Apple Inc.,USD,16,45,AAPL,305.59,4459835424768,35.044724,32.14128,1.086,0.35,1.08,0.1204,223.78,344.57,150000,7.36,41.52038,0.27618998,0.27082002,1.4875101,31.707,62399000576,84343996416,466822987776,167959003136,0.48653,0.32623002,78.445,0.812,1.003,0.66483,0.01648,2.58,14594180000,14569223952,322.2844,400.0,215.0,2.13043,41,416161000000.0,220960000000.0,195201000000.0,133050000000.0,112010000000.0,7.46,7.49,0,27601000000.0,20719000000.0,132729000000.0,144748000000.0,133050000000.0,144748000000.0,112010000000.0,11698000000.0,15004697000.0,14948500000.0,359241000000.0,285508000000.0,73733000000.0,98657000000.0,62723000000.0,35934000000.0,54697000000.0,5718000000.0,39777000000.0,49834000000.0,125848000000.0,-76014000000.0,0,0,78328000000.0,165631000000.0,147957000000.0,-17674000000.0,-14264000000.0,93568000000.0,93568000000.0,73733000000.0,73733000000.0,172390000000.0,152061000000.0,111482000000.0,98767000000.0,-12715000000.0,-15421000000.0,-90711000000.0,-120686000000.0,15195000000.0,5991000000.0,35934000000.0,29943000000.0,12863000000.0,11698000000.0,0,112010000000.0,-25000000000.0,4481000000.0,-10932000000.0,6,21,14,3,2,9,"Financial Advisors Love Warren Buffett, but They Don’t Always Agree With Him"
2026-08-06 16:50:00+00:00,311.5050048828,311.5310058594,311.3349914551,311.5299987793,167131,0.0,0.0,AAPL,苹果,Apple Inc.,USD,16,50,AAPL,305.59,4459835424768,35.044724,32.14128,1.086,0.35,1.08,0.1204,223.78,344.57,150000,7.36,41.52038,0.27618998,0.27082002,1.4875101,31.707,62399000576,84343996416,466822987776,167959003136,0.48653,0.32623002,78.445,0.812,1.003,0.66483,0.01648,2.58,14594180000,14569223952,322.2844,400.0,215.0,2.13043,41,416161000000.0,220960000000.0,195201000000.0,133050000000.0,112010000000.0,7.46,7.49,0,27601000000.0,20719000000.0,132729000000.0,144748000000.0,133050000000.0,144748000000.0,112010000000.0,11698000000.0,15004697000.0,14948500000.0,359241000000.0,285508000000.0,73733000000.0,98657000000.0,62723000000.0,35934000000.0,54697000000.0,5718000000.0,39777000000.0,49834000000.0,125848000000.0,-76014000000.0,0,0,78328000000.0,165631000000.0,147957000000.0,-17674000000.0,-14264000000.0,93568000000.0,93568000000.0,73733000000.0,73733000000.0,172390000000.0,152061000000.0,111482000000.0,98767000000.0,-12715000000.0,-15421000000.0,-90711000000.0,-120686000000.0,15195000000.0,5991000000.0,35934000000.0,29943000000.0,12863000000.0,11698000000.0,0,112010000000.0,-25000000000.0,4481000000.0,-10932000000.0,6,21,14,3,2,9,"Financial Advisors Love Warren Buffett, but They Don’t Always Agree With Him"
2026-08-06 16:55:00+00:00,311.5241088867,311.7600097656,311.4599914551,311.6600036621,215218,0.0,0.0,AAPL,苹果,Apple Inc.,USD,16,55,AAPL,305.59,4459835424768,35.044724,32.14128,1.086,0.35,1.08,0.1204,223.78,344.57,150000,7.36,41.52038,0.27618998,0.27082002,1.4875101,31.707,62399000576,84343996416,466822987776,167959003136,0.48653,0.32623002,78.445,0.812,1.003,0.66483,0.01648,2.58,14594180000,14569223952,322.2844,400.0,215.0,2.13043,41,416161000000.0,220960000000.0,195201000000.0,133050000000.0,112010000000.0,7.46,7.49,0,27601000000.0,20719000000.0,132729000000.0,144748000000.0,133050000000.0,144748000000.0,112010000000.0,11698000000.0,15004697000.0,14948500000.0,359241000000.0,285508000000.0,73733000000.0,98657000000.0,62723000000.0,35934000000.0,54697000000.0,5718000000.0,39777000000.0,49834000000.0,125848000000.0,-76014000000.0,0,0,78328000000.0,165631000000.0,147957000000.0,-17674000000.0,-14264000000.0,93568000000.0,93568000000.0,73733000000.0,73733000000.0,172390000000.0,152061000000.0,111482000000.0,98767000000.0,-12715000000.0,-15421000000.0,-90711000000.0,-120686000000.0,15195000000.0,5991000000.0,35934000000.0,29943000000.0,12863000000.0,11698000000.0,0,112010000000.0,-25000000000.0,4481000000.0,-10932000000.0,6,21,14,3,2,9,"Financial Advisors Love Warren Buffett, but They Don’t Always Agree With Him"
2026-08-06 17:00:00+00:00,311.6499938965,311.7600097656,311.4307861328,311.4899902344,164134,0.0,0.0,AAPL,苹果,Apple Inc.,USD,17,0,AAPL,305.59,4459835424768,35.044724,32.14128,1.086,0.35,1.08,0.1204,223.78,344.57,150000,7.36,41.52038,0.27618998,0.27082002,1.4875101,31.707,62399000576,84343996416,466822987776,167959003136,0.48653,0.32623002,78.445,0.812,1.003,0.66483,0.01648,2.58,14594180000,14569223952,322.2844,400.0,215.0,2.13043,41,416161000000.0,220960000000.0,195201000000.0,133050000000.0,112010000000.0,7.46,7.49,0,27601000000.0,20719000000.0,132729000000.0,144748000000.0,133050000000.0,144748000000.0,112010000000.0,11698000000.0,15004697000.0,14948500000.0,359241000000.0,285508000000.0,73733000000.0,98657000000.0,62723000000.0,35934000000.0,54697000000.0,5718000000.0,39777000000.0,49834000000.0,125848000000.0,-76014000000.0,0,0,78328000000.0,165631000000.0,147957000000.0,-17674000000.0,-14264000000.0,93568000000.0,93568000000.0,73733000000.0,73733000000.0,172390000000.0,152061000000.0,111482000000.0,98767000000.0,-12715000000.0,-15421000000.0,-90711000000.0,-120686000000.0,15195000000.0,5991000000.0,35934000000.0,29943000000.0,12863000000.0,11698000000.0,0,112010000000.0,-25000000000.0,4481000000.0,-10932000000.0,6,21,14,3,2,9,"Financial Advisors Love Warren Buffett, but They Don’t Always Agree With Him"
2026-08-06 17:05:00+00:00,311.5098876953,311.5599975586,310.7099914551,310.720703125,354029,0.0,0.0,AAPL,苹果,Apple Inc.,USD,17,5,AAPL,305.59,4459835424768,35.044724,32.14128,1.086,0.35,1.08,0.1204,223.78,344.57,150000,7.36,41.52038,0.27618998,0.27082002,1.4875101,31.707,62399000576,84343996416,466822987776,167959003136,0.48653,0.32623002,78.445,0.812,1.003,0.66483,0.01648,2.58,14594180000,14569223952,322.2844,400.0,215.0,2.13043,41,416161000000.0,220960000000.0,195201000000.0,133050000000.0,112010000000.0,7.46,7.49,0,27601000000.0,20719000000.0,132729000000.0,144748000000.0,133050000000.0,144748000000.0,112010000000.0,11698000000.0,15004697000.0,14948500000.0,359241000000.0,285508000000.0,73733000000.0,98657000000.0,62723000000.0,35934000000.0,54697000000.0,5718000000.0,39777000000.0,49834000000.0,125848000000.0,-76014000000.0,0,0,78328000000.0,165631000000.0,147957000000.0,-17674000000.0,-14264000000.0,93568000000.0,93568000000.0,73733000000.0,73733000000.0,172390000000.0,152061000000.0,111482000000.0,98767000000.0,-12715000000.0,-15421000000.0,-90711000000.0,-120686000000.0,15195000000.0,5991000000.0,35934000000.0,29943000000.0,12863000000.0,11698000000.0,0,112010000000.0,-25000000000.0,4481000000.0,-10932000000.0,6,21,14,3,2,9,"Financial Advisors Love Warren Buffett, but They Don’t Always Agree With Him"
2026-08-06 17:10:00+00:00,310.7300109863,310.9200134277,310.7300109863,310.8850097656,1236897,0.0,0.0,AAPL,苹果,Apple Inc.,USD,17,10,AAPL,305.59,4459835424768,35.044724,32.14128,1.086,0.35,1.08,0.1204,223.78,344.57,150000,7.36,41.52038,0.27618998,0.27082002,1.4875101,31.707,62399000576,84343996416,466822987776,167959003136,0.48653,0.32623002,78.445,0.812,1.003,0.66483,0.01648,2.58,14594180000,14569223952,322.2844,400.0,215.0,2.13043,41,416161000000.0,220960000000.0,195201000000.0,133050000000.0,112010000000.0,7.46,7.49,0,27601000000.0,20719000000.0,132729000000.0,144748000000.0,133050000000.0,144748000000.0,112010000000.0,11698000000.0,15004697000.0,14948500000.0,359241000000.0,285508000000.0,73733000000.0,98657000000.0,62723000000.0,35934000000.0,54697000000.0,5718000000.0,39777000000.0,49834000000.0,125848000000.0,-76014000000.0,0,0,78328000000.0,165631000000.0,147957000000.0,-17674000000.0,-14264000000.0,93568000000.0,93568000000.0,73733000000.0,73733000000.0,172390000000.0,152061000000.0,111482000000.0,98767000000.0,-12715000000.0,-15421000000.0,-90711000000.0,-120686000000.0,15195000000.0,5991000000.0,35934000000.0,29943000000.0,12863000000.0,11698000000.0,0,112010000000.0,-25000000000.0,4481000000.0,-10932000000.0,6,21,14,3,2,9,"Financial Advisors Love Warren Buffett, but They Don’t Always Agree With Him"
2026-08-06 17:15:00+00:00,310.8900146484,311.200012207,310.8850097656,311.1099853516,222145,0.0,0.0,AAPL,苹果,Apple Inc.,USD,17,15,AAPL,305.59,4459835424768,35.044724,32.14128,1.086,0.35,1.08,0.1204,223.78,344.57,150000,7.36,41.52038,0.27618998,0.27082002,1.4875101,31.707,62399000576,84343996416,466822987776,167959003136,0.48653,0.32623002,78.445,0.812,1.003,0.66483,0.01648,2.58,14594180000,14569223952,322.2844,400.0,215.0,2.13043,41,416161000000.0,220960000000.0,195201000000.0,133050000000.0,112010000000.0,7.46,7.49,0,27601000000.0,20719000000.0,132729000000.0,144748000000.0,133050000000.0,144748000000.0,112010000000.0,11698000000.0,15004697000.0,14948500000.0,359241000000.0,285508000000.0,73733000000.0,98657000000.0,62723000000.0,35934000000.0,54697000000.0,5718000000.0,39777000000.0,49834000000.0,125848000000.0,-76014000000.0,0,0,78328000000.0,165631000000.0,147957000000.0,-17674000000.0,-14264000000.0,93568000000.0,93568000000.0,73733000000.0,73733000000.0,172390000000.0,152061000000.0,111482000000.0,98767000000.0,-12715000000.0,-15421000000.0,-90711000000.0,-120686000000.0,15195000000.0,5991000000.0,35934000000.0,29943000000.0,12863000000.0,11698000000.0,0,112010000000.0,-25000000000.0,4481000000.0,-10932000000.0,6,21,14,3,2,9,"Financial Advisors Love Warren Buffett, but They Don’t Always Agree With Him"
2026-08-06 17:20:00+00:00,311.1149902344,311.25,311.0400085449,311.2449951172,296184,0.0,0.0,AAPL,苹果,Apple Inc.,USD,17,20,AAPL,305.59,4459835424768,35.044724,32.14128,1.086,0.35,1.08,0.1204,223.78,344.57,150000,7.36,41.52038,0.27618998,0.27082002,1.4875101,31.707,62399000576,84343996416,466822987776,167959003136,0.48653,0.32623002,78.445,0.812,1.003,0.66483,0.01648,2.58,14594180000,14569223952,322.2844,400.0,215.0,2.13043,41,416161000000.0,220960000000.0,195201000000.0,133050000000.0,112010000000.0,7.46,7.49,0,27601000000.0,20719000000.0,132729000000.0,144748000000.0,133050000000.0,144748000000.0,112010000000.0,11698000000.0,15004697000.0,14948500000.0,359241000000.0,285508000000.0,73733000000.0,98657000000.0,62723000000.0,35934000000.0,54697000000.0,5718000000.0,39777000000.0,49834000000.0,125848000000.0,-76014000000.0,0,0,78328000000.0,165631000000.0,147957000000.0,-17674000000.0,-14264000000.0,93568000000.0,93568000000.0,73733000000.0,73733000000.0,172390000000.0,152061000000.0,111482000000.0,98767000000.0,-12715000000.0,-15421000000.0,-90711000000.0,-120686000000.0,15195000000.0,5991000000.0,35934000000.0,29943000000.0,12863000000.0,11698000000.0,0,112010000000.0,-25000000000.0,4481000000.0,-10932000000.0,6,21,14,3,2,9,"Financial Advisors Love Warren Buffett, but They Don’t Always Agree With Him"
2026-08-06 17:25:00+00:00,311.2300109863,311.2399902344,311.0799865723,311.200592041,182513,0.0,0.0,AAPL,苹果,Apple Inc.,USD,17,25,AAPL,305.59,4459835424768,35.044724,32.14128,1.086,0.35,1.08,0.1204,223.78,344.57,150000,7.36,41.52038,0.27618998,0.27082002,1.4875101,31.707,62399000576,84343996416,466822987776,167959003136,0.48653,0.32623002,78.445,0.812,1.003,0.66483,0.01648,2.58,14594180000,14569223952,322.2844,400.0,215.0,2.13043,41,416161000000.0,220960000000.0,195201000000.0,133050000000.0,112010000000.0,7.46,7.49,0,27601000000.0,20719000000.0,132729000000.0,144748000000.0,133050000000.0,144748000000.0,112010000000.0,11698000000.0,15004697000.0,14948500000.0,359241000000.0,285508000000.0,73733000000.0,98657000000.0,62723000000.0,35934000000.0,54697000000.0,5718000000.0,39777000000.0,49834000000.0,125848000000.0,-76014000000.0,0,0,78328000000.0,165631000000.0,147957000000.0,-17674000000.0,-14264000000.0,93568000000.0,93568000000.0,73733000000.0,73733000000.0,172390000000.0,152061000000.0,111482000000.0,98767000000.0,-12715000000.0,-15421000000.0,-90711000000.0,-120686000000.0,15195000000.0,5991000000.0,35934000000.0,29943000000.0,12863000000.0,11698000000.0,0,112010000000.0,-25000000000.0,4481000000.0,-10932000000.0,6,21,14,3,2,9,"Financial Advisors Love Warren Buffett, but They Don’t Always Agree With Him"
2026-08-06 17:30:00+00:00,311.2099914551,311.4299926758,311.1801147461,311.3940124512,199330,0.0,0.0,AAPL,苹果,Apple Inc.,USD,17,30,AAPL,305.59,4459835424768,35.044724,32.14128,1.086,0.35,1.08,0.1204,223.78,344.57,150000,7.36,41.52038,0.27618998,0.27082002,1.4875101,31.707,62399000576,84343996416,466822987776,167959003136,0.48653,0.32623002,78.445,0.812,1.003,0.66483,0.01648,2.58,14594180000,14569223952,322.2844,400.0,215.0,2.13043,41,416161000000.0,220960000000.0,195201000000.0,133050000000.0,112010000000.0,7.46,7.49,0,27601000000.0,20719000000.0,132729000000.0,144748000000.0,133050000000.0,144748000000.0,112010000000.0,11698000000.0,15004697000.0,14948500000.0,359241000000.0,285508000000.0,73733000000.0,98657000000.0,62723000000.0,35934000000.0,54697000000.0,5718000000.0,39777000000.0,49834000000.0,125848000000.0,-76014000000.0,0,0,78328000000.0,165631000000.0,147957000000.0,-17674000000.0,-14264000000.0,93568000000.0,93568000000.0,73733000000.0,73733000000.0,172390000000.0,152061000000.0,111482000000.0,98767000000.0,-12715000000.0,-15421000000.0,-90711000000.0,-120686000000.0,15195000000.0,5991000000.0,35934000000.0,29943000000.0,12863000000.0,11698000000.0,0,112010000000.0,-25000000000.0,4481000000.0,-10932000000.0,6,21,14,3,2,9,"Financial Advisors Love Warren Buffett, but They Don’t Always Agree With Him"
2026-08-06 17:35:00+00:00,311.3949890137,311.4498901367,311.2901000977,311.3999938965,168490,0.0,0.0,AAPL,苹果,Apple Inc.,USD,17,35,AAPL,305.59,4459835424768,35.044724,32.14128,1.086,0.35,1.08,0.1204,223.78,344.57,150000,7.36,41.52038,0.27618998,0.27082002,1.4875101,31.707,62399000576,84343996416,466822987776,167959003136,0.48653,0.32623002,78.445,0.812,1.003,0.66483,0.01648,2.58,14594180000,14569223952,322.2844,400.0,215.0,2.13043,41,416161000000.0,220960000000.0,195201000000.0,133050000000.0,112010000000.0,7.46,7.49,0,27601000000.0,20719000000.0,132729000000.0,144748000000.0,133050000000.0,144748000000.0,112010000000.0,11698000000.0,15004697000.0,14948500000.0,359241000000.0,285508000000.0,73733000000.0,98657000000.0,62723000000.0,35934000000.0,54697000000.0,5718000000.0,39777000000.0,49834000000.0,125848000000.0,-76014000000.0,0,0,78328000000.0,165631000000.0,147957000000.0,-17674000000.0,-14264000000.0,93568000000.0,93568000000.0,73733000000.0,73733000000.0,172390000000.0,152061000000.0,111482000000.0,98767000000.0,-12715000000.0,-15421000000.0,-90711000000.0,-120686000000.0,15195000000.0,5991000000.0,35934000000.0,29943000000.0,12863000000.0,11698000000.0,0,112010000000.0,-25000000000.0,4481000000.0,-10932000000.0,6,21,14,3,2,9,"Financial Advisors Love Warren Buffett, but They Don’t Always Agree With Him"
2026-08-06 17:40:00+00:00,311.3949890137,311.5700073242,311.3299865723,311.5700073242,148904,0.0,0.0,AAPL,苹果,Apple Inc.,USD,17,40,AAPL,305.59,4459835424768,35.044724,32.14128,1.086,0.35,1.08,0.1204,223.78,344.57,150000,7.36,41.52038,0.27618998,0.27082002,1.4875101,31.707,62399000576,84343996416,466822987776,167959003136,0.48653,0.32623002,78.445,0.812,1.003,0.66483,0.01648,2.58,14594180000,14569223952,322.2844,400.0,215.0,2.13043,41,416161000000.0,220960000000.0,195201000000.0,133050000000.0,112010000000.0,7.46,7.49,0,27601000000.0,20719000000.0,132729000000.0,144748000000.0,133050000000.0,144748000000.0,112010000000.0,11698000000.0,15004697000.0,14948500000.0,359241000000.0,285508000000.0,73733000000.0,98657000000.0,62723000000.0,35934000000.0,54697000000.0,5718000000.0,39777000000.0,49834000000.0,125848000000.0,-76014000000.0,0,0,78328000000.0,165631000000.0,147957000000.0,-17674000000.0,-14264000000.0,93568000000.0,93568000000.0,73733000000.0,73733000000.0,172390000000.0,152061000000.0,111482000000.0,98767000000.0,-12715000000.0,-15421000000.0,-90711000000.0,-120686000000.0,15195000000.0,5991000000.0,35934000000.0,29943000000.0,12863000000.0,11698000000.0,0,112010000000.0,-25000000000.0,4481000000.0,-10932000000.0,6,21,14,3,2,9,"Financial Advisors Love Warren Buffett, but They Don’t Always Agree With Him"
2026-08-06 17:45:00+00:00,311.5600891113,311.5799865723,311.4502868652,311.5400085449,159378,0.0,0.0,AAPL,苹果,Apple Inc.,USD,17,45,AAPL,305.59,4459835424768,35.044724,32.14128,1.086,0.35,1.08,0.1204,223.78,344.57,150000,7.36,41.52038,0.27618998,0.27082002,1.4875101,31.707,62399000576,84343996416,466822987776,167959003136,0.48653,0.32623002,78.445,0.812,1.003,0.66483,0.01648,2.58,14594180000,14569223952,322.2844,400.0,215.0,2.13043,41,416161000000.0,220960000000.0,195201000000.0,133050000000.0,112010000000.0,7.46,7.49,0,27601000000.0,20719000000.0,132729000000.0,144748000000.0,133050000000.0,144748000000.0,112010000000.0,11698000000.0,15004697000.0,14948500000.0,359241000000.0,285508000000.0,73733000000.0,98657000000.0,62723000000.0,35934000000.0,54697000000.0,5718000000.0,39777000000.0,49834000000.0,125848000000.0,-76014000000.0,0,0,78328000000.0,165631000000.0,147957000000.0,-17674000000.0,-14264000000.0,93568000000.0,93568000000.0,73733000000.0,73733000000.0,172390000000.0,152061000000.0,111482000000.0,98767000000.0,-12715000000.0,-15421000000.0,-90711000000.0,-120686000000.0,15195000000.0,5991000000.0,35934000000.0,29943000000.0,12863000000.0,11698000000.0,0,112010000000.0,-25000000000.0,4481000000.0,-10932000000.0,6,21,14,3,2,9,"Financial Advisors Love Warren Buffett, but They Don’t Always Agree With Him"
2026-08-06 17:50:00+00:00,311.5400085449,311.950012207,311.5299987793,311.9299926758,223541,0.0,0.0,AAPL,苹果,Apple Inc.,USD,17,50,AAPL,305.59,4459835424768,35.044724,32.14128,1.086,0.35,1.08,0.1204,223.78,344.57,150000,7.36,41.52038,0.27618998,0.27082002,1.4875101,31.707,62399000576,84343996416,466822987776,167959003136,0.48653,0.32623002,78.445,0.812,1.003,0.66483,0.01648,2.58,14594180000,14569223952,322.2844,400.0,215.0,2.13043,41,416161000000.0,220960000000.0,195201000000.0,133050000000.0,112010000000.0,7.46,7.49,0,27601000000.0,20719000000.0,132729000000.0,144748000000.0,133050000000.0,144748000000.0,112010000000.0,11698000000.0,15004697000.0,14948500000.0,359241000000.0,285508000000.0,73733000000.0,98657000000.0,62723000000.0,35934000000.0,54697000000.0,5718000000.0,39777000000.0,49834000000.0,125848000000.0,-76014000000.0,0,0,78328000000.0,165631000000.0,147957000000.0,-17674000000.0,-14264000000.0,93568000000.0,93568000000.0,73733000000.0,73733000000.0,172390000000.0,152061000000.0,111482000000.0,98767000000.0,-12715000000.0,-15421000000.0,-90711000000.0,-120686000000.0,15195000000.0,5991000000.0,35934000000.0,29943000000.0,12863000000.0,11698000000.0,0,112010000000.0,-25000000000.0,4481000000.0,-10932000000.0,6,21,14,3,2,9,"Financial Advisors Love Warren Buffett, but They Don’t Always Agree With Him"
2026-08-06 17:55:00+00:00,311.9400024414,312.1799926758,311.8710021973,312.1600036621,232337,0.0,0.0,AAPL,苹果,Apple Inc.,USD,17,55,AAPL,305.59,4459835424768,35.044724,32.14128,1.086,0.35,1.08,0.1204,223.78,344.57,150000,7.36,41.52038,0.27618998,0.27082002,1.4875101,31.707,62399000576,84343996416,466822987776,167959003136,0.48653,0.32623002,78.445,0.812,1.003,0.66483,0.01648,2.58,14594180000,14569223952,322.2844,400.0,215.0,2.13043,41,416161000000.0,220960000000.0,195201000000.0,133050000000.0,112010000000.0,7.46,7.49,0,27601000000.0,20719000000.0,132729000000.0,144748000000.0,133050000000.0,144748000000.0,112010000000.0,11698000000.0,15004697000.0,14948500000.0,359241000000.0,285508000000.0,73733000000.0,98657000000.0,62723000000.0,35934000000.0,54697000000.0,5718000000.0,39777000000.0,49834000000.0,125848000000.0,-76014000000.0,0,0,78328000000.0,165631000000.0,147957000000.0,-17674000000.0,-14264000000.0,93568000000.0,93568000000.0,73733000000.0,73733000000.0,172390000000.0,152061000000.0,111482000000.0,98767000000.0,-12715000000.0,-15421000000.0,-90711000000.0,-120686000000.0,15195000000.0,5991000000.0,35934000000.0,29943000000.0,12863000000.0,11698000000.0,0,112010000000.0,-25000000000.0,4481000000.0,-10932000000.0,6,21,14,3,2,9,"Financial Advisors Love Warren Buffett, but They Don’t Always Agree With Him"
2026-08-06 18:00:00+00:00,312.1799926758,312.2200012207,311.9800109863,312.1998901367,239894,0.0,0.0,AAPL,苹果,Apple Inc.,USD,18,0,AAPL,305.59,4459835424768,35.044724,32.14128,1.086,0.35,1.08,0.1204,223.78,344.57,150000,7.36,41.52038,0.27618998,0.27082002,1.4875101,31.707,62399000576,84343996416,466822987776,167959003136,0.48653,0.32623002,78.445,0.812,1.003,0.66483,0.01648,2.58,14594180000,14569223952,322.2844,400.0,215.0,2.13043,41,416161000000.0,220960000000.0,195201000000.0,133050000000.0,112010000000.0,7.46,7.49,0,27601000000.0,20719000000.0,132729000000.0,144748000000.0,133050000000.0,144748000000.0,112010000000.0,11698000000.0,15004697000.0,14948500000.0,359241000000.0,285508000000.0,73733000000.0,98657000000.0,62723000000.0,35934000000.0,54697000000.0,5718000000.0,39777000000.0,49834000000.0,125848000000.0,-76014000000.0,0,0,78328000000.0,165631000000.0,147957000000.0,-17674000000.0,-14264000000.0,93568000000.0,93568000000.0,73733000000.0,73733000000.0,172390000000.0,152061000000.0,111482000000.0,98767000000.0,-12715000000.0,-15421000000.0,-90711000000.0,-120686000000.0,15195000000.0,5991000000.0,35934000000.0,29943000000.0,12863000000.0,11698000000.0,0,112010000000.0,-25000000000.0,4481000000.0,-10932000000.0,6,21,14,3,2,9,"Financial Advisors Love Warren Buffett, but They Don’t Always Agree With Him"
2026-08-06 18:05:00+00:00,312.1900024414,312.25,312.0299987793,312.0400085449,213902,0.0,0.0,AAPL,苹果,Apple Inc.,USD,18,5,AAPL,305.59,4459835424768,35.044724,32.14128,1.086,0.35,1.08,0.1204,223.78,344.57,150000,7.36,41.52038,0.27618998,0.27082002,1.4875101,31.707,62399000576,84343996416,466822987776,167959003136,0.48653,0.32623002,78.445,0.812,1.003,0.66483,0.01648,2.58,14594180000,14569223952,322.2844,400.0,215.0,2.13043,41,416161000000.0,220960000000.0,195201000000.0,133050000000.0,112010000000.0,7.46,7.49,0,27601000000.0,20719000000.0,132729000000.0,144748000000.0,133050000000.0,144748000000.0,112010000000.0,11698000000.0,15004697000.0,14948500000.0,359241000000.0,285508000000.0,73733000000.0,98657000000.0,62723000000.0,35934000000.0,54697000000.0,5718000000.0,39777000000.0,49834000000.0,125848000000.0,-76014000000.0,0,0,78328000000.0,165631000000.0,147957000000.0,-17674000000.0,-14264000000.0,93568000000.0,93568000000.0,73733000000.0,73733000000.0,172390000000.0,152061000000.0,111482000000.0,98767000000.0,-12715000000.0,-15421000000.0,-90711000000.0,-120686000000.0,15195000000.0,5991000000.0,35934000000.0,29943000000.0,12863000000.0,11698000000.0,0,112010000000.0,-25000000000.0,4481000000.0,-10932000000.0,6,21,14,3,2,9,"Financial Advisors Love Warren Buffett, but They Don’t Always Agree With Him"
2026-08-06 18:10:00+00:00,312.0450134277,312.200012207,311.9800109863,311.9899902344,177313,0.0,0.0,AAPL,苹果,Apple Inc.,USD,18,10,AAPL,305.59,4459835424768,35.044724,32.14128,1.086,0.35,1.08,0.1204,223.78,344.57,150000,7.36,41.52038,0.27618998,0.27082002,1.4875101,31.707,62399000576,84343996416,466822987776,167959003136,0.48653,0.32623002,78.445,0.812,1.003,0.66483,0.01648,2.58,14594180000,14569223952,322.2844,400.0,215.0,2.13043,41,416161000000.0,220960000000.0,195201000000.0,133050000000.0,112010000000.0,7.46,7.49,0,27601000000.0,20719000000.0,132729000000.0,144748000000.0,133050000000.0,144748000000.0,112010000000.0,11698000000.0,15004697000.0,14948500000.0,359241000000.0,285508000000.0,73733000000.0,98657000000.0,62723000000.0,35934000000.0,54697000000.0,5718000000.0,39777000000.0,49834000000.0,125848000000.0,-76014000000.0,0,0,78328000000.0,165631000000.0,147957000000.0,-17674000000.0,-14264000000.0,93568000000.0,93568000000.0,73733000000.0,73733000000.0,172390000000.0,152061000000.0,111482000000.0,98767000000.0,-12715000000.0,-15421000000.0,-90711000000.0,-120686000000.0,15195000000.0,5991000000.0,35934000000.0,29943000000.0,12863000000.0,11698000000.0,0,112010000000.0,-25000000000.0,4481000000.0,-10932000000.0,6,21,14,3,2,9,"Financial Advisors Love Warren Buffett, but They Don’t Always Agree With Him"
2026-08-06 18:15:00+00:00,311.9899902344,312.1099853516,311.799987793,311.9599914551,335446,0.0,0.0,AAPL,苹果,Apple Inc.,USD,18,15,AAPL,305.59,4459835424768,35.044724,32.14128,1.086,0.35,1.08,0.1204,223.78,344.57,150000,7.36,41.52038,0.27618998,0.27082002,1.4875101,31.707,62399000576,84343996416,466822987776,167959003136,0.48653,0.32623002,78.445,0.812,1.003,0.66483,0.01648,2.58,14594180000,14569223952,322.2844,400.0,215.0,2.13043,41,416161000000.0,220960000000.0,195201000000.0,133050000000.0,112010000000.0,7.46,7.49,0,27601000000.0,20719000000.0,132729000000.0,144748000000.0,133050000000.0,144748000000.0,112010000000.0,11698000000.0,15004697000.0,14948500000.0,359241000000.0,285508000000.0,73733000000.0,98657000000.0,62723000000.0,35934000000.0,54697000000.0,5718000000.0,39777000000.0,49834000000.0,125848000000.0,-76014000000.0,0,0,78328000000.0,165631000000.0,147957000000.0,-17674000000.0,-14264000000.0,93568000000.0,93568000000.0,73733000000.0,73733000000.0,172390000000.0,152061000000.0,111482000000.0,98767000000.0,-12715000000.0,-15421000000.0,-90711000000.0,-120686000000.0,15195000000.0,5991000000.0,35934000000.0,29943000000.0,12863000000.0,11698000000.0,0,112010000000.0,-25000000000.0,4481000000.0,-10932000000.0,6,21,14,3,2,9,"Financial Advisors Love Warren Buffett, but They Don’t Always Agree With Him"
2026-08-06 18:20:00+00:00,311.9700012207,312.2200012207,311.9599914551,312.174987793,169880,0.0,0.0,AAPL,苹果,Apple Inc.,USD,18,20,AAPL,305.59,4459835424768,35.044724,32.14128,1.086,0.35,1.08,0.1204,223.78,344.57,150000,7.36,41.52038,0.27618998,0.27082002,1.4875101,31.707,62399000576,84343996416,466822987776,167959003136,0.48653,0.32623002,78.445,0.812,1.003,0.66483,0.01648,2.58,14594180000,14569223952,322.2844,400.0,215.0,2.13043,41,416161000000.0,220960000000.0,195201000000.0,133050000000.0,112010000000.0,7.46,7.49,0,27601000000.0,20719000000.0,132729000000.0,144748000000.0,133050000000.0,144748000000.0,112010000000.0,11698000000.0,15004697000.0,14948500000.0,359241000000.0,285508000000.0,73733000000.0,98657000000.0,62723000000.0,35934000000.0,54697000000.0,5718000000.0,39777000000.0,49834000000.0,125848000000.0,-76014000000.0,0,0,78328000000.0,165631000000.0,147957000000.0,-17674000000.0,-14264000000.0,93568000000.0,93568000000.0,73733000000.0,73733000000.0,172390000000.0,152061000000.0,111482000000.0,98767000000.0,-12715000000.0,-15421000000.0,-90711000000.0,-120686000000.0,15195000000.0,5991000000.0,35934000000.0,29943000000.0,12863000000.0,11698000000.0,0,112010000000.0,-25000000000.0,4481000000.0,-10932000000.0,6,21,14,3,2,9,"Financial Advisors Love Warren Buffett, but They Don’t Always Agree With Him"
2026-08-06 18:25:00+00:00,312.174987793,312.4200134277,312.1400146484,312.2399902344,182008,0.0,0.0,AAPL,苹果,Apple Inc.,USD,18,25,AAPL,305.59,4459835424768,35.044724,32.14128,1.086,0.35,1.08,0.1204,223.78,344.57,150000,7.36,41.52038,0.27618998,0.27082002,1.4875101,31.707,62399000576,84343996416,466822987776,167959003136,0.48653,0.32623002,78.445,0.812,1.003,0.66483,0.01648,2.58,14594180000,14569223952,322.2844,400.0,215.0,2.13043,41,416161000000.0,220960000000.0,195201000000.0,133050000000.0,112010000000.0,7.46,7.49,0,27601000000.0,20719000000.0,132729000000.0,144748000000.0,133050000000.0,144748000000.0,112010000000.0,11698000000.0,15004697000.0,14948500000.0,359241000000.0,285508000000.0,73733000000.0,98657000000.0,62723000000.0,35934000000.0,54697000000.0,5718000000.0,39777000000.0,49834000000.0,125848000000.0,-76014000000.0,0,0,78328000000.0,165631000000.0,147957000000.0,-17674000000.0,-14264000000.0,93568000000.0,93568000000.0,73733000000.0,73733000000.0,172390000000.0,152061000000.0,111482000000.0,98767000000.0,-12715000000.0,-15421000000.0,-90711000000.0,-120686000000.0,15195000000.0,5991000000.0,35934000000.0,29943000000.0,12863000000.0,11698000000.0,0,112010000000.0,-25000000000.0,4481000000.0,-10932000000.0,6,21,14,3,2,9,"Financial Advisors Love Warren Buffett, but They Don’t Always Agree With Him"
2026-08-06 18:30:00+00:00,312.2477111816,312.4700012207,312.1900024414,312.325012207,185759,0.0,0.0,AAPL,苹果,Apple Inc.,USD,18,30,AAPL,305.59,4459835424768,35.044724,32.14128,1.086,0.35,1.08,0.1204,223.78,344.57,150000,7.36,41.52038,0.27618998,0.27082002,1.4875101,31.707,62399000576,84343996416,466822987776,167959003136,0.48653,0.32623002,78.445,0.812,1.003,0.66483,0.01648,2.58,14594180000,14569223952,322.2844,400.0,215.0,2.13043,41,416161000000.0,220960000000.0,195201000000.0,133050000000.0,112010000000.0,7.46,7.49,0,27601000000.0,20719000000.0,132729000000.0,144748000000.0,133050000000.0,144748000000.0,112010000000.0,11698000000.0,15004697000.0,14948500000.0,359241000000.0,285508000000.0,73733000000.0,98657000000.0,62723000000.0,35934000000.0,54697000000.0,5718000000.0,39777000000.0,49834000000.0,125848000000.0,-76014000000.0,0,0,78328000000.0,165631000000.0,147957000000.0,-17674000000.0,-14264000000.0,93568000000.0,93568000000.0,73733000000.0,73733000000.0,172390000000.0,152061000000.0,111482000000.0,98767000000.0,-12715000000.0,-15421000000.0,-90711000000.0,-120686000000.0,15195000000.0,5991000000.0,35934000000.0,29943000000.0,12863000000.0,11698000000.0,0,112010000000.0,-25000000000.0,4481000000.0,-10932000000.0,6,21,14,3,2,9,"Financial Advisors Love Warren Buffett, but They Don’t Always Agree With Him"
2026-08-06 18:35:00+00:00,312.3500061035,312.3999938965,311.8800048828,311.950012207,189311,0.0,0.0,AAPL,苹果,Apple Inc.,USD,18,35,AAPL,305.59,4459835424768,35.044724,32.14128,1.086,0.35,1.08,0.1204,223.78,344.57,150000,7.36,41.52038,0.27618998,0.27082002,1.4875101,31.707,62399000576,84343996416,466822987776,167959003136,0.48653,0.32623002,78.445,0.812,1.003,0.66483,0.01648,2.58,14594180000,14569223952,322.2844,400.0,215.0,2.13043,41,416161000000.0,220960000000.0,195201000000.0,133050000000.0,112010000000.0,7.46,7.49,0,27601000000.0,20719000000.0,132729000000.0,144748000000.0,133050000000.0,144748000000.0,112010000000.0,11698000000.0,15004697000.0,14948500000.0,359241000000.0,285508000000.0,73733000000.0,98657000000.0,62723000000.0,35934000000.0,54697000000.0,5718000000.0,39777000000.0,49834000000.0,125848000000.0,-76014000000.0,0,0,78328000000.0,165631000000.0,147957000000.0,-17674000000.0,-14264000000.0,93568000000.0,93568000000.0,73733000000.0,73733000000.0,172390000000.0,152061000000.0,111482000000.0,98767000000.0,-12715000000.0,-15421000000.0,-90711000000.0,-120686000000.0,15195000000.0,5991000000.0,35934000000.0,29943000000.0,12863000000.0,11698000000.0,0,112010000000.0,-25000000000.0,4481000000.0,-10932000000.0,6,21,14,3,2,9,"Financial Advisors Love Warren Buffett, but They Don’t Always Agree With Him"
2026-08-06 18:40:00+00:00,311.9549865723,312.1449890137,311.8800048828,311.9880065918,151882,0.0,0.0,AAPL,苹果,Apple Inc.,USD,18,40,AAPL,305.59,4459835424768,35.044724,32.14128,1.086,0.35,1.08,0.1204,223.78,344.57,150000,7.36,41.52038,0.27618998,0.27082002,1.4875101,31.707,62399000576,84343996416,466822987776,167959003136,0.48653,0.32623002,78.445,0.812,1.003,0.66483,0.01648,2.58,14594180000,14569223952,322.2844,400.0,215.0,2.13043,41,416161000000.0,220960000000.0,195201000000.0,133050000000.0,112010000000.0,7.46,7.49,0,27601000000.0,20719000000.0,132729000000.0,144748000000.0,133050000000.0,144748000000.0,112010000000.0,11698000000.0,15004697000.0,14948500000.0,359241000000.0,285508000000.0,73733000000.0,98657000000.0,62723000000.0,35934000000.0,54697000000.0,5718000000.0,39777000000.0,49834000000.0,125848000000.0,-76014000000.0,0,0,78328000000.0,165631000000.0,147957000000.0,-17674000000.0,-14264000000.0,93568000000.0,93568000000.0,73733000000.0,73733000000.0,172390000000.0,152061000000.0,111482000000.0,98767000000.0,-12715000000.0,-15421000000.0,-90711000000.0,-120686000000.0,15195000000.0,5991000000.0,35934000000.0,29943000000.0,12863000000.0,11698000000.0,0,112010000000.0,-25000000000.0,4481000000.0,-10932000000.0,6,21,14,3,2,9,"Financial Advisors Love Warren Buffett, but They Don’t Always Agree With Him"
2026-08-06 18:45:00+00:00,311.9750061035,312.1799926758,311.9223022461,312.1301879883,146163,0.0,0.0,AAPL,苹果,Apple Inc.,USD,18,45,AAPL,305.59,4459835424768,35.044724,32.14128,1.086,0.35,1.08,0.1204,223.78,344.57,150000,7.36,41.52038,0.27618998,0.27082002,1.4875101,31.707,62399000576,84343996416,466822987776,167959003136,0.48653,0.32623002,78.445,0.812,1.003,0.66483,0.01648,2.58,14594180000,14569223952,322.2844,400.0,215.0,2.13043,41,416161000000.0,220960000000.0,195201000000.0,133050000000.0,112010000000.0,7.46,7.49,0,27601000000.0,20719000000.0,132729000000.0,144748000000.0,133050000000.0,144748000000.0,112010000000.0,11698000000.0,15004697000.0,14948500000.0,359241000000.0,285508000000.0,73733000000.0,98657000000.0,62723000000.0,35934000000.0,54697000000.0,5718000000.0,39777000000.0,49834000000.0,125848000000.0,-76014000000.0,0,0,78328000000.0,165631000000.0,147957000000.0,-17674000000.0,-14264000000.0,93568000000.0,93568000000.0,73733000000.0,73733000000.0,172390000000.0,152061000000.0,111482000000.0,98767000000.0,-12715000000.0,-15421000000.0,-90711000000.0,-120686000000.0,15195000000.0,5991000000.0,35934000000.0,29943000000.0,12863000000.0,11698000000.0,0,112010000000.0,-25000000000.0,4481000000.0,-10932000000.0,6,21,14,3,2,9,"Financial Advisors Love Warren Buffett, but They Don’t Always Agree With Him"
2026-08-06 18:50:00+00:00,312.1350097656,312.2799987793,312.0369873047,312.2399902344,168502,0.0,0.0,AAPL,苹果,Apple Inc.,USD,18,50,AAPL,305.59,4459835424768,35.044724,32.14128,1.086,0.35,1.08,0.1204,223.78,344.57,150000,7.36,41.52038,0.27618998,0.27082002,1.4875101,31.707,62399000576,84343996416,466822987776,167959003136,0.48653,0.32623002,78.445,0.812,1.003,0.66483,0.01648,2.58,14594180000,14569223952,322.2844,400.0,215.0,2.13043,41,416161000000.0,220960000000.0,195201000000.0,133050000000.0,112010000000.0,7.46,7.49,0,27601000000.0,20719000000.0,132729000000.0,144748000000.0,133050000000.0,144748000000.0,112010000000.0,11698000000.0,15004697000.0,14948500000.0,359241000000.0,285508000000.0,73733000000.0,98657000000.0,62723000000.0,35934000000.0,54697000000.0,5718000000.0,39777000000.0,49834000000.0,125848000000.0,-76014000000.0,0,0,78328000000.0,165631000000.0,147957000000.0,-17674000000.0,-14264000000.0,93568000000.0,93568000000.0,73733000000.0,73733000000.0,172390000000.0,152061000000.0,111482000000.0,98767000000.0,-12715000000.0,-15421000000.0,-90711000000.0,-120686000000.0,15195000000.0,5991000000.0,35934000000.0,29943000000.0,12863000000.0,11698000000.0,0,112010000000.0,-25000000000.0,4481000000.0,-10932000000.0,6,21,14,3,2,9,"Financial Advisors Love Warren Buffett, but They Don’t Always Agree With Him"
2026-08-06 18:55:00+00:00,312.2409973145,312.3399963379,312.1499938965,312.2699890137,168807,0.0,0.0,AAPL,苹果,Apple Inc.,USD,18,55,AAPL,305.59,4459835424768,35.044724,32.14128,1.086,0.35,1.08,0.1204,223.78,344.57,150000,7.36,41.52038,0.27618998,0.27082002,1.4875101,31.707,62399000576,84343996416,466822987776,167959003136,0.48653,0.32623002,78.445,0.812,1.003,0.66483,0.01648,2.58,14594180000,14569223952,322.2844,400.0,215.0,2.13043,41,416161000000.0,220960000000.0,195201000000.0,133050000000.0,112010000000.0,7.46,7.49,0,27601000000.0,20719000000.0,132729000000.0,144748000000.0,133050000000.0,144748000000.0,112010000000.0,11698000000.0,15004697000.0,14948500000.0,359241000000.0,285508000000.0,73733000000.0,98657000000.0,62723000000.0,35934000000.0,54697000000.0,5718000000.0,39777000000.0,49834000000.0,125848000000.0,-76014000000.0,0,0,78328000000.0,165631000000.0,147957000000.0,-17674000000.0,-14264000000.0,93568000000.0,93568000000.0,73733000000.0,73733000000.0,172390000000.0,152061000000.0,111482000000.0,98767000000.0,-12715000000.0,-15421000000.0,-90711000000.0,-120686000000.0,15195000000.0,5991000000.0,35934000000.0,29943000000.0,12863000000.0,11698000000.0,0,112010000000.0,-25000000000.0,4481000000.0,-10932000000.0,6,21,14,3,2,9,"Financial Advisors Love Warren Buffett, but They Don’t Always Agree With Him"
2026-08-06 19:00:00+00:00,312.2699890137,312.3999938965,312.0900878906,312.3500061035,189629,0.0,0.0,AAPL,苹果,Apple Inc.,USD,19,0,AAPL,305.59,4459835424768,35.044724,32.14128,1.086,0.35,1.08,0.1204,223.78,344.57,150000,7.36,41.52038,0.27618998,0.27082002,1.4875101,31.707,62399000576,84343996416,466822987776,167959003136,0.48653,0.32623002,78.445,0.812,1.003,0.66483,0.01648,2.58,14594180000,14569223952,322.2844,400.0,215.0,2.13043,41,416161000000.0,220960000000.0,195201000000.0,133050000000.0,112010000000.0,7.46,7.49,0,27601000000.0,20719000000.0,132729000000.0,144748000000.0,133050000000.0,144748000000.0,112010000000.0,11698000000.0,15004697000.0,14948500000.0,359241000000.0,285508000000.0,73733000000.0,98657000000.0,62723000000.0,35934000000.0,54697000000.0,5718000000.0,39777000000.0,49834000000.0,125848000000.0,-76014000000.0,0,0,78328000000.0,165631000000.0,147957000000.0,-17674000000.0,-14264000000.0,93568000000.0,93568000000.0,73733000000.0,73733000000.0,172390000000.0,152061000000.0,111482000000.0,98767000000.0,-12715000000.0,-15421000000.0,-90711000000.0,-120686000000.0,15195000000.0,5991000000.0,35934000000.0,29943000000.0,12863000000.0,11698000000.0,0,112010000000.0,-25000000000.0,4481000000.0,-10932000000.0,6,21,14,3,2,9,"Financial Advisors Love Warren Buffett, but They Don’t Always Agree With Him"
2026-08-06 19:05:00+00:00,312.3500976562,312.5,312.299987793,312.3900146484,208973,0.0,0.0,AAPL,苹果,Apple Inc.,USD,19,5,AAPL,305.59,4459835424768,35.044724,32.14128,1.086,0.35,1.08,0.1204,223.78,344.57,150000,7.36,41.52038,0.27618998,0.27082002,1.4875101,31.707,62399000576,84343996416,466822987776,167959003136,0.48653,0.32623002,78.445,0.812,1.003,0.66483,0.01648,2.58,14594180000,14569223952,322.2844,400.0,215.0,2.13043,41,416161000000.0,220960000000.0,195201000000.0,133050000000.0,112010000000.0,7.46,7.49,0,27601000000.0,20719000000.0,132729000000.0,144748000000.0,133050000000.0,144748000000.0,112010000000.0,11698000000.0,15004697000.0,14948500000.0,359241000000.0,285508000000.0,73733000000.0,98657000000.0,62723000000.0,35934000000.0,54697000000.0,5718000000.0,39777000000.0,49834000000.0,125848000000.0,-76014000000.0,0,0,78328000000.0,165631000000.0,147957000000.0,-17674000000.0,-14264000000.0,93568000000.0,93568000000.0,73733000000.0,73733000000.0,172390000000.0,152061000000.0,111482000000.0,98767000000.0,-12715000000.0,-15421000000.0,-90711000000.0,-120686000000.0,15195000000.0,5991000000.0,35934000000.0,29943000000.0,12863000000.0,11698000000.0,0,112010000000.0,-25000000000.0,4481000000.0,-10932000000.0,6,21,14,3,2,9,"Financial Advisors Love Warren Buffett, but They Don’t Always Agree With Him"
2026-08-06 19:10:00+00:00,312.3900146484,312.4649963379,312.2600097656,312.4299926758,206666,0.0,0.0,AAPL,苹果,Apple Inc.,USD,19,10,AAPL,305.59,4459835424768,35.044724,32.14128,1.086,0.35,1.08,0.1204,223.78,344.57,150000,7.36,41.52038,0.27618998,0.27082002,1.4875101,31.707,62399000576,84343996416,466822987776,167959003136,0.48653,0.32623002,78.445,0.812,1.003,0.66483,0.01648,2.58,14594180000,14569223952,322.2844,400.0,215.0,2.13043,41,416161000000.0,220960000000.0,195201000000.0,133050000000.0,112010000000.0,7.46,7.49,0,27601000000.0,20719000000.0,132729000000.0,144748000000.0,133050000000.0,144748000000.0,112010000000.0,11698000000.0,15004697000.0,14948500000.0,359241000000.0,285508000000.0,73733000000.0,98657000000.0,62723000000.0,35934000000.0,54697000000.0,5718000000.0,39777000000.0,49834000000.0,125848000000.0,-76014000000.0,0,0,78328000000.0,165631000000.0,147957000000.0,-17674000000.0,-14264000000.0,93568000000.0,93568000000.0,73733000000.0,73733000000.0,172390000000.0,152061000000.0,111482000000.0,98767000000.0,-12715000000.0,-15421000000.0,-90711000000.0,-120686000000.0,15195000000.0,5991000000.0,35934000000.0,29943000000.0,12863000000.0,11698000000.0,0,112010000000.0,-25000000000.0,4481000000.0,-10932000000.0,6,21,14,3,2,9,"Financial Advisors Love Warren Buffett, but They Don’t Always Agree With Him"
2026-08-06 19:15:00+00:00,312.4100036621,312.4299926758,312.1499938965,312.3800048828,844171,0.0,0.0,AAPL,苹果,Apple Inc.,USD,19,15,AAPL,305.59,4459835424768,35.044724,32.14128,1.086,0.35,1.08,0.1204,223.78,344.57,150000,7.36,41.52038,0.27618998,0.27082002,1.4875101,31.707,62399000576,84343996416,466822987776,167959003136,0.48653,0.32623002,78.445,0.812,1.003,0.66483,0.01648,2.58,14594180000,14569223952,322.2844,400.0,215.0,2.13043,41,416161000000.0,220960000000.0,195201000000.0,133050000000.0,112010000000.0,7.46,7.49,0,27601000000.0,20719000000.0,132729000000.0,144748000000.0,133050000000.0,144748000000.0,112010000000.0,11698000000.0,15004697000.0,14948500000.0,359241000000.0,285508000000.0,73733000000.0,98657000000.0,62723000000.0,35934000000.0,54697000000.0,5718000000.0,39777000000.0,49834000000.0,125848000000.0,-76014000000.0,0,0,78328000000.0,165631000000.0,147957000000.0,-17674000000.0,-14264000000.0,93568000000.0,93568000000.0,73733000000.0,73733000000.0,172390000000.0,152061000000.0,111482000000.0,98767000000.0,-12715000000.0,-15421000000.0,-90711000000.0,-120686000000.0,15195000000.0,5991000000.0,35934000000.0,29943000000.0,12863000000.0,11698000000.0,0,112010000000.0,-25000000000.0,4481000000.0,-10932000000.0,6,21,14,3,2,9,"Financial Advisors Love Warren Buffett, but They Don’t Always Agree With Him"
2026-08-06 19:20:00+00:00,312.3699951172,312.8200073242,312.3500061035,312.6099853516,315952,0.0,0.0,AAPL,苹果,Apple Inc.,USD,19,20,AAPL,305.59,4459835424768,35.044724,32.14128,1.086,0.35,1.08,0.1204,223.78,344.57,150000,7.36,41.52038,0.27618998,0.27082002,1.4875101,31.707,62399000576,84343996416,466822987776,167959003136,0.48653,0.32623002,78.445,0.812,1.003,0.66483,0.01648,2.58,14594180000,14569223952,322.2844,400.0,215.0,2.13043,41,416161000000.0,220960000000.0,195201000000.0,133050000000.0,112010000000.0,7.46,7.49,0,27601000000.0,20719000000.0,132729000000.0,144748000000.0,133050000000.0,144748000000.0,112010000000.0,11698000000.0,15004697000.0,14948500000.0,359241000000.0,285508000000.0,73733000000.0,98657000000.0,62723000000.0,35934000000.0,54697000000.0,5718000000.0,39777000000.0,49834000000.0,125848000000.0,-76014000000.0,0,0,78328000000.0,165631000000.0,147957000000.0,-17674000000.0,-14264000000.0,93568000000.0,93568000000.0,73733000000.0,73733000000.0,172390000000.0,152061000000.0,111482000000.0,98767000000.0,-12715000000.0,-15421000000.0,-90711000000.0,-120686000000.0,15195000000.0,5991000000.0,35934000000.0,29943000000.0,12863000000.0,11698000000.0,0,112010000000.0,-25000000000.0,4481000000.0,-10932000000.0,6,21,14,3,2,9,"Financial Advisors Love Warren Buffett, but They Don’t Always Agree With Him"
2026-08-06 19:25:00+00:00,312.6000061035,312.75,312.450012207,312.5799865723,251873,0.0,0.0,AAPL,苹果,Apple Inc.,USD,19,25,AAPL,305.59,4459835424768,35.044724,32.14128,1.086,0.35,1.08,0.1204,223.78,344.57,150000,7.36,41.52038,0.27618998,0.27082002,1.4875101,31.707,62399000576,84343996416,466822987776,167959003136,0.48653,0.32623002,78.445,0.812,1.003,0.66483,0.01648,2.58,14594180000,14569223952,322.2844,400.0,215.0,2.13043,41,416161000000.0,220960000000.0,195201000000.0,133050000000.0,112010000000.0,7.46,7.49,0,27601000000.0,20719000000.0,132729000000.0,144748000000.0,133050000000.0,144748000000.0,112010000000.0,11698000000.0,15004697000.0,14948500000.0,359241000000.0,285508000000.0,73733000000.0,98657000000.0,62723000000.0,35934000000.0,54697000000.0,5718000000.0,39777000000.0,49834000000.0,125848000000.0,-76014000000.0,0,0,78328000000.0,165631000000.0,147957000000.0,-17674000000.0,-14264000000.0,93568000000.0,93568000000.0,73733000000.0,73733000000.0,172390000000.0,152061000000.0,111482000000.0,98767000000.0,-12715000000.0,-15421000000.0,-90711000000.0,-120686000000.0,15195000000.0,5991000000.0,35934000000.0,29943000000.0,12863000000.0,11698000000.0,0,112010000000.0,-25000000000.0,4481000000.0,-10932000000.0,6,21,14,3,2,9,"Financial Advisors Love Warren Buffett, but They Don’t Always Agree With Him"
2026-08-06 19:30:00+00:00,312.5899963379,312.7399902344,312.3999938965,312.7399902344,306659,0.0,0.0,AAPL,苹果,Apple Inc.,USD,19,30,AAPL,305.59,4459835424768,35.044724,32.14128,1.086,0.35,1.08,0.1204,223.78,344.57,150000,7.36,41.52038,0.27618998,0.27082002,1.4875101,31.707,62399000576,84343996416,466822987776,167959003136,0.48653,0.32623002,78.445,0.812,1.003,0.66483,0.01648,2.58,14594180000,14569223952,322.2844,400.0,215.0,2.13043,41,416161000000.0,220960000000.0,195201000000.0,133050000000.0,112010000000.0,7.46,7.49,0,27601000000.0,20719000000.0,132729000000.0,144748000000.0,133050000000.0,144748000000.0,112010000000.0,11698000000.0,15004697000.0,14948500000.0,359241000000.0,285508000000.0,73733000000.0,98657000000.0,62723000000.0,35934000000.0,54697000000.0,5718000000.0,39777000000.0,49834000000.0,125848000000.0,-76014000000.0,0,0,78328000000.0,165631000000.0,147957000000.0,-17674000000.0,-14264000000.0,93568000000.0,93568000000.0,73733000000.0,73733000000.0,172390000000.0,152061000000.0,111482000000.0,98767000000.0,-12715000000.0,-15421000000.0,-90711000000.0,-120686000000.0,15195000000.0,5991000000.0,35934000000.0,29943000000.0,12863000000.0,11698000000.0,0,112010000000.0,-25000000000.0,4481000000.0,-10932000000.0,6,21,14,3,2,9,"Financial Advisors Love Warren Buffett, but They Don’t Always Agree With Him"
2026-08-06 19:35:00+00:00,312.7250061035,312.8291015625,312.6000061035,312.6400146484,372859,0.0,0.0,AAPL,苹果,Apple Inc.,USD,19,35,AAPL,305.59,4459835424768,35.044724,32.14128,1.086,0.35,1.08,0.1204,223.78,344.57,150000,7.36,41.52038,0.27618998,0.27082002,1.4875101,31.707,62399000576,84343996416,466822987776,167959003136,0.48653,0.32623002,78.445,0.812,1.003,0.66483,0.01648,2.58,14594180000,14569223952,322.2844,400.0,215.0,2.13043,41,416161000000.0,220960000000.0,195201000000.0,133050000000.0,112010000000.0,7.46,7.49,0,27601000000.0,20719000000.0,132729000000.0,144748000000.0,133050000000.0,144748000000.0,112010000000.0,11698000000.0,15004697000.0,14948500000.0,359241000000.0,285508000000.0,73733000000.0,98657000000.0,62723000000.0,35934000000.0,54697000000.0,5718000000.0,39777000000.0,49834000000.0,125848000000.0,-76014000000.0,0,0,78328000000.0,165631000000.0,147957000000.0,-17674000000.0,-14264000000.0,93568000000.0,93568000000.0,73733000000.0,73733000000.0,172390000000.0,152061000000.0,111482000000.0,98767000000.0,-12715000000.0,-15421000000.0,-90711000000.0,-120686000000.0,15195000000.0,5991000000.0,35934000000.0,29943000000.0,12863000000.0,11698000000.0,0,112010000000.0,-25000000000.0,4481000000.0,-10932000000.0,6,21,14,3,2,9,"Financial Advisors Love Warren Buffett, but They Don’t Always Agree With Him"
2026-08-06 19:40:00+00:00,312.6350097656,312.9299926758,312.5599975586,312.7950134277,489817,0.0,0.0,AAPL,苹果,Apple Inc.,USD,19,40,AAPL,305.59,4459835424768,35.044724,32.14128,1.086,0.35,1.08,0.1204,223.78,344.57,150000,7.36,41.52038,0.27618998,0.27082002,1.4875101,31.707,62399000576,84343996416,466822987776,167959003136,0.48653,0.32623002,78.445,0.812,1.003,0.66483,0.01648,2.58,14594180000,14569223952,322.2844,400.0,215.0,2.13043,41,416161000000.0,220960000000.0,195201000000.0,133050000000.0,112010000000.0,7.46,7.49,0,27601000000.0,20719000000.0,132729000000.0,144748000000.0,133050000000.0,144748000000.0,112010000000.0,11698000000.0,15004697000.0,14948500000.0,359241000000.0,285508000000.0,73733000000.0,98657000000.0,62723000000.0,35934000000.0,54697000000.0,5718000000.0,39777000000.0,49834000000.0,125848000000.0,-76014000000.0,0,0,78328000000.0,165631000000.0,147957000000.0,-17674000000.0,-14264000000.0,93568000000.0,93568000000.0,73733000000.0,73733000000.0,172390000000.0,152061000000.0,111482000000.0,98767000000.0,-12715000000.0,-15421000000.0,-90711000000.0,-120686000000.0,15195000000.0,5991000000.0,35934000000.0,29943000000.0,12863000000.0,11698000000.0,0,112010000000.0,-25000000000.0,4481000000.0,-10932000000.0,6,21,14,3,2,9,"Financial Advisors Love Warren Buffett, but They Don’t Always Agree With Him"
2026-08-06 19:45:00+00:00,312.8099975586,312.8299865723,312.2300109863,312.4800109863,399513,0.0,0.0,AAPL,苹果,Apple Inc.,USD,19,45,AAPL,305.59,4459835424768,35.044724,32.14128,1.086,0.35,1.08,0.1204,223.78,344.57,150000,7.36,41.52038,0.27618998,0.27082002,1.4875101,31.707,62399000576,84343996416,466822987776,167959003136,0.48653,0.32623002,78.445,0.812,1.003,0.66483,0.01648,2.58,14594180000,14569223952,322.2844,400.0,215.0,2.13043,41,416161000000.0,220960000000.0,195201000000.0,133050000000.0,112010000000.0,7.46,7.49,0,27601000000.0,20719000000.0,132729000000.0,144748000000.0,133050000000.0,144748000000.0,112010000000.0,11698000000.0,15004697000.0,14948500000.0,359241000000.0,285508000000.0,73733000000.0,98657000000.0,62723000000.0,35934000000.0,54697000000.0,5718000000.0,39777000000.0,49834000000.0,125848000000.0,-76014000000.0,0,0,78328000000.0,165631000000.0,147957000000.0,-17674000000.0,-14264000000.0,93568000000.0,93568000000.0,73733000000.0,73733000000.0,172390000000.0,152061000000.0,111482000000.0,98767000000.0,-12715000000.0,-15421000000.0,-90711000000.0,-120686000000.0,15195000000.0,5991000000.0,35934000000.0,29943000000.0,12863000000.0,11698000000.0,0,112010000000.0,-25000000000.0,4481000000.0,-10932000000.0,6,21,14,3,2,9,"Financial Advisors Love Warren Buffett, but They Don’t Always Agree With Him"
2026-08-06 19:50:00+00:00,312.4100036621,312.549987793,311.7799987793,312.4299926758,729765,0.0,0.0,AAPL,苹果,Apple Inc.,USD,19,50,AAPL,305.59,4459835424768,35.044724,32.14128,1.086,0.35,1.08,0.1204,223.78,344.57,150000,7.36,41.52038,0.27618998,0.27082002,1.4875101,31.707,62399000576,84343996416,466822987776,167959003136,0.48653,0.32623002,78.445,0.812,1.003,0.66483,0.01648,2.58,14594180000,14569223952,322.2844,400.0,215.0,2.13043,41,416161000000.0,220960000000.0,195201000000.0,133050000000.0,112010000000.0,7.46,7.49,0,27601000000.0,20719000000.0,132729000000.0,144748000000.0,133050000000.0,144748000000.0,112010000000.0,11698000000.0,15004697000.0,14948500000.0,359241000000.0,285508000000.0,73733000000.0,98657000000.0,62723000000.0,35934000000.0,54697000000.0,5718000000.0,39777000000.0,49834000000.0,125848000000.0,-76014000000.0,0,0,78328000000.0,165631000000.0,147957000000.0,-17674000000.0,-14264000000.0,93568000000.0,93568000000.0,73733000000.0,73733000000.0,172390000000.0,152061000000.0,111482000000.0,98767000000.0,-12715000000.0,-15421000000.0,-90711000000.0,-120686000000.0,15195000000.0,5991000000.0,35934000000.0,29943000000.0,12863000000.0,11698000000.0,0,112010000000.0,-25000000000.0,4481000000.0,-10932000000.0,6,21,14,3,2,9,"Financial Advisors Love Warren Buffett, but They Don’t Always Agree With Him"
2026-08-06 19:55:00+00:00,312.4299926758,312.9400024414,312.2302856445,312.450012207,1498147,0.0,0.0,AAPL,苹果,Apple Inc.,USD,19,55,AAPL,305.59,4459835424768,35.044724,32.14128,1.086,0.35,1.08,0.1204,223.78,344.57,150000,7.36,41.52038,0.27618998,0.27082002,1.4875101,31.707,62399000576,84343996416,466822987776,167959003136,0.48653,0.32623002,78.445,0.812,1.003,0.66483,0.01648,2.58,14594180000,14569223952,322.2844,400.0,215.0,2.13043,41,416161000000.0,220960000000.0,195201000000.0,133050000000.0,112010000000.0,7.46,7.49,0,27601000000.0,20719000000.0,132729000000.0,144748000000.0,133050000000.0,144748000000.0,112010000000.0,11698000000.0,15004697000.0,14948500000.0,359241000000.0,285508000000.0,73733000000.0,98657000000.0,62723000000.0,35934000000.0,54697000000.0,5718000000.0,39777000000.0,49834000000.0,125848000000.0,-76014000000.0,0,0,78328000000.0,165631000000.0,147957000000.0,-17674000000.0,-14264000000.0,93568000000.0,93568000000.0,73733000000.0,73733000000.0,172390000000.0,152061000000.0,111482000000.0,98767000000.0,-12715000000.0,-15421000000.0,-90711000000.0,-120686000000.0,15195000000.0,5991000000.0,35934000000.0,29943000000.0,12863000000.0,11698000000.0,0,112010000000.0,-25000000000.0,4481000000.0,-10932000000.0,6,21,14,3,2,9,"Financial Advisors Love Warren Buffett, but They Don’t Always Agree With Him"
