timestamp,open,high,low,close,volume,Dividends,Stock Splits,thscode,thsname_cn,thsname_en,currency,hour,minute,ticker,si_current_price,si_market_cap,si_pe_trailing,si_pe_forward,si_beta,si_dividend_yield,si_dividend_rate,si_payout_ratio,si_52w_low,si_52w_high,si_employees,si_book_value,si_price_to_book,si_profit_margin,si_roa,si_roe,si_revenue_per_share,si_total_cash,si_total_debt,si_total_revenue,si_ebitda,si_gross_margins,si_operating_margins,si_debt_to_equity,si_quick_ratio,si_current_ratio,si_inst_pct,si_insider_pct,si_short_ratio,si_shares_outstanding,si_float_shares,si_target_mean,si_target_high,si_target_low,si_recommendation_mean,si_num_analysts,inc_total_revenue,inc_cost_of_revenue,inc_gross_profit,inc_operating_income,inc_net_income,inc_diluted_eps,inc_basic_eps,inc_rd,inc_sga,inc_tax_provision,inc_pretax_income,inc_ebitda,inc_ebit,inc_norm_ebitda,inc_norm_income,inc_depreciation,inc_diluted_shares,inc_basic_shares,bs_total_assets,bs_total_liabilities,bs_stockholders_equity,bs_total_debt,bs_net_debt,bs_cash,bs_cash_short_inv,bs_inventory,bs_receivables,bs_net_ppe,bs_gross_ppe,bs_accum_depreciation,bs_goodwill,bs_intangible_assets,bs_long_term_debt,bs_current_liabilities,bs_current_assets,bs_working_capital,bs_retained_earnings,bs_common_stock,bs_capital_stock,bs_total_equity,bs_tangible_book_value,bs_invested_capital,bs_total_capitalization,cf_operating,cf_free,cf_capex,cf_dividends_paid,cf_stock_repurchases,cf_financing,cf_investing,cf_net_change,cf_end_cash,cf_begin_cash,cf_stock_comp,cf_depreciation,cf_deferred_tax,cf_net_income_ops,cf_change_wc,cf_issuance_debt,cf_repayment_debt,rec_strong_buy,rec_buy,rec_hold,rec_sell,rec_strong_sell,news_count,news_latest_headline
2026-08-05 13:30:00+00:00,309.3599853516,309.3800048828,307.6499938965,308.6300048828,3202077,0.0,0.0,AAPL,苹果,Apple Inc.,USD,13,30,AAPL,305.59,4459835424768,35.044724,32.14128,1.086,0.35,1.08,0.1204,223.78,344.57,150000,7.36,41.52038,0.27618998,0.27082002,1.4875101,31.707,62399000576,84343996416,466822987776,167959003136,0.48653,0.32623002,78.445,0.812,1.003,0.66483,0.01648,2.58,14594180000,14569223952,322.2844,400.0,215.0,2.13043,41,416161000000.0,220960000000.0,195201000000.0,133050000000.0,112010000000.0,7.46,7.49,0,27601000000.0,20719000000.0,132729000000.0,144748000000.0,133050000000.0,144748000000.0,112010000000.0,11698000000.0,15004697000.0,14948500000.0,359241000000.0,285508000000.0,73733000000.0,98657000000.0,62723000000.0,35934000000.0,54697000000.0,5718000000.0,39777000000.0,49834000000.0,125848000000.0,-76014000000.0,0,0,78328000000.0,165631000000.0,147957000000.0,-17674000000.0,-14264000000.0,93568000000.0,93568000000.0,73733000000.0,73733000000.0,172390000000.0,152061000000.0,111482000000.0,98767000000.0,-12715000000.0,-15421000000.0,-90711000000.0,-120686000000.0,15195000000.0,5991000000.0,35934000000.0,29943000000.0,12863000000.0,11698000000.0,0,112010000000.0,-25000000000.0,4481000000.0,-10932000000.0,6,21,14,3,2,9,"Financial Advisors Love Warren Buffett, but They Don’t Always Agree With Him"
2026-08-05 13:35:00+00:00,308.6350097656,308.6350097656,305.6700134277,307.7600097656,1714140,0.0,0.0,AAPL,苹果,Apple Inc.,USD,13,35,AAPL,305.59,4459835424768,35.044724,32.14128,1.086,0.35,1.08,0.1204,223.78,344.57,150000,7.36,41.52038,0.27618998,0.27082002,1.4875101,31.707,62399000576,84343996416,466822987776,167959003136,0.48653,0.32623002,78.445,0.812,1.003,0.66483,0.01648,2.58,14594180000,14569223952,322.2844,400.0,215.0,2.13043,41,416161000000.0,220960000000.0,195201000000.0,133050000000.0,112010000000.0,7.46,7.49,0,27601000000.0,20719000000.0,132729000000.0,144748000000.0,133050000000.0,144748000000.0,112010000000.0,11698000000.0,15004697000.0,14948500000.0,359241000000.0,285508000000.0,73733000000.0,98657000000.0,62723000000.0,35934000000.0,54697000000.0,5718000000.0,39777000000.0,49834000000.0,125848000000.0,-76014000000.0,0,0,78328000000.0,165631000000.0,147957000000.0,-17674000000.0,-14264000000.0,93568000000.0,93568000000.0,73733000000.0,73733000000.0,172390000000.0,152061000000.0,111482000000.0,98767000000.0,-12715000000.0,-15421000000.0,-90711000000.0,-120686000000.0,15195000000.0,5991000000.0,35934000000.0,29943000000.0,12863000000.0,11698000000.0,0,112010000000.0,-25000000000.0,4481000000.0,-10932000000.0,6,21,14,3,2,9,"Financial Advisors Love Warren Buffett, but They Don’t Always Agree With Him"
2026-08-05 13:40:00+00:00,307.7749938965,308.2900085449,307.1300048828,308.1600036621,733779,0.0,0.0,AAPL,苹果,Apple Inc.,USD,13,40,AAPL,305.59,4459835424768,35.044724,32.14128,1.086,0.35,1.08,0.1204,223.78,344.57,150000,7.36,41.52038,0.27618998,0.27082002,1.4875101,31.707,62399000576,84343996416,466822987776,167959003136,0.48653,0.32623002,78.445,0.812,1.003,0.66483,0.01648,2.58,14594180000,14569223952,322.2844,400.0,215.0,2.13043,41,416161000000.0,220960000000.0,195201000000.0,133050000000.0,112010000000.0,7.46,7.49,0,27601000000.0,20719000000.0,132729000000.0,144748000000.0,133050000000.0,144748000000.0,112010000000.0,11698000000.0,15004697000.0,14948500000.0,359241000000.0,285508000000.0,73733000000.0,98657000000.0,62723000000.0,35934000000.0,54697000000.0,5718000000.0,39777000000.0,49834000000.0,125848000000.0,-76014000000.0,0,0,78328000000.0,165631000000.0,147957000000.0,-17674000000.0,-14264000000.0,93568000000.0,93568000000.0,73733000000.0,73733000000.0,172390000000.0,152061000000.0,111482000000.0,98767000000.0,-12715000000.0,-15421000000.0,-90711000000.0,-120686000000.0,15195000000.0,5991000000.0,35934000000.0,29943000000.0,12863000000.0,11698000000.0,0,112010000000.0,-25000000000.0,4481000000.0,-10932000000.0,6,21,14,3,2,9,"Financial Advisors Love Warren Buffett, but They Don’t Always Agree With Him"
2026-08-05 13:45:00+00:00,308.1700134277,308.1950073242,307.270111084,307.2850036621,584362,0.0,0.0,AAPL,苹果,Apple Inc.,USD,13,45,AAPL,305.59,4459835424768,35.044724,32.14128,1.086,0.35,1.08,0.1204,223.78,344.57,150000,7.36,41.52038,0.27618998,0.27082002,1.4875101,31.707,62399000576,84343996416,466822987776,167959003136,0.48653,0.32623002,78.445,0.812,1.003,0.66483,0.01648,2.58,14594180000,14569223952,322.2844,400.0,215.0,2.13043,41,416161000000.0,220960000000.0,195201000000.0,133050000000.0,112010000000.0,7.46,7.49,0,27601000000.0,20719000000.0,132729000000.0,144748000000.0,133050000000.0,144748000000.0,112010000000.0,11698000000.0,15004697000.0,14948500000.0,359241000000.0,285508000000.0,73733000000.0,98657000000.0,62723000000.0,35934000000.0,54697000000.0,5718000000.0,39777000000.0,49834000000.0,125848000000.0,-76014000000.0,0,0,78328000000.0,165631000000.0,147957000000.0,-17674000000.0,-14264000000.0,93568000000.0,93568000000.0,73733000000.0,73733000000.0,172390000000.0,152061000000.0,111482000000.0,98767000000.0,-12715000000.0,-15421000000.0,-90711000000.0,-120686000000.0,15195000000.0,5991000000.0,35934000000.0,29943000000.0,12863000000.0,11698000000.0,0,112010000000.0,-25000000000.0,4481000000.0,-10932000000.0,6,21,14,3,2,9,"Financial Advisors Love Warren Buffett, but They Don’t Always Agree With Him"
2026-08-05 13:50:00+00:00,307.280090332,308.2399902344,306.8900146484,307.770111084,789224,0.0,0.0,AAPL,苹果,Apple Inc.,USD,13,50,AAPL,305.59,4459835424768,35.044724,32.14128,1.086,0.35,1.08,0.1204,223.78,344.57,150000,7.36,41.52038,0.27618998,0.27082002,1.4875101,31.707,62399000576,84343996416,466822987776,167959003136,0.48653,0.32623002,78.445,0.812,1.003,0.66483,0.01648,2.58,14594180000,14569223952,322.2844,400.0,215.0,2.13043,41,416161000000.0,220960000000.0,195201000000.0,133050000000.0,112010000000.0,7.46,7.49,0,27601000000.0,20719000000.0,132729000000.0,144748000000.0,133050000000.0,144748000000.0,112010000000.0,11698000000.0,15004697000.0,14948500000.0,359241000000.0,285508000000.0,73733000000.0,98657000000.0,62723000000.0,35934000000.0,54697000000.0,5718000000.0,39777000000.0,49834000000.0,125848000000.0,-76014000000.0,0,0,78328000000.0,165631000000.0,147957000000.0,-17674000000.0,-14264000000.0,93568000000.0,93568000000.0,73733000000.0,73733000000.0,172390000000.0,152061000000.0,111482000000.0,98767000000.0,-12715000000.0,-15421000000.0,-90711000000.0,-120686000000.0,15195000000.0,5991000000.0,35934000000.0,29943000000.0,12863000000.0,11698000000.0,0,112010000000.0,-25000000000.0,4481000000.0,-10932000000.0,6,21,14,3,2,9,"Financial Advisors Love Warren Buffett, but They Don’t Always Agree With Him"
2026-08-05 13:55:00+00:00,307.7900085449,308.1825866699,307.6401062012,308.0,471345,0.0,0.0,AAPL,苹果,Apple Inc.,USD,13,55,AAPL,305.59,4459835424768,35.044724,32.14128,1.086,0.35,1.08,0.1204,223.78,344.57,150000,7.36,41.52038,0.27618998,0.27082002,1.4875101,31.707,62399000576,84343996416,466822987776,167959003136,0.48653,0.32623002,78.445,0.812,1.003,0.66483,0.01648,2.58,14594180000,14569223952,322.2844,400.0,215.0,2.13043,41,416161000000.0,220960000000.0,195201000000.0,133050000000.0,112010000000.0,7.46,7.49,0,27601000000.0,20719000000.0,132729000000.0,144748000000.0,133050000000.0,144748000000.0,112010000000.0,11698000000.0,15004697000.0,14948500000.0,359241000000.0,285508000000.0,73733000000.0,98657000000.0,62723000000.0,35934000000.0,54697000000.0,5718000000.0,39777000000.0,49834000000.0,125848000000.0,-76014000000.0,0,0,78328000000.0,165631000000.0,147957000000.0,-17674000000.0,-14264000000.0,93568000000.0,93568000000.0,73733000000.0,73733000000.0,172390000000.0,152061000000.0,111482000000.0,98767000000.0,-12715000000.0,-15421000000.0,-90711000000.0,-120686000000.0,15195000000.0,5991000000.0,35934000000.0,29943000000.0,12863000000.0,11698000000.0,0,112010000000.0,-25000000000.0,4481000000.0,-10932000000.0,6,21,14,3,2,9,"Financial Advisors Love Warren Buffett, but They Don’t Always Agree With Him"
2026-08-05 14:00:00+00:00,307.9800109863,308.3494873047,307.5299987793,308.3299865723,557067,0.0,0.0,AAPL,苹果,Apple Inc.,USD,14,0,AAPL,305.59,4459835424768,35.044724,32.14128,1.086,0.35,1.08,0.1204,223.78,344.57,150000,7.36,41.52038,0.27618998,0.27082002,1.4875101,31.707,62399000576,84343996416,466822987776,167959003136,0.48653,0.32623002,78.445,0.812,1.003,0.66483,0.01648,2.58,14594180000,14569223952,322.2844,400.0,215.0,2.13043,41,416161000000.0,220960000000.0,195201000000.0,133050000000.0,112010000000.0,7.46,7.49,0,27601000000.0,20719000000.0,132729000000.0,144748000000.0,133050000000.0,144748000000.0,112010000000.0,11698000000.0,15004697000.0,14948500000.0,359241000000.0,285508000000.0,73733000000.0,98657000000.0,62723000000.0,35934000000.0,54697000000.0,5718000000.0,39777000000.0,49834000000.0,125848000000.0,-76014000000.0,0,0,78328000000.0,165631000000.0,147957000000.0,-17674000000.0,-14264000000.0,93568000000.0,93568000000.0,73733000000.0,73733000000.0,172390000000.0,152061000000.0,111482000000.0,98767000000.0,-12715000000.0,-15421000000.0,-90711000000.0,-120686000000.0,15195000000.0,5991000000.0,35934000000.0,29943000000.0,12863000000.0,11698000000.0,0,112010000000.0,-25000000000.0,4481000000.0,-10932000000.0,6,21,14,3,2,9,"Financial Advisors Love Warren Buffett, but They Don’t Always Agree With Him"
2026-08-05 14:05:00+00:00,308.3200073242,308.3944091797,307.6286010742,307.674987793,446126,0.0,0.0,AAPL,苹果,Apple Inc.,USD,14,5,AAPL,305.59,4459835424768,35.044724,32.14128,1.086,0.35,1.08,0.1204,223.78,344.57,150000,7.36,41.52038,0.27618998,0.27082002,1.4875101,31.707,62399000576,84343996416,466822987776,167959003136,0.48653,0.32623002,78.445,0.812,1.003,0.66483,0.01648,2.58,14594180000,14569223952,322.2844,400.0,215.0,2.13043,41,416161000000.0,220960000000.0,195201000000.0,133050000000.0,112010000000.0,7.46,7.49,0,27601000000.0,20719000000.0,132729000000.0,144748000000.0,133050000000.0,144748000000.0,112010000000.0,11698000000.0,15004697000.0,14948500000.0,359241000000.0,285508000000.0,73733000000.0,98657000000.0,62723000000.0,35934000000.0,54697000000.0,5718000000.0,39777000000.0,49834000000.0,125848000000.0,-76014000000.0,0,0,78328000000.0,165631000000.0,147957000000.0,-17674000000.0,-14264000000.0,93568000000.0,93568000000.0,73733000000.0,73733000000.0,172390000000.0,152061000000.0,111482000000.0,98767000000.0,-12715000000.0,-15421000000.0,-90711000000.0,-120686000000.0,15195000000.0,5991000000.0,35934000000.0,29943000000.0,12863000000.0,11698000000.0,0,112010000000.0,-25000000000.0,4481000000.0,-10932000000.0,6,21,14,3,2,9,"Financial Advisors Love Warren Buffett, but They Don’t Always Agree With Him"
2026-08-05 14:10:00+00:00,307.6799926758,308.5,307.3500061035,308.4198913574,473959,0.0,0.0,AAPL,苹果,Apple Inc.,USD,14,10,AAPL,305.59,4459835424768,35.044724,32.14128,1.086,0.35,1.08,0.1204,223.78,344.57,150000,7.36,41.52038,0.27618998,0.27082002,1.4875101,31.707,62399000576,84343996416,466822987776,167959003136,0.48653,0.32623002,78.445,0.812,1.003,0.66483,0.01648,2.58,14594180000,14569223952,322.2844,400.0,215.0,2.13043,41,416161000000.0,220960000000.0,195201000000.0,133050000000.0,112010000000.0,7.46,7.49,0,27601000000.0,20719000000.0,132729000000.0,144748000000.0,133050000000.0,144748000000.0,112010000000.0,11698000000.0,15004697000.0,14948500000.0,359241000000.0,285508000000.0,73733000000.0,98657000000.0,62723000000.0,35934000000.0,54697000000.0,5718000000.0,39777000000.0,49834000000.0,125848000000.0,-76014000000.0,0,0,78328000000.0,165631000000.0,147957000000.0,-17674000000.0,-14264000000.0,93568000000.0,93568000000.0,73733000000.0,73733000000.0,172390000000.0,152061000000.0,111482000000.0,98767000000.0,-12715000000.0,-15421000000.0,-90711000000.0,-120686000000.0,15195000000.0,5991000000.0,35934000000.0,29943000000.0,12863000000.0,11698000000.0,0,112010000000.0,-25000000000.0,4481000000.0,-10932000000.0,6,21,14,3,2,9,"Financial Advisors Love Warren Buffett, but They Don’t Always Agree With Him"
2026-08-05 14:15:00+00:00,308.3999938965,308.7099914551,308.0599975586,308.280090332,480901,0.0,0.0,AAPL,苹果,Apple Inc.,USD,14,15,AAPL,305.59,4459835424768,35.044724,32.14128,1.086,0.35,1.08,0.1204,223.78,344.57,150000,7.36,41.52038,0.27618998,0.27082002,1.4875101,31.707,62399000576,84343996416,466822987776,167959003136,0.48653,0.32623002,78.445,0.812,1.003,0.66483,0.01648,2.58,14594180000,14569223952,322.2844,400.0,215.0,2.13043,41,416161000000.0,220960000000.0,195201000000.0,133050000000.0,112010000000.0,7.46,7.49,0,27601000000.0,20719000000.0,132729000000.0,144748000000.0,133050000000.0,144748000000.0,112010000000.0,11698000000.0,15004697000.0,14948500000.0,359241000000.0,285508000000.0,73733000000.0,98657000000.0,62723000000.0,35934000000.0,54697000000.0,5718000000.0,39777000000.0,49834000000.0,125848000000.0,-76014000000.0,0,0,78328000000.0,165631000000.0,147957000000.0,-17674000000.0,-14264000000.0,93568000000.0,93568000000.0,73733000000.0,73733000000.0,172390000000.0,152061000000.0,111482000000.0,98767000000.0,-12715000000.0,-15421000000.0,-90711000000.0,-120686000000.0,15195000000.0,5991000000.0,35934000000.0,29943000000.0,12863000000.0,11698000000.0,0,112010000000.0,-25000000000.0,4481000000.0,-10932000000.0,6,21,14,3,2,9,"Financial Advisors Love Warren Buffett, but They Don’t Always Agree With Him"
2026-08-05 14:20:00+00:00,308.2799987793,309.0498962402,308.2550048828,308.3349914551,519681,0.0,0.0,AAPL,苹果,Apple Inc.,USD,14,20,AAPL,305.59,4459835424768,35.044724,32.14128,1.086,0.35,1.08,0.1204,223.78,344.57,150000,7.36,41.52038,0.27618998,0.27082002,1.4875101,31.707,62399000576,84343996416,466822987776,167959003136,0.48653,0.32623002,78.445,0.812,1.003,0.66483,0.01648,2.58,14594180000,14569223952,322.2844,400.0,215.0,2.13043,41,416161000000.0,220960000000.0,195201000000.0,133050000000.0,112010000000.0,7.46,7.49,0,27601000000.0,20719000000.0,132729000000.0,144748000000.0,133050000000.0,144748000000.0,112010000000.0,11698000000.0,15004697000.0,14948500000.0,359241000000.0,285508000000.0,73733000000.0,98657000000.0,62723000000.0,35934000000.0,54697000000.0,5718000000.0,39777000000.0,49834000000.0,125848000000.0,-76014000000.0,0,0,78328000000.0,165631000000.0,147957000000.0,-17674000000.0,-14264000000.0,93568000000.0,93568000000.0,73733000000.0,73733000000.0,172390000000.0,152061000000.0,111482000000.0,98767000000.0,-12715000000.0,-15421000000.0,-90711000000.0,-120686000000.0,15195000000.0,5991000000.0,35934000000.0,29943000000.0,12863000000.0,11698000000.0,0,112010000000.0,-25000000000.0,4481000000.0,-10932000000.0,6,21,14,3,2,9,"Financial Advisors Love Warren Buffett, but They Don’t Always Agree With Him"
2026-08-05 14:25:00+00:00,308.3450012207,308.3550109863,306.7200012207,306.7275085449,572287,0.0,0.0,AAPL,苹果,Apple Inc.,USD,14,25,AAPL,305.59,4459835424768,35.044724,32.14128,1.086,0.35,1.08,0.1204,223.78,344.57,150000,7.36,41.52038,0.27618998,0.27082002,1.4875101,31.707,62399000576,84343996416,466822987776,167959003136,0.48653,0.32623002,78.445,0.812,1.003,0.66483,0.01648,2.58,14594180000,14569223952,322.2844,400.0,215.0,2.13043,41,416161000000.0,220960000000.0,195201000000.0,133050000000.0,112010000000.0,7.46,7.49,0,27601000000.0,20719000000.0,132729000000.0,144748000000.0,133050000000.0,144748000000.0,112010000000.0,11698000000.0,15004697000.0,14948500000.0,359241000000.0,285508000000.0,73733000000.0,98657000000.0,62723000000.0,35934000000.0,54697000000.0,5718000000.0,39777000000.0,49834000000.0,125848000000.0,-76014000000.0,0,0,78328000000.0,165631000000.0,147957000000.0,-17674000000.0,-14264000000.0,93568000000.0,93568000000.0,73733000000.0,73733000000.0,172390000000.0,152061000000.0,111482000000.0,98767000000.0,-12715000000.0,-15421000000.0,-90711000000.0,-120686000000.0,15195000000.0,5991000000.0,35934000000.0,29943000000.0,12863000000.0,11698000000.0,0,112010000000.0,-25000000000.0,4481000000.0,-10932000000.0,6,21,14,3,2,9,"Financial Advisors Love Warren Buffett, but They Don’t Always Agree With Him"
2026-08-05 14:30:00+00:00,306.700012207,307.0599975586,306.2699890137,306.8299865723,629632,0.0,0.0,AAPL,苹果,Apple Inc.,USD,14,30,AAPL,305.59,4459835424768,35.044724,32.14128,1.086,0.35,1.08,0.1204,223.78,344.57,150000,7.36,41.52038,0.27618998,0.27082002,1.4875101,31.707,62399000576,84343996416,466822987776,167959003136,0.48653,0.32623002,78.445,0.812,1.003,0.66483,0.01648,2.58,14594180000,14569223952,322.2844,400.0,215.0,2.13043,41,416161000000.0,220960000000.0,195201000000.0,133050000000.0,112010000000.0,7.46,7.49,0,27601000000.0,20719000000.0,132729000000.0,144748000000.0,133050000000.0,144748000000.0,112010000000.0,11698000000.0,15004697000.0,14948500000.0,359241000000.0,285508000000.0,73733000000.0,98657000000.0,62723000000.0,35934000000.0,54697000000.0,5718000000.0,39777000000.0,49834000000.0,125848000000.0,-76014000000.0,0,0,78328000000.0,165631000000.0,147957000000.0,-17674000000.0,-14264000000.0,93568000000.0,93568000000.0,73733000000.0,73733000000.0,172390000000.0,152061000000.0,111482000000.0,98767000000.0,-12715000000.0,-15421000000.0,-90711000000.0,-120686000000.0,15195000000.0,5991000000.0,35934000000.0,29943000000.0,12863000000.0,11698000000.0,0,112010000000.0,-25000000000.0,4481000000.0,-10932000000.0,6,21,14,3,2,9,"Financial Advisors Love Warren Buffett, but They Don’t Always Agree With Him"
2026-08-05 14:35:00+00:00,306.8389892578,307.6799926758,306.7699890137,307.5408935547,563542,0.0,0.0,AAPL,苹果,Apple Inc.,USD,14,35,AAPL,305.59,4459835424768,35.044724,32.14128,1.086,0.35,1.08,0.1204,223.78,344.57,150000,7.36,41.52038,0.27618998,0.27082002,1.4875101,31.707,62399000576,84343996416,466822987776,167959003136,0.48653,0.32623002,78.445,0.812,1.003,0.66483,0.01648,2.58,14594180000,14569223952,322.2844,400.0,215.0,2.13043,41,416161000000.0,220960000000.0,195201000000.0,133050000000.0,112010000000.0,7.46,7.49,0,27601000000.0,20719000000.0,132729000000.0,144748000000.0,133050000000.0,144748000000.0,112010000000.0,11698000000.0,15004697000.0,14948500000.0,359241000000.0,285508000000.0,73733000000.0,98657000000.0,62723000000.0,35934000000.0,54697000000.0,5718000000.0,39777000000.0,49834000000.0,125848000000.0,-76014000000.0,0,0,78328000000.0,165631000000.0,147957000000.0,-17674000000.0,-14264000000.0,93568000000.0,93568000000.0,73733000000.0,73733000000.0,172390000000.0,152061000000.0,111482000000.0,98767000000.0,-12715000000.0,-15421000000.0,-90711000000.0,-120686000000.0,15195000000.0,5991000000.0,35934000000.0,29943000000.0,12863000000.0,11698000000.0,0,112010000000.0,-25000000000.0,4481000000.0,-10932000000.0,6,21,14,3,2,9,"Financial Advisors Love Warren Buffett, but They Don’t Always Agree With Him"
2026-08-05 14:40:00+00:00,307.575012207,308.8800048828,307.5400085449,308.8499145508,579557,0.0,0.0,AAPL,苹果,Apple Inc.,USD,14,40,AAPL,305.59,4459835424768,35.044724,32.14128,1.086,0.35,1.08,0.1204,223.78,344.57,150000,7.36,41.52038,0.27618998,0.27082002,1.4875101,31.707,62399000576,84343996416,466822987776,167959003136,0.48653,0.32623002,78.445,0.812,1.003,0.66483,0.01648,2.58,14594180000,14569223952,322.2844,400.0,215.0,2.13043,41,416161000000.0,220960000000.0,195201000000.0,133050000000.0,112010000000.0,7.46,7.49,0,27601000000.0,20719000000.0,132729000000.0,144748000000.0,133050000000.0,144748000000.0,112010000000.0,11698000000.0,15004697000.0,14948500000.0,359241000000.0,285508000000.0,73733000000.0,98657000000.0,62723000000.0,35934000000.0,54697000000.0,5718000000.0,39777000000.0,49834000000.0,125848000000.0,-76014000000.0,0,0,78328000000.0,165631000000.0,147957000000.0,-17674000000.0,-14264000000.0,93568000000.0,93568000000.0,73733000000.0,73733000000.0,172390000000.0,152061000000.0,111482000000.0,98767000000.0,-12715000000.0,-15421000000.0,-90711000000.0,-120686000000.0,15195000000.0,5991000000.0,35934000000.0,29943000000.0,12863000000.0,11698000000.0,0,112010000000.0,-25000000000.0,4481000000.0,-10932000000.0,6,21,14,3,2,9,"Financial Advisors Love Warren Buffett, but They Don’t Always Agree With Him"
2026-08-05 14:45:00+00:00,308.8500061035,310.0799865723,308.8299865723,309.929901123,802777,0.0,0.0,AAPL,苹果,Apple Inc.,USD,14,45,AAPL,305.59,4459835424768,35.044724,32.14128,1.086,0.35,1.08,0.1204,223.78,344.57,150000,7.36,41.52038,0.27618998,0.27082002,1.4875101,31.707,62399000576,84343996416,466822987776,167959003136,0.48653,0.32623002,78.445,0.812,1.003,0.66483,0.01648,2.58,14594180000,14569223952,322.2844,400.0,215.0,2.13043,41,416161000000.0,220960000000.0,195201000000.0,133050000000.0,112010000000.0,7.46,7.49,0,27601000000.0,20719000000.0,132729000000.0,144748000000.0,133050000000.0,144748000000.0,112010000000.0,11698000000.0,15004697000.0,14948500000.0,359241000000.0,285508000000.0,73733000000.0,98657000000.0,62723000000.0,35934000000.0,54697000000.0,5718000000.0,39777000000.0,49834000000.0,125848000000.0,-76014000000.0,0,0,78328000000.0,165631000000.0,147957000000.0,-17674000000.0,-14264000000.0,93568000000.0,93568000000.0,73733000000.0,73733000000.0,172390000000.0,152061000000.0,111482000000.0,98767000000.0,-12715000000.0,-15421000000.0,-90711000000.0,-120686000000.0,15195000000.0,5991000000.0,35934000000.0,29943000000.0,12863000000.0,11698000000.0,0,112010000000.0,-25000000000.0,4481000000.0,-10932000000.0,6,21,14,3,2,9,"Financial Advisors Love Warren Buffett, but They Don’t Always Agree With Him"
2026-08-05 14:50:00+00:00,309.9100036621,311.2200012207,309.9100036621,310.7099914551,939261,0.0,0.0,AAPL,苹果,Apple Inc.,USD,14,50,AAPL,305.59,4459835424768,35.044724,32.14128,1.086,0.35,1.08,0.1204,223.78,344.57,150000,7.36,41.52038,0.27618998,0.27082002,1.4875101,31.707,62399000576,84343996416,466822987776,167959003136,0.48653,0.32623002,78.445,0.812,1.003,0.66483,0.01648,2.58,14594180000,14569223952,322.2844,400.0,215.0,2.13043,41,416161000000.0,220960000000.0,195201000000.0,133050000000.0,112010000000.0,7.46,7.49,0,27601000000.0,20719000000.0,132729000000.0,144748000000.0,133050000000.0,144748000000.0,112010000000.0,11698000000.0,15004697000.0,14948500000.0,359241000000.0,285508000000.0,73733000000.0,98657000000.0,62723000000.0,35934000000.0,54697000000.0,5718000000.0,39777000000.0,49834000000.0,125848000000.0,-76014000000.0,0,0,78328000000.0,165631000000.0,147957000000.0,-17674000000.0,-14264000000.0,93568000000.0,93568000000.0,73733000000.0,73733000000.0,172390000000.0,152061000000.0,111482000000.0,98767000000.0,-12715000000.0,-15421000000.0,-90711000000.0,-120686000000.0,15195000000.0,5991000000.0,35934000000.0,29943000000.0,12863000000.0,11698000000.0,0,112010000000.0,-25000000000.0,4481000000.0,-10932000000.0,6,21,14,3,2,9,"Financial Advisors Love Warren Buffett, but They Don’t Always Agree With Him"
2026-08-05 14:55:00+00:00,310.7300109863,311.3599853516,310.3900146484,311.325012207,605125,0.0,0.0,AAPL,苹果,Apple Inc.,USD,14,55,AAPL,305.59,4459835424768,35.044724,32.14128,1.086,0.35,1.08,0.1204,223.78,344.57,150000,7.36,41.52038,0.27618998,0.27082002,1.4875101,31.707,62399000576,84343996416,466822987776,167959003136,0.48653,0.32623002,78.445,0.812,1.003,0.66483,0.01648,2.58,14594180000,14569223952,322.2844,400.0,215.0,2.13043,41,416161000000.0,220960000000.0,195201000000.0,133050000000.0,112010000000.0,7.46,7.49,0,27601000000.0,20719000000.0,132729000000.0,144748000000.0,133050000000.0,144748000000.0,112010000000.0,11698000000.0,15004697000.0,14948500000.0,359241000000.0,285508000000.0,73733000000.0,98657000000.0,62723000000.0,35934000000.0,54697000000.0,5718000000.0,39777000000.0,49834000000.0,125848000000.0,-76014000000.0,0,0,78328000000.0,165631000000.0,147957000000.0,-17674000000.0,-14264000000.0,93568000000.0,93568000000.0,73733000000.0,73733000000.0,172390000000.0,152061000000.0,111482000000.0,98767000000.0,-12715000000.0,-15421000000.0,-90711000000.0,-120686000000.0,15195000000.0,5991000000.0,35934000000.0,29943000000.0,12863000000.0,11698000000.0,0,112010000000.0,-25000000000.0,4481000000.0,-10932000000.0,6,21,14,3,2,9,"Financial Advisors Love Warren Buffett, but They Don’t Always Agree With Him"
2026-08-05 15:00:00+00:00,311.3399963379,311.3699951172,310.5899963379,311.0350036621,563531,0.0,0.0,AAPL,苹果,Apple Inc.,USD,15,0,AAPL,305.59,4459835424768,35.044724,32.14128,1.086,0.35,1.08,0.1204,223.78,344.57,150000,7.36,41.52038,0.27618998,0.27082002,1.4875101,31.707,62399000576,84343996416,466822987776,167959003136,0.48653,0.32623002,78.445,0.812,1.003,0.66483,0.01648,2.58,14594180000,14569223952,322.2844,400.0,215.0,2.13043,41,416161000000.0,220960000000.0,195201000000.0,133050000000.0,112010000000.0,7.46,7.49,0,27601000000.0,20719000000.0,132729000000.0,144748000000.0,133050000000.0,144748000000.0,112010000000.0,11698000000.0,15004697000.0,14948500000.0,359241000000.0,285508000000.0,73733000000.0,98657000000.0,62723000000.0,35934000000.0,54697000000.0,5718000000.0,39777000000.0,49834000000.0,125848000000.0,-76014000000.0,0,0,78328000000.0,165631000000.0,147957000000.0,-17674000000.0,-14264000000.0,93568000000.0,93568000000.0,73733000000.0,73733000000.0,172390000000.0,152061000000.0,111482000000.0,98767000000.0,-12715000000.0,-15421000000.0,-90711000000.0,-120686000000.0,15195000000.0,5991000000.0,35934000000.0,29943000000.0,12863000000.0,11698000000.0,0,112010000000.0,-25000000000.0,4481000000.0,-10932000000.0,6,21,14,3,2,9,"Financial Advisors Love Warren Buffett, but They Don’t Always Agree With Him"
2026-08-05 15:05:00+00:00,311.0400085449,311.6600036621,310.854095459,311.5450134277,617726,0.0,0.0,AAPL,苹果,Apple Inc.,USD,15,5,AAPL,305.59,4459835424768,35.044724,32.14128,1.086,0.35,1.08,0.1204,223.78,344.57,150000,7.36,41.52038,0.27618998,0.27082002,1.4875101,31.707,62399000576,84343996416,466822987776,167959003136,0.48653,0.32623002,78.445,0.812,1.003,0.66483,0.01648,2.58,14594180000,14569223952,322.2844,400.0,215.0,2.13043,41,416161000000.0,220960000000.0,195201000000.0,133050000000.0,112010000000.0,7.46,7.49,0,27601000000.0,20719000000.0,132729000000.0,144748000000.0,133050000000.0,144748000000.0,112010000000.0,11698000000.0,15004697000.0,14948500000.0,359241000000.0,285508000000.0,73733000000.0,98657000000.0,62723000000.0,35934000000.0,54697000000.0,5718000000.0,39777000000.0,49834000000.0,125848000000.0,-76014000000.0,0,0,78328000000.0,165631000000.0,147957000000.0,-17674000000.0,-14264000000.0,93568000000.0,93568000000.0,73733000000.0,73733000000.0,172390000000.0,152061000000.0,111482000000.0,98767000000.0,-12715000000.0,-15421000000.0,-90711000000.0,-120686000000.0,15195000000.0,5991000000.0,35934000000.0,29943000000.0,12863000000.0,11698000000.0,0,112010000000.0,-25000000000.0,4481000000.0,-10932000000.0,6,21,14,3,2,9,"Financial Advisors Love Warren Buffett, but They Don’t Always Agree With Him"
2026-08-05 15:10:00+00:00,311.5465087891,311.708190918,310.5199890137,310.5199890137,542961,0.0,0.0,AAPL,苹果,Apple Inc.,USD,15,10,AAPL,305.59,4459835424768,35.044724,32.14128,1.086,0.35,1.08,0.1204,223.78,344.57,150000,7.36,41.52038,0.27618998,0.27082002,1.4875101,31.707,62399000576,84343996416,466822987776,167959003136,0.48653,0.32623002,78.445,0.812,1.003,0.66483,0.01648,2.58,14594180000,14569223952,322.2844,400.0,215.0,2.13043,41,416161000000.0,220960000000.0,195201000000.0,133050000000.0,112010000000.0,7.46,7.49,0,27601000000.0,20719000000.0,132729000000.0,144748000000.0,133050000000.0,144748000000.0,112010000000.0,11698000000.0,15004697000.0,14948500000.0,359241000000.0,285508000000.0,73733000000.0,98657000000.0,62723000000.0,35934000000.0,54697000000.0,5718000000.0,39777000000.0,49834000000.0,125848000000.0,-76014000000.0,0,0,78328000000.0,165631000000.0,147957000000.0,-17674000000.0,-14264000000.0,93568000000.0,93568000000.0,73733000000.0,73733000000.0,172390000000.0,152061000000.0,111482000000.0,98767000000.0,-12715000000.0,-15421000000.0,-90711000000.0,-120686000000.0,15195000000.0,5991000000.0,35934000000.0,29943000000.0,12863000000.0,11698000000.0,0,112010000000.0,-25000000000.0,4481000000.0,-10932000000.0,6,21,14,3,2,9,"Financial Advisors Love Warren Buffett, but They Don’t Always Agree With Him"
2026-08-05 15:15:00+00:00,310.5100097656,310.6050109863,309.3099975586,309.8299865723,825045,0.0,0.0,AAPL,苹果,Apple Inc.,USD,15,15,AAPL,305.59,4459835424768,35.044724,32.14128,1.086,0.35,1.08,0.1204,223.78,344.57,150000,7.36,41.52038,0.27618998,0.27082002,1.4875101,31.707,62399000576,84343996416,466822987776,167959003136,0.48653,0.32623002,78.445,0.812,1.003,0.66483,0.01648,2.58,14594180000,14569223952,322.2844,400.0,215.0,2.13043,41,416161000000.0,220960000000.0,195201000000.0,133050000000.0,112010000000.0,7.46,7.49,0,27601000000.0,20719000000.0,132729000000.0,144748000000.0,133050000000.0,144748000000.0,112010000000.0,11698000000.0,15004697000.0,14948500000.0,359241000000.0,285508000000.0,73733000000.0,98657000000.0,62723000000.0,35934000000.0,54697000000.0,5718000000.0,39777000000.0,49834000000.0,125848000000.0,-76014000000.0,0,0,78328000000.0,165631000000.0,147957000000.0,-17674000000.0,-14264000000.0,93568000000.0,93568000000.0,73733000000.0,73733000000.0,172390000000.0,152061000000.0,111482000000.0,98767000000.0,-12715000000.0,-15421000000.0,-90711000000.0,-120686000000.0,15195000000.0,5991000000.0,35934000000.0,29943000000.0,12863000000.0,11698000000.0,0,112010000000.0,-25000000000.0,4481000000.0,-10932000000.0,6,21,14,3,2,9,"Financial Advisors Love Warren Buffett, but They Don’t Always Agree With Him"
2026-08-05 15:20:00+00:00,309.8099975586,309.9295043945,309.5,309.700012207,356274,0.0,0.0,AAPL,苹果,Apple Inc.,USD,15,20,AAPL,305.59,4459835424768,35.044724,32.14128,1.086,0.35,1.08,0.1204,223.78,344.57,150000,7.36,41.52038,0.27618998,0.27082002,1.4875101,31.707,62399000576,84343996416,466822987776,167959003136,0.48653,0.32623002,78.445,0.812,1.003,0.66483,0.01648,2.58,14594180000,14569223952,322.2844,400.0,215.0,2.13043,41,416161000000.0,220960000000.0,195201000000.0,133050000000.0,112010000000.0,7.46,7.49,0,27601000000.0,20719000000.0,132729000000.0,144748000000.0,133050000000.0,144748000000.0,112010000000.0,11698000000.0,15004697000.0,14948500000.0,359241000000.0,285508000000.0,73733000000.0,98657000000.0,62723000000.0,35934000000.0,54697000000.0,5718000000.0,39777000000.0,49834000000.0,125848000000.0,-76014000000.0,0,0,78328000000.0,165631000000.0,147957000000.0,-17674000000.0,-14264000000.0,93568000000.0,93568000000.0,73733000000.0,73733000000.0,172390000000.0,152061000000.0,111482000000.0,98767000000.0,-12715000000.0,-15421000000.0,-90711000000.0,-120686000000.0,15195000000.0,5991000000.0,35934000000.0,29943000000.0,12863000000.0,11698000000.0,0,112010000000.0,-25000000000.0,4481000000.0,-10932000000.0,6,21,14,3,2,9,"Financial Advisors Love Warren Buffett, but They Don’t Always Agree With Him"
2026-08-05 15:25:00+00:00,309.6900024414,309.700012207,308.4200134277,308.5950012207,401258,0.0,0.0,AAPL,苹果,Apple Inc.,USD,15,25,AAPL,305.59,4459835424768,35.044724,32.14128,1.086,0.35,1.08,0.1204,223.78,344.57,150000,7.36,41.52038,0.27618998,0.27082002,1.4875101,31.707,62399000576,84343996416,466822987776,167959003136,0.48653,0.32623002,78.445,0.812,1.003,0.66483,0.01648,2.58,14594180000,14569223952,322.2844,400.0,215.0,2.13043,41,416161000000.0,220960000000.0,195201000000.0,133050000000.0,112010000000.0,7.46,7.49,0,27601000000.0,20719000000.0,132729000000.0,144748000000.0,133050000000.0,144748000000.0,112010000000.0,11698000000.0,15004697000.0,14948500000.0,359241000000.0,285508000000.0,73733000000.0,98657000000.0,62723000000.0,35934000000.0,54697000000.0,5718000000.0,39777000000.0,49834000000.0,125848000000.0,-76014000000.0,0,0,78328000000.0,165631000000.0,147957000000.0,-17674000000.0,-14264000000.0,93568000000.0,93568000000.0,73733000000.0,73733000000.0,172390000000.0,152061000000.0,111482000000.0,98767000000.0,-12715000000.0,-15421000000.0,-90711000000.0,-120686000000.0,15195000000.0,5991000000.0,35934000000.0,29943000000.0,12863000000.0,11698000000.0,0,112010000000.0,-25000000000.0,4481000000.0,-10932000000.0,6,21,14,3,2,9,"Financial Advisors Love Warren Buffett, but They Don’t Always Agree With Him"
2026-08-05 15:30:00+00:00,308.5950012207,309.0,308.5700073242,308.6499938965,351705,0.0,0.0,AAPL,苹果,Apple Inc.,USD,15,30,AAPL,305.59,4459835424768,35.044724,32.14128,1.086,0.35,1.08,0.1204,223.78,344.57,150000,7.36,41.52038,0.27618998,0.27082002,1.4875101,31.707,62399000576,84343996416,466822987776,167959003136,0.48653,0.32623002,78.445,0.812,1.003,0.66483,0.01648,2.58,14594180000,14569223952,322.2844,400.0,215.0,2.13043,41,416161000000.0,220960000000.0,195201000000.0,133050000000.0,112010000000.0,7.46,7.49,0,27601000000.0,20719000000.0,132729000000.0,144748000000.0,133050000000.0,144748000000.0,112010000000.0,11698000000.0,15004697000.0,14948500000.0,359241000000.0,285508000000.0,73733000000.0,98657000000.0,62723000000.0,35934000000.0,54697000000.0,5718000000.0,39777000000.0,49834000000.0,125848000000.0,-76014000000.0,0,0,78328000000.0,165631000000.0,147957000000.0,-17674000000.0,-14264000000.0,93568000000.0,93568000000.0,73733000000.0,73733000000.0,172390000000.0,152061000000.0,111482000000.0,98767000000.0,-12715000000.0,-15421000000.0,-90711000000.0,-120686000000.0,15195000000.0,5991000000.0,35934000000.0,29943000000.0,12863000000.0,11698000000.0,0,112010000000.0,-25000000000.0,4481000000.0,-10932000000.0,6,21,14,3,2,9,"Financial Advisors Love Warren Buffett, but They Don’t Always Agree With Him"
2026-08-05 15:35:00+00:00,308.6600036621,308.75,308.1799926758,308.4157104492,318861,0.0,0.0,AAPL,苹果,Apple Inc.,USD,15,35,AAPL,305.59,4459835424768,35.044724,32.14128,1.086,0.35,1.08,0.1204,223.78,344.57,150000,7.36,41.52038,0.27618998,0.27082002,1.4875101,31.707,62399000576,84343996416,466822987776,167959003136,0.48653,0.32623002,78.445,0.812,1.003,0.66483,0.01648,2.58,14594180000,14569223952,322.2844,400.0,215.0,2.13043,41,416161000000.0,220960000000.0,195201000000.0,133050000000.0,112010000000.0,7.46,7.49,0,27601000000.0,20719000000.0,132729000000.0,144748000000.0,133050000000.0,144748000000.0,112010000000.0,11698000000.0,15004697000.0,14948500000.0,359241000000.0,285508000000.0,73733000000.0,98657000000.0,62723000000.0,35934000000.0,54697000000.0,5718000000.0,39777000000.0,49834000000.0,125848000000.0,-76014000000.0,0,0,78328000000.0,165631000000.0,147957000000.0,-17674000000.0,-14264000000.0,93568000000.0,93568000000.0,73733000000.0,73733000000.0,172390000000.0,152061000000.0,111482000000.0,98767000000.0,-12715000000.0,-15421000000.0,-90711000000.0,-120686000000.0,15195000000.0,5991000000.0,35934000000.0,29943000000.0,12863000000.0,11698000000.0,0,112010000000.0,-25000000000.0,4481000000.0,-10932000000.0,6,21,14,3,2,9,"Financial Advisors Love Warren Buffett, but They Don’t Always Agree With Him"
2026-08-05 15:40:00+00:00,308.4349975586,308.4899902344,308.1400146484,308.2650146484,280228,0.0,0.0,AAPL,苹果,Apple Inc.,USD,15,40,AAPL,305.59,4459835424768,35.044724,32.14128,1.086,0.35,1.08,0.1204,223.78,344.57,150000,7.36,41.52038,0.27618998,0.27082002,1.4875101,31.707,62399000576,84343996416,466822987776,167959003136,0.48653,0.32623002,78.445,0.812,1.003,0.66483,0.01648,2.58,14594180000,14569223952,322.2844,400.0,215.0,2.13043,41,416161000000.0,220960000000.0,195201000000.0,133050000000.0,112010000000.0,7.46,7.49,0,27601000000.0,20719000000.0,132729000000.0,144748000000.0,133050000000.0,144748000000.0,112010000000.0,11698000000.0,15004697000.0,14948500000.0,359241000000.0,285508000000.0,73733000000.0,98657000000.0,62723000000.0,35934000000.0,54697000000.0,5718000000.0,39777000000.0,49834000000.0,125848000000.0,-76014000000.0,0,0,78328000000.0,165631000000.0,147957000000.0,-17674000000.0,-14264000000.0,93568000000.0,93568000000.0,73733000000.0,73733000000.0,172390000000.0,152061000000.0,111482000000.0,98767000000.0,-12715000000.0,-15421000000.0,-90711000000.0,-120686000000.0,15195000000.0,5991000000.0,35934000000.0,29943000000.0,12863000000.0,11698000000.0,0,112010000000.0,-25000000000.0,4481000000.0,-10932000000.0,6,21,14,3,2,9,"Financial Advisors Love Warren Buffett, but They Don’t Always Agree With Him"
2026-08-05 15:45:00+00:00,308.2651062012,308.3299865723,307.8299865723,308.049987793,361086,0.0,0.0,AAPL,苹果,Apple Inc.,USD,15,45,AAPL,305.59,4459835424768,35.044724,32.14128,1.086,0.35,1.08,0.1204,223.78,344.57,150000,7.36,41.52038,0.27618998,0.27082002,1.4875101,31.707,62399000576,84343996416,466822987776,167959003136,0.48653,0.32623002,78.445,0.812,1.003,0.66483,0.01648,2.58,14594180000,14569223952,322.2844,400.0,215.0,2.13043,41,416161000000.0,220960000000.0,195201000000.0,133050000000.0,112010000000.0,7.46,7.49,0,27601000000.0,20719000000.0,132729000000.0,144748000000.0,133050000000.0,144748000000.0,112010000000.0,11698000000.0,15004697000.0,14948500000.0,359241000000.0,285508000000.0,73733000000.0,98657000000.0,62723000000.0,35934000000.0,54697000000.0,5718000000.0,39777000000.0,49834000000.0,125848000000.0,-76014000000.0,0,0,78328000000.0,165631000000.0,147957000000.0,-17674000000.0,-14264000000.0,93568000000.0,93568000000.0,73733000000.0,73733000000.0,172390000000.0,152061000000.0,111482000000.0,98767000000.0,-12715000000.0,-15421000000.0,-90711000000.0,-120686000000.0,15195000000.0,5991000000.0,35934000000.0,29943000000.0,12863000000.0,11698000000.0,0,112010000000.0,-25000000000.0,4481000000.0,-10932000000.0,6,21,14,3,2,9,"Financial Advisors Love Warren Buffett, but They Don’t Always Agree With Him"
2026-08-05 15:50:00+00:00,308.0299987793,308.4800109863,307.9100036621,308.4049987793,341802,0.0,0.0,AAPL,苹果,Apple Inc.,USD,15,50,AAPL,305.59,4459835424768,35.044724,32.14128,1.086,0.35,1.08,0.1204,223.78,344.57,150000,7.36,41.52038,0.27618998,0.27082002,1.4875101,31.707,62399000576,84343996416,466822987776,167959003136,0.48653,0.32623002,78.445,0.812,1.003,0.66483,0.01648,2.58,14594180000,14569223952,322.2844,400.0,215.0,2.13043,41,416161000000.0,220960000000.0,195201000000.0,133050000000.0,112010000000.0,7.46,7.49,0,27601000000.0,20719000000.0,132729000000.0,144748000000.0,133050000000.0,144748000000.0,112010000000.0,11698000000.0,15004697000.0,14948500000.0,359241000000.0,285508000000.0,73733000000.0,98657000000.0,62723000000.0,35934000000.0,54697000000.0,5718000000.0,39777000000.0,49834000000.0,125848000000.0,-76014000000.0,0,0,78328000000.0,165631000000.0,147957000000.0,-17674000000.0,-14264000000.0,93568000000.0,93568000000.0,73733000000.0,73733000000.0,172390000000.0,152061000000.0,111482000000.0,98767000000.0,-12715000000.0,-15421000000.0,-90711000000.0,-120686000000.0,15195000000.0,5991000000.0,35934000000.0,29943000000.0,12863000000.0,11698000000.0,0,112010000000.0,-25000000000.0,4481000000.0,-10932000000.0,6,21,14,3,2,9,"Financial Advisors Love Warren Buffett, but They Don’t Always Agree With Him"
2026-08-05 15:55:00+00:00,308.3987121582,308.5198974609,307.8500061035,307.9700012207,423331,0.0,0.0,AAPL,苹果,Apple Inc.,USD,15,55,AAPL,305.59,4459835424768,35.044724,32.14128,1.086,0.35,1.08,0.1204,223.78,344.57,150000,7.36,41.52038,0.27618998,0.27082002,1.4875101,31.707,62399000576,84343996416,466822987776,167959003136,0.48653,0.32623002,78.445,0.812,1.003,0.66483,0.01648,2.58,14594180000,14569223952,322.2844,400.0,215.0,2.13043,41,416161000000.0,220960000000.0,195201000000.0,133050000000.0,112010000000.0,7.46,7.49,0,27601000000.0,20719000000.0,132729000000.0,144748000000.0,133050000000.0,144748000000.0,112010000000.0,11698000000.0,15004697000.0,14948500000.0,359241000000.0,285508000000.0,73733000000.0,98657000000.0,62723000000.0,35934000000.0,54697000000.0,5718000000.0,39777000000.0,49834000000.0,125848000000.0,-76014000000.0,0,0,78328000000.0,165631000000.0,147957000000.0,-17674000000.0,-14264000000.0,93568000000.0,93568000000.0,73733000000.0,73733000000.0,172390000000.0,152061000000.0,111482000000.0,98767000000.0,-12715000000.0,-15421000000.0,-90711000000.0,-120686000000.0,15195000000.0,5991000000.0,35934000000.0,29943000000.0,12863000000.0,11698000000.0,0,112010000000.0,-25000000000.0,4481000000.0,-10932000000.0,6,21,14,3,2,9,"Financial Advisors Love Warren Buffett, but They Don’t Always Agree With Him"
2026-08-05 16:00:00+00:00,307.9700012207,308.924987793,307.9599914551,308.700012207,545235,0.0,0.0,AAPL,苹果,Apple Inc.,USD,16,0,AAPL,305.59,4459835424768,35.044724,32.14128,1.086,0.35,1.08,0.1204,223.78,344.57,150000,7.36,41.52038,0.27618998,0.27082002,1.4875101,31.707,62399000576,84343996416,466822987776,167959003136,0.48653,0.32623002,78.445,0.812,1.003,0.66483,0.01648,2.58,14594180000,14569223952,322.2844,400.0,215.0,2.13043,41,416161000000.0,220960000000.0,195201000000.0,133050000000.0,112010000000.0,7.46,7.49,0,27601000000.0,20719000000.0,132729000000.0,144748000000.0,133050000000.0,144748000000.0,112010000000.0,11698000000.0,15004697000.0,14948500000.0,359241000000.0,285508000000.0,73733000000.0,98657000000.0,62723000000.0,35934000000.0,54697000000.0,5718000000.0,39777000000.0,49834000000.0,125848000000.0,-76014000000.0,0,0,78328000000.0,165631000000.0,147957000000.0,-17674000000.0,-14264000000.0,93568000000.0,93568000000.0,73733000000.0,73733000000.0,172390000000.0,152061000000.0,111482000000.0,98767000000.0,-12715000000.0,-15421000000.0,-90711000000.0,-120686000000.0,15195000000.0,5991000000.0,35934000000.0,29943000000.0,12863000000.0,11698000000.0,0,112010000000.0,-25000000000.0,4481000000.0,-10932000000.0,6,21,14,3,2,9,"Financial Advisors Love Warren Buffett, but They Don’t Always Agree With Him"
2026-08-05 16:05:00+00:00,308.7008972168,309.4400024414,308.6401062012,309.200012207,379025,0.0,0.0,AAPL,苹果,Apple Inc.,USD,16,5,AAPL,305.59,4459835424768,35.044724,32.14128,1.086,0.35,1.08,0.1204,223.78,344.57,150000,7.36,41.52038,0.27618998,0.27082002,1.4875101,31.707,62399000576,84343996416,466822987776,167959003136,0.48653,0.32623002,78.445,0.812,1.003,0.66483,0.01648,2.58,14594180000,14569223952,322.2844,400.0,215.0,2.13043,41,416161000000.0,220960000000.0,195201000000.0,133050000000.0,112010000000.0,7.46,7.49,0,27601000000.0,20719000000.0,132729000000.0,144748000000.0,133050000000.0,144748000000.0,112010000000.0,11698000000.0,15004697000.0,14948500000.0,359241000000.0,285508000000.0,73733000000.0,98657000000.0,62723000000.0,35934000000.0,54697000000.0,5718000000.0,39777000000.0,49834000000.0,125848000000.0,-76014000000.0,0,0,78328000000.0,165631000000.0,147957000000.0,-17674000000.0,-14264000000.0,93568000000.0,93568000000.0,73733000000.0,73733000000.0,172390000000.0,152061000000.0,111482000000.0,98767000000.0,-12715000000.0,-15421000000.0,-90711000000.0,-120686000000.0,15195000000.0,5991000000.0,35934000000.0,29943000000.0,12863000000.0,11698000000.0,0,112010000000.0,-25000000000.0,4481000000.0,-10932000000.0,6,21,14,3,2,9,"Financial Advisors Love Warren Buffett, but They Don’t Always Agree With Him"
2026-08-05 16:10:00+00:00,309.200012207,309.3800048828,308.8900146484,309.0950012207,314061,0.0,0.0,AAPL,苹果,Apple Inc.,USD,16,10,AAPL,305.59,4459835424768,35.044724,32.14128,1.086,0.35,1.08,0.1204,223.78,344.57,150000,7.36,41.52038,0.27618998,0.27082002,1.4875101,31.707,62399000576,84343996416,466822987776,167959003136,0.48653,0.32623002,78.445,0.812,1.003,0.66483,0.01648,2.58,14594180000,14569223952,322.2844,400.0,215.0,2.13043,41,416161000000.0,220960000000.0,195201000000.0,133050000000.0,112010000000.0,7.46,7.49,0,27601000000.0,20719000000.0,132729000000.0,144748000000.0,133050000000.0,144748000000.0,112010000000.0,11698000000.0,15004697000.0,14948500000.0,359241000000.0,285508000000.0,73733000000.0,98657000000.0,62723000000.0,35934000000.0,54697000000.0,5718000000.0,39777000000.0,49834000000.0,125848000000.0,-76014000000.0,0,0,78328000000.0,165631000000.0,147957000000.0,-17674000000.0,-14264000000.0,93568000000.0,93568000000.0,73733000000.0,73733000000.0,172390000000.0,152061000000.0,111482000000.0,98767000000.0,-12715000000.0,-15421000000.0,-90711000000.0,-120686000000.0,15195000000.0,5991000000.0,35934000000.0,29943000000.0,12863000000.0,11698000000.0,0,112010000000.0,-25000000000.0,4481000000.0,-10932000000.0,6,21,14,3,2,9,"Financial Advisors Love Warren Buffett, but They Don’t Always Agree With Him"
2026-08-05 16:15:00+00:00,309.0899963379,309.1055908203,308.8800048828,308.924987793,199962,0.0,0.0,AAPL,苹果,Apple Inc.,USD,16,15,AAPL,305.59,4459835424768,35.044724,32.14128,1.086,0.35,1.08,0.1204,223.78,344.57,150000,7.36,41.52038,0.27618998,0.27082002,1.4875101,31.707,62399000576,84343996416,466822987776,167959003136,0.48653,0.32623002,78.445,0.812,1.003,0.66483,0.01648,2.58,14594180000,14569223952,322.2844,400.0,215.0,2.13043,41,416161000000.0,220960000000.0,195201000000.0,133050000000.0,112010000000.0,7.46,7.49,0,27601000000.0,20719000000.0,132729000000.0,144748000000.0,133050000000.0,144748000000.0,112010000000.0,11698000000.0,15004697000.0,14948500000.0,359241000000.0,285508000000.0,73733000000.0,98657000000.0,62723000000.0,35934000000.0,54697000000.0,5718000000.0,39777000000.0,49834000000.0,125848000000.0,-76014000000.0,0,0,78328000000.0,165631000000.0,147957000000.0,-17674000000.0,-14264000000.0,93568000000.0,93568000000.0,73733000000.0,73733000000.0,172390000000.0,152061000000.0,111482000000.0,98767000000.0,-12715000000.0,-15421000000.0,-90711000000.0,-120686000000.0,15195000000.0,5991000000.0,35934000000.0,29943000000.0,12863000000.0,11698000000.0,0,112010000000.0,-25000000000.0,4481000000.0,-10932000000.0,6,21,14,3,2,9,"Financial Advisors Love Warren Buffett, but They Don’t Always Agree With Him"
2026-08-05 16:20:00+00:00,308.9200134277,309.3299865723,308.8504943848,309.0299987793,186103,0.0,0.0,AAPL,苹果,Apple Inc.,USD,16,20,AAPL,305.59,4459835424768,35.044724,32.14128,1.086,0.35,1.08,0.1204,223.78,344.57,150000,7.36,41.52038,0.27618998,0.27082002,1.4875101,31.707,62399000576,84343996416,466822987776,167959003136,0.48653,0.32623002,78.445,0.812,1.003,0.66483,0.01648,2.58,14594180000,14569223952,322.2844,400.0,215.0,2.13043,41,416161000000.0,220960000000.0,195201000000.0,133050000000.0,112010000000.0,7.46,7.49,0,27601000000.0,20719000000.0,132729000000.0,144748000000.0,133050000000.0,144748000000.0,112010000000.0,11698000000.0,15004697000.0,14948500000.0,359241000000.0,285508000000.0,73733000000.0,98657000000.0,62723000000.0,35934000000.0,54697000000.0,5718000000.0,39777000000.0,49834000000.0,125848000000.0,-76014000000.0,0,0,78328000000.0,165631000000.0,147957000000.0,-17674000000.0,-14264000000.0,93568000000.0,93568000000.0,73733000000.0,73733000000.0,172390000000.0,152061000000.0,111482000000.0,98767000000.0,-12715000000.0,-15421000000.0,-90711000000.0,-120686000000.0,15195000000.0,5991000000.0,35934000000.0,29943000000.0,12863000000.0,11698000000.0,0,112010000000.0,-25000000000.0,4481000000.0,-10932000000.0,6,21,14,3,2,9,"Financial Advisors Love Warren Buffett, but They Don’t Always Agree With Him"
2026-08-05 16:25:00+00:00,309.0357055664,309.2300109863,308.6000976562,308.6398925781,229203,0.0,0.0,AAPL,苹果,Apple Inc.,USD,16,25,AAPL,305.59,4459835424768,35.044724,32.14128,1.086,0.35,1.08,0.1204,223.78,344.57,150000,7.36,41.52038,0.27618998,0.27082002,1.4875101,31.707,62399000576,84343996416,466822987776,167959003136,0.48653,0.32623002,78.445,0.812,1.003,0.66483,0.01648,2.58,14594180000,14569223952,322.2844,400.0,215.0,2.13043,41,416161000000.0,220960000000.0,195201000000.0,133050000000.0,112010000000.0,7.46,7.49,0,27601000000.0,20719000000.0,132729000000.0,144748000000.0,133050000000.0,144748000000.0,112010000000.0,11698000000.0,15004697000.0,14948500000.0,359241000000.0,285508000000.0,73733000000.0,98657000000.0,62723000000.0,35934000000.0,54697000000.0,5718000000.0,39777000000.0,49834000000.0,125848000000.0,-76014000000.0,0,0,78328000000.0,165631000000.0,147957000000.0,-17674000000.0,-14264000000.0,93568000000.0,93568000000.0,73733000000.0,73733000000.0,172390000000.0,152061000000.0,111482000000.0,98767000000.0,-12715000000.0,-15421000000.0,-90711000000.0,-120686000000.0,15195000000.0,5991000000.0,35934000000.0,29943000000.0,12863000000.0,11698000000.0,0,112010000000.0,-25000000000.0,4481000000.0,-10932000000.0,6,21,14,3,2,9,"Financial Advisors Love Warren Buffett, but They Don’t Always Agree With Him"
2026-08-05 16:30:00+00:00,308.6300048828,308.9899902344,308.450012207,308.924987793,246819,0.0,0.0,AAPL,苹果,Apple Inc.,USD,16,30,AAPL,305.59,4459835424768,35.044724,32.14128,1.086,0.35,1.08,0.1204,223.78,344.57,150000,7.36,41.52038,0.27618998,0.27082002,1.4875101,31.707,62399000576,84343996416,466822987776,167959003136,0.48653,0.32623002,78.445,0.812,1.003,0.66483,0.01648,2.58,14594180000,14569223952,322.2844,400.0,215.0,2.13043,41,416161000000.0,220960000000.0,195201000000.0,133050000000.0,112010000000.0,7.46,7.49,0,27601000000.0,20719000000.0,132729000000.0,144748000000.0,133050000000.0,144748000000.0,112010000000.0,11698000000.0,15004697000.0,14948500000.0,359241000000.0,285508000000.0,73733000000.0,98657000000.0,62723000000.0,35934000000.0,54697000000.0,5718000000.0,39777000000.0,49834000000.0,125848000000.0,-76014000000.0,0,0,78328000000.0,165631000000.0,147957000000.0,-17674000000.0,-14264000000.0,93568000000.0,93568000000.0,73733000000.0,73733000000.0,172390000000.0,152061000000.0,111482000000.0,98767000000.0,-12715000000.0,-15421000000.0,-90711000000.0,-120686000000.0,15195000000.0,5991000000.0,35934000000.0,29943000000.0,12863000000.0,11698000000.0,0,112010000000.0,-25000000000.0,4481000000.0,-10932000000.0,6,21,14,3,2,9,"Financial Advisors Love Warren Buffett, but They Don’t Always Agree With Him"
2026-08-05 16:35:00+00:00,308.9299926758,309.1199951172,308.6499938965,308.6900024414,232552,0.0,0.0,AAPL,苹果,Apple Inc.,USD,16,35,AAPL,305.59,4459835424768,35.044724,32.14128,1.086,0.35,1.08,0.1204,223.78,344.57,150000,7.36,41.52038,0.27618998,0.27082002,1.4875101,31.707,62399000576,84343996416,466822987776,167959003136,0.48653,0.32623002,78.445,0.812,1.003,0.66483,0.01648,2.58,14594180000,14569223952,322.2844,400.0,215.0,2.13043,41,416161000000.0,220960000000.0,195201000000.0,133050000000.0,112010000000.0,7.46,7.49,0,27601000000.0,20719000000.0,132729000000.0,144748000000.0,133050000000.0,144748000000.0,112010000000.0,11698000000.0,15004697000.0,14948500000.0,359241000000.0,285508000000.0,73733000000.0,98657000000.0,62723000000.0,35934000000.0,54697000000.0,5718000000.0,39777000000.0,49834000000.0,125848000000.0,-76014000000.0,0,0,78328000000.0,165631000000.0,147957000000.0,-17674000000.0,-14264000000.0,93568000000.0,93568000000.0,73733000000.0,73733000000.0,172390000000.0,152061000000.0,111482000000.0,98767000000.0,-12715000000.0,-15421000000.0,-90711000000.0,-120686000000.0,15195000000.0,5991000000.0,35934000000.0,29943000000.0,12863000000.0,11698000000.0,0,112010000000.0,-25000000000.0,4481000000.0,-10932000000.0,6,21,14,3,2,9,"Financial Advisors Love Warren Buffett, but They Don’t Always Agree With Him"
2026-08-05 16:40:00+00:00,308.6600036621,309.3399963379,308.6600036621,309.2900085449,324801,0.0,0.0,AAPL,苹果,Apple Inc.,USD,16,40,AAPL,305.59,4459835424768,35.044724,32.14128,1.086,0.35,1.08,0.1204,223.78,344.57,150000,7.36,41.52038,0.27618998,0.27082002,1.4875101,31.707,62399000576,84343996416,466822987776,167959003136,0.48653,0.32623002,78.445,0.812,1.003,0.66483,0.01648,2.58,14594180000,14569223952,322.2844,400.0,215.0,2.13043,41,416161000000.0,220960000000.0,195201000000.0,133050000000.0,112010000000.0,7.46,7.49,0,27601000000.0,20719000000.0,132729000000.0,144748000000.0,133050000000.0,144748000000.0,112010000000.0,11698000000.0,15004697000.0,14948500000.0,359241000000.0,285508000000.0,73733000000.0,98657000000.0,62723000000.0,35934000000.0,54697000000.0,5718000000.0,39777000000.0,49834000000.0,125848000000.0,-76014000000.0,0,0,78328000000.0,165631000000.0,147957000000.0,-17674000000.0,-14264000000.0,93568000000.0,93568000000.0,73733000000.0,73733000000.0,172390000000.0,152061000000.0,111482000000.0,98767000000.0,-12715000000.0,-15421000000.0,-90711000000.0,-120686000000.0,15195000000.0,5991000000.0,35934000000.0,29943000000.0,12863000000.0,11698000000.0,0,112010000000.0,-25000000000.0,4481000000.0,-10932000000.0,6,21,14,3,2,9,"Financial Advisors Love Warren Buffett, but They Don’t Always Agree With Him"
2026-08-05 16:45:00+00:00,309.2799987793,309.3399963379,308.8999938965,309.0599975586,170475,0.0,0.0,AAPL,苹果,Apple Inc.,USD,16,45,AAPL,305.59,4459835424768,35.044724,32.14128,1.086,0.35,1.08,0.1204,223.78,344.57,150000,7.36,41.52038,0.27618998,0.27082002,1.4875101,31.707,62399000576,84343996416,466822987776,167959003136,0.48653,0.32623002,78.445,0.812,1.003,0.66483,0.01648,2.58,14594180000,14569223952,322.2844,400.0,215.0,2.13043,41,416161000000.0,220960000000.0,195201000000.0,133050000000.0,112010000000.0,7.46,7.49,0,27601000000.0,20719000000.0,132729000000.0,144748000000.0,133050000000.0,144748000000.0,112010000000.0,11698000000.0,15004697000.0,14948500000.0,359241000000.0,285508000000.0,73733000000.0,98657000000.0,62723000000.0,35934000000.0,54697000000.0,5718000000.0,39777000000.0,49834000000.0,125848000000.0,-76014000000.0,0,0,78328000000.0,165631000000.0,147957000000.0,-17674000000.0,-14264000000.0,93568000000.0,93568000000.0,73733000000.0,73733000000.0,172390000000.0,152061000000.0,111482000000.0,98767000000.0,-12715000000.0,-15421000000.0,-90711000000.0,-120686000000.0,15195000000.0,5991000000.0,35934000000.0,29943000000.0,12863000000.0,11698000000.0,0,112010000000.0,-25000000000.0,4481000000.0,-10932000000.0,6,21,14,3,2,9,"Financial Advisors Love Warren Buffett, but They Don’t Always Agree With Him"
2026-08-05 16:50:00+00:00,309.0599975586,309.1000061035,308.8299865723,309.0549926758,195399,0.0,0.0,AAPL,苹果,Apple Inc.,USD,16,50,AAPL,305.59,4459835424768,35.044724,32.14128,1.086,0.35,1.08,0.1204,223.78,344.57,150000,7.36,41.52038,0.27618998,0.27082002,1.4875101,31.707,62399000576,84343996416,466822987776,167959003136,0.48653,0.32623002,78.445,0.812,1.003,0.66483,0.01648,2.58,14594180000,14569223952,322.2844,400.0,215.0,2.13043,41,416161000000.0,220960000000.0,195201000000.0,133050000000.0,112010000000.0,7.46,7.49,0,27601000000.0,20719000000.0,132729000000.0,144748000000.0,133050000000.0,144748000000.0,112010000000.0,11698000000.0,15004697000.0,14948500000.0,359241000000.0,285508000000.0,73733000000.0,98657000000.0,62723000000.0,35934000000.0,54697000000.0,5718000000.0,39777000000.0,49834000000.0,125848000000.0,-76014000000.0,0,0,78328000000.0,165631000000.0,147957000000.0,-17674000000.0,-14264000000.0,93568000000.0,93568000000.0,73733000000.0,73733000000.0,172390000000.0,152061000000.0,111482000000.0,98767000000.0,-12715000000.0,-15421000000.0,-90711000000.0,-120686000000.0,15195000000.0,5991000000.0,35934000000.0,29943000000.0,12863000000.0,11698000000.0,0,112010000000.0,-25000000000.0,4481000000.0,-10932000000.0,6,21,14,3,2,9,"Financial Advisors Love Warren Buffett, but They Don’t Always Agree With Him"
2026-08-05 16:55:00+00:00,309.0549926758,309.1199951172,308.75,308.8299865723,202819,0.0,0.0,AAPL,苹果,Apple Inc.,USD,16,55,AAPL,305.59,4459835424768,35.044724,32.14128,1.086,0.35,1.08,0.1204,223.78,344.57,150000,7.36,41.52038,0.27618998,0.27082002,1.4875101,31.707,62399000576,84343996416,466822987776,167959003136,0.48653,0.32623002,78.445,0.812,1.003,0.66483,0.01648,2.58,14594180000,14569223952,322.2844,400.0,215.0,2.13043,41,416161000000.0,220960000000.0,195201000000.0,133050000000.0,112010000000.0,7.46,7.49,0,27601000000.0,20719000000.0,132729000000.0,144748000000.0,133050000000.0,144748000000.0,112010000000.0,11698000000.0,15004697000.0,14948500000.0,359241000000.0,285508000000.0,73733000000.0,98657000000.0,62723000000.0,35934000000.0,54697000000.0,5718000000.0,39777000000.0,49834000000.0,125848000000.0,-76014000000.0,0,0,78328000000.0,165631000000.0,147957000000.0,-17674000000.0,-14264000000.0,93568000000.0,93568000000.0,73733000000.0,73733000000.0,172390000000.0,152061000000.0,111482000000.0,98767000000.0,-12715000000.0,-15421000000.0,-90711000000.0,-120686000000.0,15195000000.0,5991000000.0,35934000000.0,29943000000.0,12863000000.0,11698000000.0,0,112010000000.0,-25000000000.0,4481000000.0,-10932000000.0,6,21,14,3,2,9,"Financial Advisors Love Warren Buffett, but They Don’t Always Agree With Him"
2026-08-05 17:00:00+00:00,308.8299865723,309.125,308.8200073242,309.0400085449,170091,0.0,0.0,AAPL,苹果,Apple Inc.,USD,17,0,AAPL,305.59,4459835424768,35.044724,32.14128,1.086,0.35,1.08,0.1204,223.78,344.57,150000,7.36,41.52038,0.27618998,0.27082002,1.4875101,31.707,62399000576,84343996416,466822987776,167959003136,0.48653,0.32623002,78.445,0.812,1.003,0.66483,0.01648,2.58,14594180000,14569223952,322.2844,400.0,215.0,2.13043,41,416161000000.0,220960000000.0,195201000000.0,133050000000.0,112010000000.0,7.46,7.49,0,27601000000.0,20719000000.0,132729000000.0,144748000000.0,133050000000.0,144748000000.0,112010000000.0,11698000000.0,15004697000.0,14948500000.0,359241000000.0,285508000000.0,73733000000.0,98657000000.0,62723000000.0,35934000000.0,54697000000.0,5718000000.0,39777000000.0,49834000000.0,125848000000.0,-76014000000.0,0,0,78328000000.0,165631000000.0,147957000000.0,-17674000000.0,-14264000000.0,93568000000.0,93568000000.0,73733000000.0,73733000000.0,172390000000.0,152061000000.0,111482000000.0,98767000000.0,-12715000000.0,-15421000000.0,-90711000000.0,-120686000000.0,15195000000.0,5991000000.0,35934000000.0,29943000000.0,12863000000.0,11698000000.0,0,112010000000.0,-25000000000.0,4481000000.0,-10932000000.0,6,21,14,3,2,9,"Financial Advisors Love Warren Buffett, but They Don’t Always Agree With Him"
2026-08-05 17:05:00+00:00,309.0299987793,309.3649902344,308.9299926758,309.2699890137,201422,0.0,0.0,AAPL,苹果,Apple Inc.,USD,17,5,AAPL,305.59,4459835424768,35.044724,32.14128,1.086,0.35,1.08,0.1204,223.78,344.57,150000,7.36,41.52038,0.27618998,0.27082002,1.4875101,31.707,62399000576,84343996416,466822987776,167959003136,0.48653,0.32623002,78.445,0.812,1.003,0.66483,0.01648,2.58,14594180000,14569223952,322.2844,400.0,215.0,2.13043,41,416161000000.0,220960000000.0,195201000000.0,133050000000.0,112010000000.0,7.46,7.49,0,27601000000.0,20719000000.0,132729000000.0,144748000000.0,133050000000.0,144748000000.0,112010000000.0,11698000000.0,15004697000.0,14948500000.0,359241000000.0,285508000000.0,73733000000.0,98657000000.0,62723000000.0,35934000000.0,54697000000.0,5718000000.0,39777000000.0,49834000000.0,125848000000.0,-76014000000.0,0,0,78328000000.0,165631000000.0,147957000000.0,-17674000000.0,-14264000000.0,93568000000.0,93568000000.0,73733000000.0,73733000000.0,172390000000.0,152061000000.0,111482000000.0,98767000000.0,-12715000000.0,-15421000000.0,-90711000000.0,-120686000000.0,15195000000.0,5991000000.0,35934000000.0,29943000000.0,12863000000.0,11698000000.0,0,112010000000.0,-25000000000.0,4481000000.0,-10932000000.0,6,21,14,3,2,9,"Financial Advisors Love Warren Buffett, but They Don’t Always Agree With Him"
2026-08-05 17:10:00+00:00,309.2699890137,309.7699890137,309.25,309.7200012207,268049,0.0,0.0,AAPL,苹果,Apple Inc.,USD,17,10,AAPL,305.59,4459835424768,35.044724,32.14128,1.086,0.35,1.08,0.1204,223.78,344.57,150000,7.36,41.52038,0.27618998,0.27082002,1.4875101,31.707,62399000576,84343996416,466822987776,167959003136,0.48653,0.32623002,78.445,0.812,1.003,0.66483,0.01648,2.58,14594180000,14569223952,322.2844,400.0,215.0,2.13043,41,416161000000.0,220960000000.0,195201000000.0,133050000000.0,112010000000.0,7.46,7.49,0,27601000000.0,20719000000.0,132729000000.0,144748000000.0,133050000000.0,144748000000.0,112010000000.0,11698000000.0,15004697000.0,14948500000.0,359241000000.0,285508000000.0,73733000000.0,98657000000.0,62723000000.0,35934000000.0,54697000000.0,5718000000.0,39777000000.0,49834000000.0,125848000000.0,-76014000000.0,0,0,78328000000.0,165631000000.0,147957000000.0,-17674000000.0,-14264000000.0,93568000000.0,93568000000.0,73733000000.0,73733000000.0,172390000000.0,152061000000.0,111482000000.0,98767000000.0,-12715000000.0,-15421000000.0,-90711000000.0,-120686000000.0,15195000000.0,5991000000.0,35934000000.0,29943000000.0,12863000000.0,11698000000.0,0,112010000000.0,-25000000000.0,4481000000.0,-10932000000.0,6,21,14,3,2,9,"Financial Advisors Love Warren Buffett, but They Don’t Always Agree With Him"
2026-08-05 17:15:00+00:00,309.7149963379,309.9800109863,309.6600036621,309.7699890137,225979,0.0,0.0,AAPL,苹果,Apple Inc.,USD,17,15,AAPL,305.59,4459835424768,35.044724,32.14128,1.086,0.35,1.08,0.1204,223.78,344.57,150000,7.36,41.52038,0.27618998,0.27082002,1.4875101,31.707,62399000576,84343996416,466822987776,167959003136,0.48653,0.32623002,78.445,0.812,1.003,0.66483,0.01648,2.58,14594180000,14569223952,322.2844,400.0,215.0,2.13043,41,416161000000.0,220960000000.0,195201000000.0,133050000000.0,112010000000.0,7.46,7.49,0,27601000000.0,20719000000.0,132729000000.0,144748000000.0,133050000000.0,144748000000.0,112010000000.0,11698000000.0,15004697000.0,14948500000.0,359241000000.0,285508000000.0,73733000000.0,98657000000.0,62723000000.0,35934000000.0,54697000000.0,5718000000.0,39777000000.0,49834000000.0,125848000000.0,-76014000000.0,0,0,78328000000.0,165631000000.0,147957000000.0,-17674000000.0,-14264000000.0,93568000000.0,93568000000.0,73733000000.0,73733000000.0,172390000000.0,152061000000.0,111482000000.0,98767000000.0,-12715000000.0,-15421000000.0,-90711000000.0,-120686000000.0,15195000000.0,5991000000.0,35934000000.0,29943000000.0,12863000000.0,11698000000.0,0,112010000000.0,-25000000000.0,4481000000.0,-10932000000.0,6,21,14,3,2,9,"Financial Advisors Love Warren Buffett, but They Don’t Always Agree With Him"
2026-08-05 17:20:00+00:00,309.7749938965,309.8494873047,309.5799865723,309.8099975586,205823,0.0,0.0,AAPL,苹果,Apple Inc.,USD,17,20,AAPL,305.59,4459835424768,35.044724,32.14128,1.086,0.35,1.08,0.1204,223.78,344.57,150000,7.36,41.52038,0.27618998,0.27082002,1.4875101,31.707,62399000576,84343996416,466822987776,167959003136,0.48653,0.32623002,78.445,0.812,1.003,0.66483,0.01648,2.58,14594180000,14569223952,322.2844,400.0,215.0,2.13043,41,416161000000.0,220960000000.0,195201000000.0,133050000000.0,112010000000.0,7.46,7.49,0,27601000000.0,20719000000.0,132729000000.0,144748000000.0,133050000000.0,144748000000.0,112010000000.0,11698000000.0,15004697000.0,14948500000.0,359241000000.0,285508000000.0,73733000000.0,98657000000.0,62723000000.0,35934000000.0,54697000000.0,5718000000.0,39777000000.0,49834000000.0,125848000000.0,-76014000000.0,0,0,78328000000.0,165631000000.0,147957000000.0,-17674000000.0,-14264000000.0,93568000000.0,93568000000.0,73733000000.0,73733000000.0,172390000000.0,152061000000.0,111482000000.0,98767000000.0,-12715000000.0,-15421000000.0,-90711000000.0,-120686000000.0,15195000000.0,5991000000.0,35934000000.0,29943000000.0,12863000000.0,11698000000.0,0,112010000000.0,-25000000000.0,4481000000.0,-10932000000.0,6,21,14,3,2,9,"Financial Advisors Love Warren Buffett, but They Don’t Always Agree With Him"
2026-08-05 17:25:00+00:00,309.7799987793,309.8200073242,309.5899963379,309.7399902344,154422,0.0,0.0,AAPL,苹果,Apple Inc.,USD,17,25,AAPL,305.59,4459835424768,35.044724,32.14128,1.086,0.35,1.08,0.1204,223.78,344.57,150000,7.36,41.52038,0.27618998,0.27082002,1.4875101,31.707,62399000576,84343996416,466822987776,167959003136,0.48653,0.32623002,78.445,0.812,1.003,0.66483,0.01648,2.58,14594180000,14569223952,322.2844,400.0,215.0,2.13043,41,416161000000.0,220960000000.0,195201000000.0,133050000000.0,112010000000.0,7.46,7.49,0,27601000000.0,20719000000.0,132729000000.0,144748000000.0,133050000000.0,144748000000.0,112010000000.0,11698000000.0,15004697000.0,14948500000.0,359241000000.0,285508000000.0,73733000000.0,98657000000.0,62723000000.0,35934000000.0,54697000000.0,5718000000.0,39777000000.0,49834000000.0,125848000000.0,-76014000000.0,0,0,78328000000.0,165631000000.0,147957000000.0,-17674000000.0,-14264000000.0,93568000000.0,93568000000.0,73733000000.0,73733000000.0,172390000000.0,152061000000.0,111482000000.0,98767000000.0,-12715000000.0,-15421000000.0,-90711000000.0,-120686000000.0,15195000000.0,5991000000.0,35934000000.0,29943000000.0,12863000000.0,11698000000.0,0,112010000000.0,-25000000000.0,4481000000.0,-10932000000.0,6,21,14,3,2,9,"Financial Advisors Love Warren Buffett, but They Don’t Always Agree With Him"
2026-08-05 17:30:00+00:00,309.75,310.1700134277,309.6400146484,310.1449890137,247380,0.0,0.0,AAPL,苹果,Apple Inc.,USD,17,30,AAPL,305.59,4459835424768,35.044724,32.14128,1.086,0.35,1.08,0.1204,223.78,344.57,150000,7.36,41.52038,0.27618998,0.27082002,1.4875101,31.707,62399000576,84343996416,466822987776,167959003136,0.48653,0.32623002,78.445,0.812,1.003,0.66483,0.01648,2.58,14594180000,14569223952,322.2844,400.0,215.0,2.13043,41,416161000000.0,220960000000.0,195201000000.0,133050000000.0,112010000000.0,7.46,7.49,0,27601000000.0,20719000000.0,132729000000.0,144748000000.0,133050000000.0,144748000000.0,112010000000.0,11698000000.0,15004697000.0,14948500000.0,359241000000.0,285508000000.0,73733000000.0,98657000000.0,62723000000.0,35934000000.0,54697000000.0,5718000000.0,39777000000.0,49834000000.0,125848000000.0,-76014000000.0,0,0,78328000000.0,165631000000.0,147957000000.0,-17674000000.0,-14264000000.0,93568000000.0,93568000000.0,73733000000.0,73733000000.0,172390000000.0,152061000000.0,111482000000.0,98767000000.0,-12715000000.0,-15421000000.0,-90711000000.0,-120686000000.0,15195000000.0,5991000000.0,35934000000.0,29943000000.0,12863000000.0,11698000000.0,0,112010000000.0,-25000000000.0,4481000000.0,-10932000000.0,6,21,14,3,2,9,"Financial Advisors Love Warren Buffett, but They Don’t Always Agree With Him"
2026-08-05 17:35:00+00:00,310.1400146484,310.2200012207,309.6799926758,309.7600097656,258752,0.0,0.0,AAPL,苹果,Apple Inc.,USD,17,35,AAPL,305.59,4459835424768,35.044724,32.14128,1.086,0.35,1.08,0.1204,223.78,344.57,150000,7.36,41.52038,0.27618998,0.27082002,1.4875101,31.707,62399000576,84343996416,466822987776,167959003136,0.48653,0.32623002,78.445,0.812,1.003,0.66483,0.01648,2.58,14594180000,14569223952,322.2844,400.0,215.0,2.13043,41,416161000000.0,220960000000.0,195201000000.0,133050000000.0,112010000000.0,7.46,7.49,0,27601000000.0,20719000000.0,132729000000.0,144748000000.0,133050000000.0,144748000000.0,112010000000.0,11698000000.0,15004697000.0,14948500000.0,359241000000.0,285508000000.0,73733000000.0,98657000000.0,62723000000.0,35934000000.0,54697000000.0,5718000000.0,39777000000.0,49834000000.0,125848000000.0,-76014000000.0,0,0,78328000000.0,165631000000.0,147957000000.0,-17674000000.0,-14264000000.0,93568000000.0,93568000000.0,73733000000.0,73733000000.0,172390000000.0,152061000000.0,111482000000.0,98767000000.0,-12715000000.0,-15421000000.0,-90711000000.0,-120686000000.0,15195000000.0,5991000000.0,35934000000.0,29943000000.0,12863000000.0,11698000000.0,0,112010000000.0,-25000000000.0,4481000000.0,-10932000000.0,6,21,14,3,2,9,"Financial Advisors Love Warren Buffett, but They Don’t Always Agree With Him"
2026-08-05 17:40:00+00:00,309.7650146484,309.950012207,309.4200134277,309.625,232894,0.0,0.0,AAPL,苹果,Apple Inc.,USD,17,40,AAPL,305.59,4459835424768,35.044724,32.14128,1.086,0.35,1.08,0.1204,223.78,344.57,150000,7.36,41.52038,0.27618998,0.27082002,1.4875101,31.707,62399000576,84343996416,466822987776,167959003136,0.48653,0.32623002,78.445,0.812,1.003,0.66483,0.01648,2.58,14594180000,14569223952,322.2844,400.0,215.0,2.13043,41,416161000000.0,220960000000.0,195201000000.0,133050000000.0,112010000000.0,7.46,7.49,0,27601000000.0,20719000000.0,132729000000.0,144748000000.0,133050000000.0,144748000000.0,112010000000.0,11698000000.0,15004697000.0,14948500000.0,359241000000.0,285508000000.0,73733000000.0,98657000000.0,62723000000.0,35934000000.0,54697000000.0,5718000000.0,39777000000.0,49834000000.0,125848000000.0,-76014000000.0,0,0,78328000000.0,165631000000.0,147957000000.0,-17674000000.0,-14264000000.0,93568000000.0,93568000000.0,73733000000.0,73733000000.0,172390000000.0,152061000000.0,111482000000.0,98767000000.0,-12715000000.0,-15421000000.0,-90711000000.0,-120686000000.0,15195000000.0,5991000000.0,35934000000.0,29943000000.0,12863000000.0,11698000000.0,0,112010000000.0,-25000000000.0,4481000000.0,-10932000000.0,6,21,14,3,2,9,"Financial Advisors Love Warren Buffett, but They Don’t Always Agree With Him"
2026-08-05 17:45:00+00:00,309.6050109863,309.6099853516,309.1400146484,309.2420043945,240692,0.0,0.0,AAPL,苹果,Apple Inc.,USD,17,45,AAPL,305.59,4459835424768,35.044724,32.14128,1.086,0.35,1.08,0.1204,223.78,344.57,150000,7.36,41.52038,0.27618998,0.27082002,1.4875101,31.707,62399000576,84343996416,466822987776,167959003136,0.48653,0.32623002,78.445,0.812,1.003,0.66483,0.01648,2.58,14594180000,14569223952,322.2844,400.0,215.0,2.13043,41,416161000000.0,220960000000.0,195201000000.0,133050000000.0,112010000000.0,7.46,7.49,0,27601000000.0,20719000000.0,132729000000.0,144748000000.0,133050000000.0,144748000000.0,112010000000.0,11698000000.0,15004697000.0,14948500000.0,359241000000.0,285508000000.0,73733000000.0,98657000000.0,62723000000.0,35934000000.0,54697000000.0,5718000000.0,39777000000.0,49834000000.0,125848000000.0,-76014000000.0,0,0,78328000000.0,165631000000.0,147957000000.0,-17674000000.0,-14264000000.0,93568000000.0,93568000000.0,73733000000.0,73733000000.0,172390000000.0,152061000000.0,111482000000.0,98767000000.0,-12715000000.0,-15421000000.0,-90711000000.0,-120686000000.0,15195000000.0,5991000000.0,35934000000.0,29943000000.0,12863000000.0,11698000000.0,0,112010000000.0,-25000000000.0,4481000000.0,-10932000000.0,6,21,14,3,2,9,"Financial Advisors Love Warren Buffett, but They Don’t Always Agree With Him"
2026-08-05 17:50:00+00:00,309.2399902344,309.2950134277,308.9899902344,309.1400146484,188362,0.0,0.0,AAPL,苹果,Apple Inc.,USD,17,50,AAPL,305.59,4459835424768,35.044724,32.14128,1.086,0.35,1.08,0.1204,223.78,344.57,150000,7.36,41.52038,0.27618998,0.27082002,1.4875101,31.707,62399000576,84343996416,466822987776,167959003136,0.48653,0.32623002,78.445,0.812,1.003,0.66483,0.01648,2.58,14594180000,14569223952,322.2844,400.0,215.0,2.13043,41,416161000000.0,220960000000.0,195201000000.0,133050000000.0,112010000000.0,7.46,7.49,0,27601000000.0,20719000000.0,132729000000.0,144748000000.0,133050000000.0,144748000000.0,112010000000.0,11698000000.0,15004697000.0,14948500000.0,359241000000.0,285508000000.0,73733000000.0,98657000000.0,62723000000.0,35934000000.0,54697000000.0,5718000000.0,39777000000.0,49834000000.0,125848000000.0,-76014000000.0,0,0,78328000000.0,165631000000.0,147957000000.0,-17674000000.0,-14264000000.0,93568000000.0,93568000000.0,73733000000.0,73733000000.0,172390000000.0,152061000000.0,111482000000.0,98767000000.0,-12715000000.0,-15421000000.0,-90711000000.0,-120686000000.0,15195000000.0,5991000000.0,35934000000.0,29943000000.0,12863000000.0,11698000000.0,0,112010000000.0,-25000000000.0,4481000000.0,-10932000000.0,6,21,14,3,2,9,"Financial Advisors Love Warren Buffett, but They Don’t Always Agree With Him"
2026-08-05 17:55:00+00:00,309.1400146484,309.1799926758,308.7399902344,308.9200134277,178093,0.0,0.0,AAPL,苹果,Apple Inc.,USD,17,55,AAPL,305.59,4459835424768,35.044724,32.14128,1.086,0.35,1.08,0.1204,223.78,344.57,150000,7.36,41.52038,0.27618998,0.27082002,1.4875101,31.707,62399000576,84343996416,466822987776,167959003136,0.48653,0.32623002,78.445,0.812,1.003,0.66483,0.01648,2.58,14594180000,14569223952,322.2844,400.0,215.0,2.13043,41,416161000000.0,220960000000.0,195201000000.0,133050000000.0,112010000000.0,7.46,7.49,0,27601000000.0,20719000000.0,132729000000.0,144748000000.0,133050000000.0,144748000000.0,112010000000.0,11698000000.0,15004697000.0,14948500000.0,359241000000.0,285508000000.0,73733000000.0,98657000000.0,62723000000.0,35934000000.0,54697000000.0,5718000000.0,39777000000.0,49834000000.0,125848000000.0,-76014000000.0,0,0,78328000000.0,165631000000.0,147957000000.0,-17674000000.0,-14264000000.0,93568000000.0,93568000000.0,73733000000.0,73733000000.0,172390000000.0,152061000000.0,111482000000.0,98767000000.0,-12715000000.0,-15421000000.0,-90711000000.0,-120686000000.0,15195000000.0,5991000000.0,35934000000.0,29943000000.0,12863000000.0,11698000000.0,0,112010000000.0,-25000000000.0,4481000000.0,-10932000000.0,6,21,14,3,2,9,"Financial Advisors Love Warren Buffett, but They Don’t Always Agree With Him"
2026-08-05 18:00:00+00:00,308.9200134277,308.9599914551,308.6000061035,308.7300109863,185603,0.0,0.0,AAPL,苹果,Apple Inc.,USD,18,0,AAPL,305.59,4459835424768,35.044724,32.14128,1.086,0.35,1.08,0.1204,223.78,344.57,150000,7.36,41.52038,0.27618998,0.27082002,1.4875101,31.707,62399000576,84343996416,466822987776,167959003136,0.48653,0.32623002,78.445,0.812,1.003,0.66483,0.01648,2.58,14594180000,14569223952,322.2844,400.0,215.0,2.13043,41,416161000000.0,220960000000.0,195201000000.0,133050000000.0,112010000000.0,7.46,7.49,0,27601000000.0,20719000000.0,132729000000.0,144748000000.0,133050000000.0,144748000000.0,112010000000.0,11698000000.0,15004697000.0,14948500000.0,359241000000.0,285508000000.0,73733000000.0,98657000000.0,62723000000.0,35934000000.0,54697000000.0,5718000000.0,39777000000.0,49834000000.0,125848000000.0,-76014000000.0,0,0,78328000000.0,165631000000.0,147957000000.0,-17674000000.0,-14264000000.0,93568000000.0,93568000000.0,73733000000.0,73733000000.0,172390000000.0,152061000000.0,111482000000.0,98767000000.0,-12715000000.0,-15421000000.0,-90711000000.0,-120686000000.0,15195000000.0,5991000000.0,35934000000.0,29943000000.0,12863000000.0,11698000000.0,0,112010000000.0,-25000000000.0,4481000000.0,-10932000000.0,6,21,14,3,2,9,"Financial Advisors Love Warren Buffett, but They Don’t Always Agree With Him"
2026-08-05 18:05:00+00:00,308.7049865723,308.7650146484,308.5400085449,308.6499938965,218764,0.0,0.0,AAPL,苹果,Apple Inc.,USD,18,5,AAPL,305.59,4459835424768,35.044724,32.14128,1.086,0.35,1.08,0.1204,223.78,344.57,150000,7.36,41.52038,0.27618998,0.27082002,1.4875101,31.707,62399000576,84343996416,466822987776,167959003136,0.48653,0.32623002,78.445,0.812,1.003,0.66483,0.01648,2.58,14594180000,14569223952,322.2844,400.0,215.0,2.13043,41,416161000000.0,220960000000.0,195201000000.0,133050000000.0,112010000000.0,7.46,7.49,0,27601000000.0,20719000000.0,132729000000.0,144748000000.0,133050000000.0,144748000000.0,112010000000.0,11698000000.0,15004697000.0,14948500000.0,359241000000.0,285508000000.0,73733000000.0,98657000000.0,62723000000.0,35934000000.0,54697000000.0,5718000000.0,39777000000.0,49834000000.0,125848000000.0,-76014000000.0,0,0,78328000000.0,165631000000.0,147957000000.0,-17674000000.0,-14264000000.0,93568000000.0,93568000000.0,73733000000.0,73733000000.0,172390000000.0,152061000000.0,111482000000.0,98767000000.0,-12715000000.0,-15421000000.0,-90711000000.0,-120686000000.0,15195000000.0,5991000000.0,35934000000.0,29943000000.0,12863000000.0,11698000000.0,0,112010000000.0,-25000000000.0,4481000000.0,-10932000000.0,6,21,14,3,2,9,"Financial Advisors Love Warren Buffett, but They Don’t Always Agree With Him"
2026-08-05 18:10:00+00:00,308.6400146484,308.6499938965,308.3219909668,308.5100097656,209892,0.0,0.0,AAPL,苹果,Apple Inc.,USD,18,10,AAPL,305.59,4459835424768,35.044724,32.14128,1.086,0.35,1.08,0.1204,223.78,344.57,150000,7.36,41.52038,0.27618998,0.27082002,1.4875101,31.707,62399000576,84343996416,466822987776,167959003136,0.48653,0.32623002,78.445,0.812,1.003,0.66483,0.01648,2.58,14594180000,14569223952,322.2844,400.0,215.0,2.13043,41,416161000000.0,220960000000.0,195201000000.0,133050000000.0,112010000000.0,7.46,7.49,0,27601000000.0,20719000000.0,132729000000.0,144748000000.0,133050000000.0,144748000000.0,112010000000.0,11698000000.0,15004697000.0,14948500000.0,359241000000.0,285508000000.0,73733000000.0,98657000000.0,62723000000.0,35934000000.0,54697000000.0,5718000000.0,39777000000.0,49834000000.0,125848000000.0,-76014000000.0,0,0,78328000000.0,165631000000.0,147957000000.0,-17674000000.0,-14264000000.0,93568000000.0,93568000000.0,73733000000.0,73733000000.0,172390000000.0,152061000000.0,111482000000.0,98767000000.0,-12715000000.0,-15421000000.0,-90711000000.0,-120686000000.0,15195000000.0,5991000000.0,35934000000.0,29943000000.0,12863000000.0,11698000000.0,0,112010000000.0,-25000000000.0,4481000000.0,-10932000000.0,6,21,14,3,2,9,"Financial Advisors Love Warren Buffett, but They Don’t Always Agree With Him"
2026-08-05 18:15:00+00:00,308.5199890137,308.6700134277,308.4100036621,308.6149902344,197604,0.0,0.0,AAPL,苹果,Apple Inc.,USD,18,15,AAPL,305.59,4459835424768,35.044724,32.14128,1.086,0.35,1.08,0.1204,223.78,344.57,150000,7.36,41.52038,0.27618998,0.27082002,1.4875101,31.707,62399000576,84343996416,466822987776,167959003136,0.48653,0.32623002,78.445,0.812,1.003,0.66483,0.01648,2.58,14594180000,14569223952,322.2844,400.0,215.0,2.13043,41,416161000000.0,220960000000.0,195201000000.0,133050000000.0,112010000000.0,7.46,7.49,0,27601000000.0,20719000000.0,132729000000.0,144748000000.0,133050000000.0,144748000000.0,112010000000.0,11698000000.0,15004697000.0,14948500000.0,359241000000.0,285508000000.0,73733000000.0,98657000000.0,62723000000.0,35934000000.0,54697000000.0,5718000000.0,39777000000.0,49834000000.0,125848000000.0,-76014000000.0,0,0,78328000000.0,165631000000.0,147957000000.0,-17674000000.0,-14264000000.0,93568000000.0,93568000000.0,73733000000.0,73733000000.0,172390000000.0,152061000000.0,111482000000.0,98767000000.0,-12715000000.0,-15421000000.0,-90711000000.0,-120686000000.0,15195000000.0,5991000000.0,35934000000.0,29943000000.0,12863000000.0,11698000000.0,0,112010000000.0,-25000000000.0,4481000000.0,-10932000000.0,6,21,14,3,2,9,"Financial Advisors Love Warren Buffett, but They Don’t Always Agree With Him"
2026-08-05 18:20:00+00:00,308.6199951172,308.6199951172,308.3150024414,308.3450012207,205394,0.0,0.0,AAPL,苹果,Apple Inc.,USD,18,20,AAPL,305.59,4459835424768,35.044724,32.14128,1.086,0.35,1.08,0.1204,223.78,344.57,150000,7.36,41.52038,0.27618998,0.27082002,1.4875101,31.707,62399000576,84343996416,466822987776,167959003136,0.48653,0.32623002,78.445,0.812,1.003,0.66483,0.01648,2.58,14594180000,14569223952,322.2844,400.0,215.0,2.13043,41,416161000000.0,220960000000.0,195201000000.0,133050000000.0,112010000000.0,7.46,7.49,0,27601000000.0,20719000000.0,132729000000.0,144748000000.0,133050000000.0,144748000000.0,112010000000.0,11698000000.0,15004697000.0,14948500000.0,359241000000.0,285508000000.0,73733000000.0,98657000000.0,62723000000.0,35934000000.0,54697000000.0,5718000000.0,39777000000.0,49834000000.0,125848000000.0,-76014000000.0,0,0,78328000000.0,165631000000.0,147957000000.0,-17674000000.0,-14264000000.0,93568000000.0,93568000000.0,73733000000.0,73733000000.0,172390000000.0,152061000000.0,111482000000.0,98767000000.0,-12715000000.0,-15421000000.0,-90711000000.0,-120686000000.0,15195000000.0,5991000000.0,35934000000.0,29943000000.0,12863000000.0,11698000000.0,0,112010000000.0,-25000000000.0,4481000000.0,-10932000000.0,6,21,14,3,2,9,"Financial Advisors Love Warren Buffett, but They Don’t Always Agree With Him"
2026-08-05 18:25:00+00:00,308.3450927734,308.4299926758,308.0799865723,308.1900939941,292896,0.0,0.0,AAPL,苹果,Apple Inc.,USD,18,25,AAPL,305.59,4459835424768,35.044724,32.14128,1.086,0.35,1.08,0.1204,223.78,344.57,150000,7.36,41.52038,0.27618998,0.27082002,1.4875101,31.707,62399000576,84343996416,466822987776,167959003136,0.48653,0.32623002,78.445,0.812,1.003,0.66483,0.01648,2.58,14594180000,14569223952,322.2844,400.0,215.0,2.13043,41,416161000000.0,220960000000.0,195201000000.0,133050000000.0,112010000000.0,7.46,7.49,0,27601000000.0,20719000000.0,132729000000.0,144748000000.0,133050000000.0,144748000000.0,112010000000.0,11698000000.0,15004697000.0,14948500000.0,359241000000.0,285508000000.0,73733000000.0,98657000000.0,62723000000.0,35934000000.0,54697000000.0,5718000000.0,39777000000.0,49834000000.0,125848000000.0,-76014000000.0,0,0,78328000000.0,165631000000.0,147957000000.0,-17674000000.0,-14264000000.0,93568000000.0,93568000000.0,73733000000.0,73733000000.0,172390000000.0,152061000000.0,111482000000.0,98767000000.0,-12715000000.0,-15421000000.0,-90711000000.0,-120686000000.0,15195000000.0,5991000000.0,35934000000.0,29943000000.0,12863000000.0,11698000000.0,0,112010000000.0,-25000000000.0,4481000000.0,-10932000000.0,6,21,14,3,2,9,"Financial Advisors Love Warren Buffett, but They Don’t Always Agree With Him"
2026-08-05 18:30:00+00:00,308.209197998,308.3500061035,308.0849914551,308.3200073242,953608,0.0,0.0,AAPL,苹果,Apple Inc.,USD,18,30,AAPL,305.59,4459835424768,35.044724,32.14128,1.086,0.35,1.08,0.1204,223.78,344.57,150000,7.36,41.52038,0.27618998,0.27082002,1.4875101,31.707,62399000576,84343996416,466822987776,167959003136,0.48653,0.32623002,78.445,0.812,1.003,0.66483,0.01648,2.58,14594180000,14569223952,322.2844,400.0,215.0,2.13043,41,416161000000.0,220960000000.0,195201000000.0,133050000000.0,112010000000.0,7.46,7.49,0,27601000000.0,20719000000.0,132729000000.0,144748000000.0,133050000000.0,144748000000.0,112010000000.0,11698000000.0,15004697000.0,14948500000.0,359241000000.0,285508000000.0,73733000000.0,98657000000.0,62723000000.0,35934000000.0,54697000000.0,5718000000.0,39777000000.0,49834000000.0,125848000000.0,-76014000000.0,0,0,78328000000.0,165631000000.0,147957000000.0,-17674000000.0,-14264000000.0,93568000000.0,93568000000.0,73733000000.0,73733000000.0,172390000000.0,152061000000.0,111482000000.0,98767000000.0,-12715000000.0,-15421000000.0,-90711000000.0,-120686000000.0,15195000000.0,5991000000.0,35934000000.0,29943000000.0,12863000000.0,11698000000.0,0,112010000000.0,-25000000000.0,4481000000.0,-10932000000.0,6,21,14,3,2,9,"Financial Advisors Love Warren Buffett, but They Don’t Always Agree With Him"
2026-08-05 18:35:00+00:00,308.3200073242,308.4949951172,308.3100891113,308.4498901367,221719,0.0,0.0,AAPL,苹果,Apple Inc.,USD,18,35,AAPL,305.59,4459835424768,35.044724,32.14128,1.086,0.35,1.08,0.1204,223.78,344.57,150000,7.36,41.52038,0.27618998,0.27082002,1.4875101,31.707,62399000576,84343996416,466822987776,167959003136,0.48653,0.32623002,78.445,0.812,1.003,0.66483,0.01648,2.58,14594180000,14569223952,322.2844,400.0,215.0,2.13043,41,416161000000.0,220960000000.0,195201000000.0,133050000000.0,112010000000.0,7.46,7.49,0,27601000000.0,20719000000.0,132729000000.0,144748000000.0,133050000000.0,144748000000.0,112010000000.0,11698000000.0,15004697000.0,14948500000.0,359241000000.0,285508000000.0,73733000000.0,98657000000.0,62723000000.0,35934000000.0,54697000000.0,5718000000.0,39777000000.0,49834000000.0,125848000000.0,-76014000000.0,0,0,78328000000.0,165631000000.0,147957000000.0,-17674000000.0,-14264000000.0,93568000000.0,93568000000.0,73733000000.0,73733000000.0,172390000000.0,152061000000.0,111482000000.0,98767000000.0,-12715000000.0,-15421000000.0,-90711000000.0,-120686000000.0,15195000000.0,5991000000.0,35934000000.0,29943000000.0,12863000000.0,11698000000.0,0,112010000000.0,-25000000000.0,4481000000.0,-10932000000.0,6,21,14,3,2,9,"Financial Advisors Love Warren Buffett, but They Don’t Always Agree With Him"
2026-08-05 18:40:00+00:00,308.4599914551,308.7399902344,308.424987793,308.6300048828,258049,0.0,0.0,AAPL,苹果,Apple Inc.,USD,18,40,AAPL,305.59,4459835424768,35.044724,32.14128,1.086,0.35,1.08,0.1204,223.78,344.57,150000,7.36,41.52038,0.27618998,0.27082002,1.4875101,31.707,62399000576,84343996416,466822987776,167959003136,0.48653,0.32623002,78.445,0.812,1.003,0.66483,0.01648,2.58,14594180000,14569223952,322.2844,400.0,215.0,2.13043,41,416161000000.0,220960000000.0,195201000000.0,133050000000.0,112010000000.0,7.46,7.49,0,27601000000.0,20719000000.0,132729000000.0,144748000000.0,133050000000.0,144748000000.0,112010000000.0,11698000000.0,15004697000.0,14948500000.0,359241000000.0,285508000000.0,73733000000.0,98657000000.0,62723000000.0,35934000000.0,54697000000.0,5718000000.0,39777000000.0,49834000000.0,125848000000.0,-76014000000.0,0,0,78328000000.0,165631000000.0,147957000000.0,-17674000000.0,-14264000000.0,93568000000.0,93568000000.0,73733000000.0,73733000000.0,172390000000.0,152061000000.0,111482000000.0,98767000000.0,-12715000000.0,-15421000000.0,-90711000000.0,-120686000000.0,15195000000.0,5991000000.0,35934000000.0,29943000000.0,12863000000.0,11698000000.0,0,112010000000.0,-25000000000.0,4481000000.0,-10932000000.0,6,21,14,3,2,9,"Financial Advisors Love Warren Buffett, but They Don’t Always Agree With Him"
2026-08-05 18:45:00+00:00,308.625,308.7399902344,308.4849853516,308.6910095215,201084,0.0,0.0,AAPL,苹果,Apple Inc.,USD,18,45,AAPL,305.59,4459835424768,35.044724,32.14128,1.086,0.35,1.08,0.1204,223.78,344.57,150000,7.36,41.52038,0.27618998,0.27082002,1.4875101,31.707,62399000576,84343996416,466822987776,167959003136,0.48653,0.32623002,78.445,0.812,1.003,0.66483,0.01648,2.58,14594180000,14569223952,322.2844,400.0,215.0,2.13043,41,416161000000.0,220960000000.0,195201000000.0,133050000000.0,112010000000.0,7.46,7.49,0,27601000000.0,20719000000.0,132729000000.0,144748000000.0,133050000000.0,144748000000.0,112010000000.0,11698000000.0,15004697000.0,14948500000.0,359241000000.0,285508000000.0,73733000000.0,98657000000.0,62723000000.0,35934000000.0,54697000000.0,5718000000.0,39777000000.0,49834000000.0,125848000000.0,-76014000000.0,0,0,78328000000.0,165631000000.0,147957000000.0,-17674000000.0,-14264000000.0,93568000000.0,93568000000.0,73733000000.0,73733000000.0,172390000000.0,152061000000.0,111482000000.0,98767000000.0,-12715000000.0,-15421000000.0,-90711000000.0,-120686000000.0,15195000000.0,5991000000.0,35934000000.0,29943000000.0,12863000000.0,11698000000.0,0,112010000000.0,-25000000000.0,4481000000.0,-10932000000.0,6,21,14,3,2,9,"Financial Advisors Love Warren Buffett, but They Don’t Always Agree With Him"
2026-08-05 18:50:00+00:00,308.700012207,309.1199951172,308.6524047852,309.0354919434,209865,0.0,0.0,AAPL,苹果,Apple Inc.,USD,18,50,AAPL,305.59,4459835424768,35.044724,32.14128,1.086,0.35,1.08,0.1204,223.78,344.57,150000,7.36,41.52038,0.27618998,0.27082002,1.4875101,31.707,62399000576,84343996416,466822987776,167959003136,0.48653,0.32623002,78.445,0.812,1.003,0.66483,0.01648,2.58,14594180000,14569223952,322.2844,400.0,215.0,2.13043,41,416161000000.0,220960000000.0,195201000000.0,133050000000.0,112010000000.0,7.46,7.49,0,27601000000.0,20719000000.0,132729000000.0,144748000000.0,133050000000.0,144748000000.0,112010000000.0,11698000000.0,15004697000.0,14948500000.0,359241000000.0,285508000000.0,73733000000.0,98657000000.0,62723000000.0,35934000000.0,54697000000.0,5718000000.0,39777000000.0,49834000000.0,125848000000.0,-76014000000.0,0,0,78328000000.0,165631000000.0,147957000000.0,-17674000000.0,-14264000000.0,93568000000.0,93568000000.0,73733000000.0,73733000000.0,172390000000.0,152061000000.0,111482000000.0,98767000000.0,-12715000000.0,-15421000000.0,-90711000000.0,-120686000000.0,15195000000.0,5991000000.0,35934000000.0,29943000000.0,12863000000.0,11698000000.0,0,112010000000.0,-25000000000.0,4481000000.0,-10932000000.0,6,21,14,3,2,9,"Financial Advisors Love Warren Buffett, but They Don’t Always Agree With Him"
2026-08-05 18:55:00+00:00,309.0400085449,309.0899963379,308.799987793,308.9599914551,192850,0.0,0.0,AAPL,苹果,Apple Inc.,USD,18,55,AAPL,305.59,4459835424768,35.044724,32.14128,1.086,0.35,1.08,0.1204,223.78,344.57,150000,7.36,41.52038,0.27618998,0.27082002,1.4875101,31.707,62399000576,84343996416,466822987776,167959003136,0.48653,0.32623002,78.445,0.812,1.003,0.66483,0.01648,2.58,14594180000,14569223952,322.2844,400.0,215.0,2.13043,41,416161000000.0,220960000000.0,195201000000.0,133050000000.0,112010000000.0,7.46,7.49,0,27601000000.0,20719000000.0,132729000000.0,144748000000.0,133050000000.0,144748000000.0,112010000000.0,11698000000.0,15004697000.0,14948500000.0,359241000000.0,285508000000.0,73733000000.0,98657000000.0,62723000000.0,35934000000.0,54697000000.0,5718000000.0,39777000000.0,49834000000.0,125848000000.0,-76014000000.0,0,0,78328000000.0,165631000000.0,147957000000.0,-17674000000.0,-14264000000.0,93568000000.0,93568000000.0,73733000000.0,73733000000.0,172390000000.0,152061000000.0,111482000000.0,98767000000.0,-12715000000.0,-15421000000.0,-90711000000.0,-120686000000.0,15195000000.0,5991000000.0,35934000000.0,29943000000.0,12863000000.0,11698000000.0,0,112010000000.0,-25000000000.0,4481000000.0,-10932000000.0,6,21,14,3,2,9,"Financial Advisors Love Warren Buffett, but They Don’t Always Agree With Him"
2026-08-05 19:00:00+00:00,308.950012207,309.0799865723,308.700012207,308.7699890137,200893,0.0,0.0,AAPL,苹果,Apple Inc.,USD,19,0,AAPL,305.59,4459835424768,35.044724,32.14128,1.086,0.35,1.08,0.1204,223.78,344.57,150000,7.36,41.52038,0.27618998,0.27082002,1.4875101,31.707,62399000576,84343996416,466822987776,167959003136,0.48653,0.32623002,78.445,0.812,1.003,0.66483,0.01648,2.58,14594180000,14569223952,322.2844,400.0,215.0,2.13043,41,416161000000.0,220960000000.0,195201000000.0,133050000000.0,112010000000.0,7.46,7.49,0,27601000000.0,20719000000.0,132729000000.0,144748000000.0,133050000000.0,144748000000.0,112010000000.0,11698000000.0,15004697000.0,14948500000.0,359241000000.0,285508000000.0,73733000000.0,98657000000.0,62723000000.0,35934000000.0,54697000000.0,5718000000.0,39777000000.0,49834000000.0,125848000000.0,-76014000000.0,0,0,78328000000.0,165631000000.0,147957000000.0,-17674000000.0,-14264000000.0,93568000000.0,93568000000.0,73733000000.0,73733000000.0,172390000000.0,152061000000.0,111482000000.0,98767000000.0,-12715000000.0,-15421000000.0,-90711000000.0,-120686000000.0,15195000000.0,5991000000.0,35934000000.0,29943000000.0,12863000000.0,11698000000.0,0,112010000000.0,-25000000000.0,4481000000.0,-10932000000.0,6,21,14,3,2,9,"Financial Advisors Love Warren Buffett, but They Don’t Always Agree With Him"
2026-08-05 19:05:00+00:00,308.7723083496,309.1400146484,308.7099914551,309.0350036621,225750,0.0,0.0,AAPL,苹果,Apple Inc.,USD,19,5,AAPL,305.59,4459835424768,35.044724,32.14128,1.086,0.35,1.08,0.1204,223.78,344.57,150000,7.36,41.52038,0.27618998,0.27082002,1.4875101,31.707,62399000576,84343996416,466822987776,167959003136,0.48653,0.32623002,78.445,0.812,1.003,0.66483,0.01648,2.58,14594180000,14569223952,322.2844,400.0,215.0,2.13043,41,416161000000.0,220960000000.0,195201000000.0,133050000000.0,112010000000.0,7.46,7.49,0,27601000000.0,20719000000.0,132729000000.0,144748000000.0,133050000000.0,144748000000.0,112010000000.0,11698000000.0,15004697000.0,14948500000.0,359241000000.0,285508000000.0,73733000000.0,98657000000.0,62723000000.0,35934000000.0,54697000000.0,5718000000.0,39777000000.0,49834000000.0,125848000000.0,-76014000000.0,0,0,78328000000.0,165631000000.0,147957000000.0,-17674000000.0,-14264000000.0,93568000000.0,93568000000.0,73733000000.0,73733000000.0,172390000000.0,152061000000.0,111482000000.0,98767000000.0,-12715000000.0,-15421000000.0,-90711000000.0,-120686000000.0,15195000000.0,5991000000.0,35934000000.0,29943000000.0,12863000000.0,11698000000.0,0,112010000000.0,-25000000000.0,4481000000.0,-10932000000.0,6,21,14,3,2,9,"Financial Advisors Love Warren Buffett, but They Don’t Always Agree With Him"
2026-08-05 19:10:00+00:00,309.0350036621,309.0400085449,308.8349914551,308.9100036621,629959,0.0,0.0,AAPL,苹果,Apple Inc.,USD,19,10,AAPL,305.59,4459835424768,35.044724,32.14128,1.086,0.35,1.08,0.1204,223.78,344.57,150000,7.36,41.52038,0.27618998,0.27082002,1.4875101,31.707,62399000576,84343996416,466822987776,167959003136,0.48653,0.32623002,78.445,0.812,1.003,0.66483,0.01648,2.58,14594180000,14569223952,322.2844,400.0,215.0,2.13043,41,416161000000.0,220960000000.0,195201000000.0,133050000000.0,112010000000.0,7.46,7.49,0,27601000000.0,20719000000.0,132729000000.0,144748000000.0,133050000000.0,144748000000.0,112010000000.0,11698000000.0,15004697000.0,14948500000.0,359241000000.0,285508000000.0,73733000000.0,98657000000.0,62723000000.0,35934000000.0,54697000000.0,5718000000.0,39777000000.0,49834000000.0,125848000000.0,-76014000000.0,0,0,78328000000.0,165631000000.0,147957000000.0,-17674000000.0,-14264000000.0,93568000000.0,93568000000.0,73733000000.0,73733000000.0,172390000000.0,152061000000.0,111482000000.0,98767000000.0,-12715000000.0,-15421000000.0,-90711000000.0,-120686000000.0,15195000000.0,5991000000.0,35934000000.0,29943000000.0,12863000000.0,11698000000.0,0,112010000000.0,-25000000000.0,4481000000.0,-10932000000.0,6,21,14,3,2,9,"Financial Advisors Love Warren Buffett, but They Don’t Always Agree With Him"
2026-08-05 19:15:00+00:00,308.9150085449,309.0791015625,308.9150085449,309.0,186612,0.0,0.0,AAPL,苹果,Apple Inc.,USD,19,15,AAPL,305.59,4459835424768,35.044724,32.14128,1.086,0.35,1.08,0.1204,223.78,344.57,150000,7.36,41.52038,0.27618998,0.27082002,1.4875101,31.707,62399000576,84343996416,466822987776,167959003136,0.48653,0.32623002,78.445,0.812,1.003,0.66483,0.01648,2.58,14594180000,14569223952,322.2844,400.0,215.0,2.13043,41,416161000000.0,220960000000.0,195201000000.0,133050000000.0,112010000000.0,7.46,7.49,0,27601000000.0,20719000000.0,132729000000.0,144748000000.0,133050000000.0,144748000000.0,112010000000.0,11698000000.0,15004697000.0,14948500000.0,359241000000.0,285508000000.0,73733000000.0,98657000000.0,62723000000.0,35934000000.0,54697000000.0,5718000000.0,39777000000.0,49834000000.0,125848000000.0,-76014000000.0,0,0,78328000000.0,165631000000.0,147957000000.0,-17674000000.0,-14264000000.0,93568000000.0,93568000000.0,73733000000.0,73733000000.0,172390000000.0,152061000000.0,111482000000.0,98767000000.0,-12715000000.0,-15421000000.0,-90711000000.0,-120686000000.0,15195000000.0,5991000000.0,35934000000.0,29943000000.0,12863000000.0,11698000000.0,0,112010000000.0,-25000000000.0,4481000000.0,-10932000000.0,6,21,14,3,2,9,"Financial Advisors Love Warren Buffett, but They Don’t Always Agree With Him"
2026-08-05 19:20:00+00:00,308.9949951172,309.8699951172,308.9599914551,309.8599853516,340276,0.0,0.0,AAPL,苹果,Apple Inc.,USD,19,20,AAPL,305.59,4459835424768,35.044724,32.14128,1.086,0.35,1.08,0.1204,223.78,344.57,150000,7.36,41.52038,0.27618998,0.27082002,1.4875101,31.707,62399000576,84343996416,466822987776,167959003136,0.48653,0.32623002,78.445,0.812,1.003,0.66483,0.01648,2.58,14594180000,14569223952,322.2844,400.0,215.0,2.13043,41,416161000000.0,220960000000.0,195201000000.0,133050000000.0,112010000000.0,7.46,7.49,0,27601000000.0,20719000000.0,132729000000.0,144748000000.0,133050000000.0,144748000000.0,112010000000.0,11698000000.0,15004697000.0,14948500000.0,359241000000.0,285508000000.0,73733000000.0,98657000000.0,62723000000.0,35934000000.0,54697000000.0,5718000000.0,39777000000.0,49834000000.0,125848000000.0,-76014000000.0,0,0,78328000000.0,165631000000.0,147957000000.0,-17674000000.0,-14264000000.0,93568000000.0,93568000000.0,73733000000.0,73733000000.0,172390000000.0,152061000000.0,111482000000.0,98767000000.0,-12715000000.0,-15421000000.0,-90711000000.0,-120686000000.0,15195000000.0,5991000000.0,35934000000.0,29943000000.0,12863000000.0,11698000000.0,0,112010000000.0,-25000000000.0,4481000000.0,-10932000000.0,6,21,14,3,2,9,"Financial Advisors Love Warren Buffett, but They Don’t Always Agree With Him"
2026-08-05 19:25:00+00:00,309.8599853516,309.8789978027,309.6149902344,309.6200866699,430072,0.0,0.0,AAPL,苹果,Apple Inc.,USD,19,25,AAPL,305.59,4459835424768,35.044724,32.14128,1.086,0.35,1.08,0.1204,223.78,344.57,150000,7.36,41.52038,0.27618998,0.27082002,1.4875101,31.707,62399000576,84343996416,466822987776,167959003136,0.48653,0.32623002,78.445,0.812,1.003,0.66483,0.01648,2.58,14594180000,14569223952,322.2844,400.0,215.0,2.13043,41,416161000000.0,220960000000.0,195201000000.0,133050000000.0,112010000000.0,7.46,7.49,0,27601000000.0,20719000000.0,132729000000.0,144748000000.0,133050000000.0,144748000000.0,112010000000.0,11698000000.0,15004697000.0,14948500000.0,359241000000.0,285508000000.0,73733000000.0,98657000000.0,62723000000.0,35934000000.0,54697000000.0,5718000000.0,39777000000.0,49834000000.0,125848000000.0,-76014000000.0,0,0,78328000000.0,165631000000.0,147957000000.0,-17674000000.0,-14264000000.0,93568000000.0,93568000000.0,73733000000.0,73733000000.0,172390000000.0,152061000000.0,111482000000.0,98767000000.0,-12715000000.0,-15421000000.0,-90711000000.0,-120686000000.0,15195000000.0,5991000000.0,35934000000.0,29943000000.0,12863000000.0,11698000000.0,0,112010000000.0,-25000000000.0,4481000000.0,-10932000000.0,6,21,14,3,2,9,"Financial Advisors Love Warren Buffett, but They Don’t Always Agree With Him"
2026-08-05 19:30:00+00:00,309.6099853516,310.0599975586,309.5799865723,309.9899902344,453679,0.0,0.0,AAPL,苹果,Apple Inc.,USD,19,30,AAPL,305.59,4459835424768,35.044724,32.14128,1.086,0.35,1.08,0.1204,223.78,344.57,150000,7.36,41.52038,0.27618998,0.27082002,1.4875101,31.707,62399000576,84343996416,466822987776,167959003136,0.48653,0.32623002,78.445,0.812,1.003,0.66483,0.01648,2.58,14594180000,14569223952,322.2844,400.0,215.0,2.13043,41,416161000000.0,220960000000.0,195201000000.0,133050000000.0,112010000000.0,7.46,7.49,0,27601000000.0,20719000000.0,132729000000.0,144748000000.0,133050000000.0,144748000000.0,112010000000.0,11698000000.0,15004697000.0,14948500000.0,359241000000.0,285508000000.0,73733000000.0,98657000000.0,62723000000.0,35934000000.0,54697000000.0,5718000000.0,39777000000.0,49834000000.0,125848000000.0,-76014000000.0,0,0,78328000000.0,165631000000.0,147957000000.0,-17674000000.0,-14264000000.0,93568000000.0,93568000000.0,73733000000.0,73733000000.0,172390000000.0,152061000000.0,111482000000.0,98767000000.0,-12715000000.0,-15421000000.0,-90711000000.0,-120686000000.0,15195000000.0,5991000000.0,35934000000.0,29943000000.0,12863000000.0,11698000000.0,0,112010000000.0,-25000000000.0,4481000000.0,-10932000000.0,6,21,14,3,2,9,"Financial Advisors Love Warren Buffett, but They Don’t Always Agree With Him"
2026-08-05 19:35:00+00:00,309.9800109863,309.9800109863,309.3900146484,309.6799926758,395974,0.0,0.0,AAPL,苹果,Apple Inc.,USD,19,35,AAPL,305.59,4459835424768,35.044724,32.14128,1.086,0.35,1.08,0.1204,223.78,344.57,150000,7.36,41.52038,0.27618998,0.27082002,1.4875101,31.707,62399000576,84343996416,466822987776,167959003136,0.48653,0.32623002,78.445,0.812,1.003,0.66483,0.01648,2.58,14594180000,14569223952,322.2844,400.0,215.0,2.13043,41,416161000000.0,220960000000.0,195201000000.0,133050000000.0,112010000000.0,7.46,7.49,0,27601000000.0,20719000000.0,132729000000.0,144748000000.0,133050000000.0,144748000000.0,112010000000.0,11698000000.0,15004697000.0,14948500000.0,359241000000.0,285508000000.0,73733000000.0,98657000000.0,62723000000.0,35934000000.0,54697000000.0,5718000000.0,39777000000.0,49834000000.0,125848000000.0,-76014000000.0,0,0,78328000000.0,165631000000.0,147957000000.0,-17674000000.0,-14264000000.0,93568000000.0,93568000000.0,73733000000.0,73733000000.0,172390000000.0,152061000000.0,111482000000.0,98767000000.0,-12715000000.0,-15421000000.0,-90711000000.0,-120686000000.0,15195000000.0,5991000000.0,35934000000.0,29943000000.0,12863000000.0,11698000000.0,0,112010000000.0,-25000000000.0,4481000000.0,-10932000000.0,6,21,14,3,2,9,"Financial Advisors Love Warren Buffett, but They Don’t Always Agree With Him"
2026-08-05 19:40:00+00:00,309.6799926758,309.9700012207,309.5199890137,309.9049987793,368091,0.0,0.0,AAPL,苹果,Apple Inc.,USD,19,40,AAPL,305.59,4459835424768,35.044724,32.14128,1.086,0.35,1.08,0.1204,223.78,344.57,150000,7.36,41.52038,0.27618998,0.27082002,1.4875101,31.707,62399000576,84343996416,466822987776,167959003136,0.48653,0.32623002,78.445,0.812,1.003,0.66483,0.01648,2.58,14594180000,14569223952,322.2844,400.0,215.0,2.13043,41,416161000000.0,220960000000.0,195201000000.0,133050000000.0,112010000000.0,7.46,7.49,0,27601000000.0,20719000000.0,132729000000.0,144748000000.0,133050000000.0,144748000000.0,112010000000.0,11698000000.0,15004697000.0,14948500000.0,359241000000.0,285508000000.0,73733000000.0,98657000000.0,62723000000.0,35934000000.0,54697000000.0,5718000000.0,39777000000.0,49834000000.0,125848000000.0,-76014000000.0,0,0,78328000000.0,165631000000.0,147957000000.0,-17674000000.0,-14264000000.0,93568000000.0,93568000000.0,73733000000.0,73733000000.0,172390000000.0,152061000000.0,111482000000.0,98767000000.0,-12715000000.0,-15421000000.0,-90711000000.0,-120686000000.0,15195000000.0,5991000000.0,35934000000.0,29943000000.0,12863000000.0,11698000000.0,0,112010000000.0,-25000000000.0,4481000000.0,-10932000000.0,6,21,14,3,2,9,"Financial Advisors Love Warren Buffett, but They Don’t Always Agree With Him"
2026-08-05 19:45:00+00:00,309.9200134277,310.2250061035,309.8150024414,310.1199951172,498465,0.0,0.0,AAPL,苹果,Apple Inc.,USD,19,45,AAPL,305.59,4459835424768,35.044724,32.14128,1.086,0.35,1.08,0.1204,223.78,344.57,150000,7.36,41.52038,0.27618998,0.27082002,1.4875101,31.707,62399000576,84343996416,466822987776,167959003136,0.48653,0.32623002,78.445,0.812,1.003,0.66483,0.01648,2.58,14594180000,14569223952,322.2844,400.0,215.0,2.13043,41,416161000000.0,220960000000.0,195201000000.0,133050000000.0,112010000000.0,7.46,7.49,0,27601000000.0,20719000000.0,132729000000.0,144748000000.0,133050000000.0,144748000000.0,112010000000.0,11698000000.0,15004697000.0,14948500000.0,359241000000.0,285508000000.0,73733000000.0,98657000000.0,62723000000.0,35934000000.0,54697000000.0,5718000000.0,39777000000.0,49834000000.0,125848000000.0,-76014000000.0,0,0,78328000000.0,165631000000.0,147957000000.0,-17674000000.0,-14264000000.0,93568000000.0,93568000000.0,73733000000.0,73733000000.0,172390000000.0,152061000000.0,111482000000.0,98767000000.0,-12715000000.0,-15421000000.0,-90711000000.0,-120686000000.0,15195000000.0,5991000000.0,35934000000.0,29943000000.0,12863000000.0,11698000000.0,0,112010000000.0,-25000000000.0,4481000000.0,-10932000000.0,6,21,14,3,2,9,"Financial Advisors Love Warren Buffett, but They Don’t Always Agree With Him"
2026-08-05 19:50:00+00:00,310.1400146484,310.9299926758,310.1400146484,310.9299926758,1106576,0.0,0.0,AAPL,苹果,Apple Inc.,USD,19,50,AAPL,305.59,4459835424768,35.044724,32.14128,1.086,0.35,1.08,0.1204,223.78,344.57,150000,7.36,41.52038,0.27618998,0.27082002,1.4875101,31.707,62399000576,84343996416,466822987776,167959003136,0.48653,0.32623002,78.445,0.812,1.003,0.66483,0.01648,2.58,14594180000,14569223952,322.2844,400.0,215.0,2.13043,41,416161000000.0,220960000000.0,195201000000.0,133050000000.0,112010000000.0,7.46,7.49,0,27601000000.0,20719000000.0,132729000000.0,144748000000.0,133050000000.0,144748000000.0,112010000000.0,11698000000.0,15004697000.0,14948500000.0,359241000000.0,285508000000.0,73733000000.0,98657000000.0,62723000000.0,35934000000.0,54697000000.0,5718000000.0,39777000000.0,49834000000.0,125848000000.0,-76014000000.0,0,0,78328000000.0,165631000000.0,147957000000.0,-17674000000.0,-14264000000.0,93568000000.0,93568000000.0,73733000000.0,73733000000.0,172390000000.0,152061000000.0,111482000000.0,98767000000.0,-12715000000.0,-15421000000.0,-90711000000.0,-120686000000.0,15195000000.0,5991000000.0,35934000000.0,29943000000.0,12863000000.0,11698000000.0,0,112010000000.0,-25000000000.0,4481000000.0,-10932000000.0,6,21,14,3,2,9,"Financial Advisors Love Warren Buffett, but They Don’t Always Agree With Him"
2026-08-05 19:55:00+00:00,310.9299926758,311.5549926758,310.7600097656,310.9200134277,3303994,0.0,0.0,AAPL,苹果,Apple Inc.,USD,19,55,AAPL,305.59,4459835424768,35.044724,32.14128,1.086,0.35,1.08,0.1204,223.78,344.57,150000,7.36,41.52038,0.27618998,0.27082002,1.4875101,31.707,62399000576,84343996416,466822987776,167959003136,0.48653,0.32623002,78.445,0.812,1.003,0.66483,0.01648,2.58,14594180000,14569223952,322.2844,400.0,215.0,2.13043,41,416161000000.0,220960000000.0,195201000000.0,133050000000.0,112010000000.0,7.46,7.49,0,27601000000.0,20719000000.0,132729000000.0,144748000000.0,133050000000.0,144748000000.0,112010000000.0,11698000000.0,15004697000.0,14948500000.0,359241000000.0,285508000000.0,73733000000.0,98657000000.0,62723000000.0,35934000000.0,54697000000.0,5718000000.0,39777000000.0,49834000000.0,125848000000.0,-76014000000.0,0,0,78328000000.0,165631000000.0,147957000000.0,-17674000000.0,-14264000000.0,93568000000.0,93568000000.0,73733000000.0,73733000000.0,172390000000.0,152061000000.0,111482000000.0,98767000000.0,-12715000000.0,-15421000000.0,-90711000000.0,-120686000000.0,15195000000.0,5991000000.0,35934000000.0,29943000000.0,12863000000.0,11698000000.0,0,112010000000.0,-25000000000.0,4481000000.0,-10932000000.0,6,21,14,3,2,9,"Financial Advisors Love Warren Buffett, but They Don’t Always Agree With Him"
