timestamp,open,high,low,close,volume,Dividends,Stock Splits,thscode,thsname_cn,thsname_en,currency,hour,minute,ticker,si_current_price,si_market_cap,si_pe_trailing,si_pe_forward,si_beta,si_dividend_yield,si_dividend_rate,si_payout_ratio,si_52w_low,si_52w_high,si_employees,si_book_value,si_price_to_book,si_profit_margin,si_roa,si_roe,si_revenue_per_share,si_total_cash,si_total_debt,si_total_revenue,si_ebitda,si_gross_margins,si_operating_margins,si_debt_to_equity,si_quick_ratio,si_current_ratio,si_inst_pct,si_insider_pct,si_short_ratio,si_shares_outstanding,si_float_shares,si_target_mean,si_target_high,si_target_low,si_recommendation_mean,si_num_analysts,inc_total_revenue,inc_cost_of_revenue,inc_gross_profit,inc_operating_income,inc_net_income,inc_diluted_eps,inc_basic_eps,inc_rd,inc_sga,inc_tax_provision,inc_pretax_income,inc_ebitda,inc_ebit,inc_norm_ebitda,inc_norm_income,inc_depreciation,inc_diluted_shares,inc_basic_shares,bs_total_assets,bs_total_liabilities,bs_stockholders_equity,bs_total_debt,bs_net_debt,bs_cash,bs_cash_short_inv,bs_inventory,bs_receivables,bs_net_ppe,bs_gross_ppe,bs_accum_depreciation,bs_goodwill,bs_intangible_assets,bs_long_term_debt,bs_current_liabilities,bs_current_assets,bs_working_capital,bs_retained_earnings,bs_common_stock,bs_capital_stock,bs_total_equity,bs_tangible_book_value,bs_invested_capital,bs_total_capitalization,cf_operating,cf_free,cf_capex,cf_dividends_paid,cf_stock_repurchases,cf_financing,cf_investing,cf_net_change,cf_end_cash,cf_begin_cash,cf_stock_comp,cf_depreciation,cf_deferred_tax,cf_net_income_ops,cf_change_wc,cf_issuance_debt,cf_repayment_debt,rec_strong_buy,rec_buy,rec_hold,rec_sell,rec_strong_sell,news_count,news_latest_headline
2026-08-13 13:30:00+00:00,304.2579956055,304.2600097656,302.049987793,303.8900146484,5014753,0.0,0.0,AAPL,苹果,Apple Inc.,USD,13,30,AAPL,305.59,4459835424768,35.044724,32.14128,1.086,0.35,1.08,0.1204,223.78,344.57,150000,7.36,41.52038,0.27618998,0.27082002,1.4875101,31.707,62399000576,84343996416,466822987776,167959003136,0.48653,0.32623002,78.445,0.812,1.003,0.66483,0.01648,2.58,14594180000,14569223952,322.2844,400.0,215.0,2.13043,41,416161000000.0,220960000000.0,195201000000.0,133050000000.0,112010000000.0,7.46,7.49,0,27601000000.0,20719000000.0,132729000000.0,144748000000.0,133050000000.0,144748000000.0,112010000000.0,11698000000.0,15004697000.0,14948500000.0,359241000000.0,285508000000.0,73733000000.0,98657000000.0,62723000000.0,35934000000.0,54697000000.0,5718000000.0,39777000000.0,49834000000.0,125848000000.0,-76014000000.0,0,0,78328000000.0,165631000000.0,147957000000.0,-17674000000.0,-14264000000.0,93568000000.0,93568000000.0,73733000000.0,73733000000.0,172390000000.0,152061000000.0,111482000000.0,98767000000.0,-12715000000.0,-15421000000.0,-90711000000.0,-120686000000.0,15195000000.0,5991000000.0,35934000000.0,29943000000.0,12863000000.0,11698000000.0,0,112010000000.0,-25000000000.0,4481000000.0,-10932000000.0,6,21,14,3,2,9,"Financial Advisors Love Warren Buffett, but They Don’t Always Agree With Him"
2026-08-13 13:35:00+00:00,303.8900146484,304.75,303.6499938965,304.5050048828,757200,0.0,0.0,AAPL,苹果,Apple Inc.,USD,13,35,AAPL,305.59,4459835424768,35.044724,32.14128,1.086,0.35,1.08,0.1204,223.78,344.57,150000,7.36,41.52038,0.27618998,0.27082002,1.4875101,31.707,62399000576,84343996416,466822987776,167959003136,0.48653,0.32623002,78.445,0.812,1.003,0.66483,0.01648,2.58,14594180000,14569223952,322.2844,400.0,215.0,2.13043,41,416161000000.0,220960000000.0,195201000000.0,133050000000.0,112010000000.0,7.46,7.49,0,27601000000.0,20719000000.0,132729000000.0,144748000000.0,133050000000.0,144748000000.0,112010000000.0,11698000000.0,15004697000.0,14948500000.0,359241000000.0,285508000000.0,73733000000.0,98657000000.0,62723000000.0,35934000000.0,54697000000.0,5718000000.0,39777000000.0,49834000000.0,125848000000.0,-76014000000.0,0,0,78328000000.0,165631000000.0,147957000000.0,-17674000000.0,-14264000000.0,93568000000.0,93568000000.0,73733000000.0,73733000000.0,172390000000.0,152061000000.0,111482000000.0,98767000000.0,-12715000000.0,-15421000000.0,-90711000000.0,-120686000000.0,15195000000.0,5991000000.0,35934000000.0,29943000000.0,12863000000.0,11698000000.0,0,112010000000.0,-25000000000.0,4481000000.0,-10932000000.0,6,21,14,3,2,9,"Financial Advisors Love Warren Buffett, but They Don’t Always Agree With Him"
2026-08-13 13:40:00+00:00,304.4700012207,304.7099914551,303.1801147461,303.4314880371,524796,0.0,0.0,AAPL,苹果,Apple Inc.,USD,13,40,AAPL,305.59,4459835424768,35.044724,32.14128,1.086,0.35,1.08,0.1204,223.78,344.57,150000,7.36,41.52038,0.27618998,0.27082002,1.4875101,31.707,62399000576,84343996416,466822987776,167959003136,0.48653,0.32623002,78.445,0.812,1.003,0.66483,0.01648,2.58,14594180000,14569223952,322.2844,400.0,215.0,2.13043,41,416161000000.0,220960000000.0,195201000000.0,133050000000.0,112010000000.0,7.46,7.49,0,27601000000.0,20719000000.0,132729000000.0,144748000000.0,133050000000.0,144748000000.0,112010000000.0,11698000000.0,15004697000.0,14948500000.0,359241000000.0,285508000000.0,73733000000.0,98657000000.0,62723000000.0,35934000000.0,54697000000.0,5718000000.0,39777000000.0,49834000000.0,125848000000.0,-76014000000.0,0,0,78328000000.0,165631000000.0,147957000000.0,-17674000000.0,-14264000000.0,93568000000.0,93568000000.0,73733000000.0,73733000000.0,172390000000.0,152061000000.0,111482000000.0,98767000000.0,-12715000000.0,-15421000000.0,-90711000000.0,-120686000000.0,15195000000.0,5991000000.0,35934000000.0,29943000000.0,12863000000.0,11698000000.0,0,112010000000.0,-25000000000.0,4481000000.0,-10932000000.0,6,21,14,3,2,9,"Financial Advisors Love Warren Buffett, but They Don’t Always Agree With Him"
2026-08-13 13:45:00+00:00,303.4599914551,303.9295043945,302.9100036621,303.7300109863,596151,0.0,0.0,AAPL,苹果,Apple Inc.,USD,13,45,AAPL,305.59,4459835424768,35.044724,32.14128,1.086,0.35,1.08,0.1204,223.78,344.57,150000,7.36,41.52038,0.27618998,0.27082002,1.4875101,31.707,62399000576,84343996416,466822987776,167959003136,0.48653,0.32623002,78.445,0.812,1.003,0.66483,0.01648,2.58,14594180000,14569223952,322.2844,400.0,215.0,2.13043,41,416161000000.0,220960000000.0,195201000000.0,133050000000.0,112010000000.0,7.46,7.49,0,27601000000.0,20719000000.0,132729000000.0,144748000000.0,133050000000.0,144748000000.0,112010000000.0,11698000000.0,15004697000.0,14948500000.0,359241000000.0,285508000000.0,73733000000.0,98657000000.0,62723000000.0,35934000000.0,54697000000.0,5718000000.0,39777000000.0,49834000000.0,125848000000.0,-76014000000.0,0,0,78328000000.0,165631000000.0,147957000000.0,-17674000000.0,-14264000000.0,93568000000.0,93568000000.0,73733000000.0,73733000000.0,172390000000.0,152061000000.0,111482000000.0,98767000000.0,-12715000000.0,-15421000000.0,-90711000000.0,-120686000000.0,15195000000.0,5991000000.0,35934000000.0,29943000000.0,12863000000.0,11698000000.0,0,112010000000.0,-25000000000.0,4481000000.0,-10932000000.0,6,21,14,3,2,9,"Financial Advisors Love Warren Buffett, but They Don’t Always Agree With Him"
2026-08-13 13:50:00+00:00,303.7401123047,304.5,303.6350097656,304.299987793,527102,0.0,0.0,AAPL,苹果,Apple Inc.,USD,13,50,AAPL,305.59,4459835424768,35.044724,32.14128,1.086,0.35,1.08,0.1204,223.78,344.57,150000,7.36,41.52038,0.27618998,0.27082002,1.4875101,31.707,62399000576,84343996416,466822987776,167959003136,0.48653,0.32623002,78.445,0.812,1.003,0.66483,0.01648,2.58,14594180000,14569223952,322.2844,400.0,215.0,2.13043,41,416161000000.0,220960000000.0,195201000000.0,133050000000.0,112010000000.0,7.46,7.49,0,27601000000.0,20719000000.0,132729000000.0,144748000000.0,133050000000.0,144748000000.0,112010000000.0,11698000000.0,15004697000.0,14948500000.0,359241000000.0,285508000000.0,73733000000.0,98657000000.0,62723000000.0,35934000000.0,54697000000.0,5718000000.0,39777000000.0,49834000000.0,125848000000.0,-76014000000.0,0,0,78328000000.0,165631000000.0,147957000000.0,-17674000000.0,-14264000000.0,93568000000.0,93568000000.0,73733000000.0,73733000000.0,172390000000.0,152061000000.0,111482000000.0,98767000000.0,-12715000000.0,-15421000000.0,-90711000000.0,-120686000000.0,15195000000.0,5991000000.0,35934000000.0,29943000000.0,12863000000.0,11698000000.0,0,112010000000.0,-25000000000.0,4481000000.0,-10932000000.0,6,21,14,3,2,9,"Financial Advisors Love Warren Buffett, but They Don’t Always Agree With Him"
2026-08-13 13:55:00+00:00,304.3299865723,304.6400146484,304.2699890137,304.5801086426,449531,0.0,0.0,AAPL,苹果,Apple Inc.,USD,13,55,AAPL,305.59,4459835424768,35.044724,32.14128,1.086,0.35,1.08,0.1204,223.78,344.57,150000,7.36,41.52038,0.27618998,0.27082002,1.4875101,31.707,62399000576,84343996416,466822987776,167959003136,0.48653,0.32623002,78.445,0.812,1.003,0.66483,0.01648,2.58,14594180000,14569223952,322.2844,400.0,215.0,2.13043,41,416161000000.0,220960000000.0,195201000000.0,133050000000.0,112010000000.0,7.46,7.49,0,27601000000.0,20719000000.0,132729000000.0,144748000000.0,133050000000.0,144748000000.0,112010000000.0,11698000000.0,15004697000.0,14948500000.0,359241000000.0,285508000000.0,73733000000.0,98657000000.0,62723000000.0,35934000000.0,54697000000.0,5718000000.0,39777000000.0,49834000000.0,125848000000.0,-76014000000.0,0,0,78328000000.0,165631000000.0,147957000000.0,-17674000000.0,-14264000000.0,93568000000.0,93568000000.0,73733000000.0,73733000000.0,172390000000.0,152061000000.0,111482000000.0,98767000000.0,-12715000000.0,-15421000000.0,-90711000000.0,-120686000000.0,15195000000.0,5991000000.0,35934000000.0,29943000000.0,12863000000.0,11698000000.0,0,112010000000.0,-25000000000.0,4481000000.0,-10932000000.0,6,21,14,3,2,9,"Financial Advisors Love Warren Buffett, but They Don’t Always Agree With Him"
2026-08-13 14:00:00+00:00,304.5799865723,304.6400146484,304.1499938965,304.424987793,492569,0.0,0.0,AAPL,苹果,Apple Inc.,USD,14,0,AAPL,305.59,4459835424768,35.044724,32.14128,1.086,0.35,1.08,0.1204,223.78,344.57,150000,7.36,41.52038,0.27618998,0.27082002,1.4875101,31.707,62399000576,84343996416,466822987776,167959003136,0.48653,0.32623002,78.445,0.812,1.003,0.66483,0.01648,2.58,14594180000,14569223952,322.2844,400.0,215.0,2.13043,41,416161000000.0,220960000000.0,195201000000.0,133050000000.0,112010000000.0,7.46,7.49,0,27601000000.0,20719000000.0,132729000000.0,144748000000.0,133050000000.0,144748000000.0,112010000000.0,11698000000.0,15004697000.0,14948500000.0,359241000000.0,285508000000.0,73733000000.0,98657000000.0,62723000000.0,35934000000.0,54697000000.0,5718000000.0,39777000000.0,49834000000.0,125848000000.0,-76014000000.0,0,0,78328000000.0,165631000000.0,147957000000.0,-17674000000.0,-14264000000.0,93568000000.0,93568000000.0,73733000000.0,73733000000.0,172390000000.0,152061000000.0,111482000000.0,98767000000.0,-12715000000.0,-15421000000.0,-90711000000.0,-120686000000.0,15195000000.0,5991000000.0,35934000000.0,29943000000.0,12863000000.0,11698000000.0,0,112010000000.0,-25000000000.0,4481000000.0,-10932000000.0,6,21,14,3,2,9,"Financial Advisors Love Warren Buffett, but They Don’t Always Agree With Him"
2026-08-13 14:05:00+00:00,304.424987793,304.9700012207,304.4104919434,304.8399963379,626219,0.0,0.0,AAPL,苹果,Apple Inc.,USD,14,5,AAPL,305.59,4459835424768,35.044724,32.14128,1.086,0.35,1.08,0.1204,223.78,344.57,150000,7.36,41.52038,0.27618998,0.27082002,1.4875101,31.707,62399000576,84343996416,466822987776,167959003136,0.48653,0.32623002,78.445,0.812,1.003,0.66483,0.01648,2.58,14594180000,14569223952,322.2844,400.0,215.0,2.13043,41,416161000000.0,220960000000.0,195201000000.0,133050000000.0,112010000000.0,7.46,7.49,0,27601000000.0,20719000000.0,132729000000.0,144748000000.0,133050000000.0,144748000000.0,112010000000.0,11698000000.0,15004697000.0,14948500000.0,359241000000.0,285508000000.0,73733000000.0,98657000000.0,62723000000.0,35934000000.0,54697000000.0,5718000000.0,39777000000.0,49834000000.0,125848000000.0,-76014000000.0,0,0,78328000000.0,165631000000.0,147957000000.0,-17674000000.0,-14264000000.0,93568000000.0,93568000000.0,73733000000.0,73733000000.0,172390000000.0,152061000000.0,111482000000.0,98767000000.0,-12715000000.0,-15421000000.0,-90711000000.0,-120686000000.0,15195000000.0,5991000000.0,35934000000.0,29943000000.0,12863000000.0,11698000000.0,0,112010000000.0,-25000000000.0,4481000000.0,-10932000000.0,6,21,14,3,2,9,"Financial Advisors Love Warren Buffett, but They Don’t Always Agree With Him"
2026-08-13 14:10:00+00:00,304.8299865723,305.4899902344,304.7699890137,305.4801025391,716036,0.0,0.0,AAPL,苹果,Apple Inc.,USD,14,10,AAPL,305.59,4459835424768,35.044724,32.14128,1.086,0.35,1.08,0.1204,223.78,344.57,150000,7.36,41.52038,0.27618998,0.27082002,1.4875101,31.707,62399000576,84343996416,466822987776,167959003136,0.48653,0.32623002,78.445,0.812,1.003,0.66483,0.01648,2.58,14594180000,14569223952,322.2844,400.0,215.0,2.13043,41,416161000000.0,220960000000.0,195201000000.0,133050000000.0,112010000000.0,7.46,7.49,0,27601000000.0,20719000000.0,132729000000.0,144748000000.0,133050000000.0,144748000000.0,112010000000.0,11698000000.0,15004697000.0,14948500000.0,359241000000.0,285508000000.0,73733000000.0,98657000000.0,62723000000.0,35934000000.0,54697000000.0,5718000000.0,39777000000.0,49834000000.0,125848000000.0,-76014000000.0,0,0,78328000000.0,165631000000.0,147957000000.0,-17674000000.0,-14264000000.0,93568000000.0,93568000000.0,73733000000.0,73733000000.0,172390000000.0,152061000000.0,111482000000.0,98767000000.0,-12715000000.0,-15421000000.0,-90711000000.0,-120686000000.0,15195000000.0,5991000000.0,35934000000.0,29943000000.0,12863000000.0,11698000000.0,0,112010000000.0,-25000000000.0,4481000000.0,-10932000000.0,6,21,14,3,2,9,"Financial Advisors Love Warren Buffett, but They Don’t Always Agree With Him"
2026-08-13 14:15:00+00:00,305.4899902344,305.9599914551,304.3500061035,304.5299987793,762338,0.0,0.0,AAPL,苹果,Apple Inc.,USD,14,15,AAPL,305.59,4459835424768,35.044724,32.14128,1.086,0.35,1.08,0.1204,223.78,344.57,150000,7.36,41.52038,0.27618998,0.27082002,1.4875101,31.707,62399000576,84343996416,466822987776,167959003136,0.48653,0.32623002,78.445,0.812,1.003,0.66483,0.01648,2.58,14594180000,14569223952,322.2844,400.0,215.0,2.13043,41,416161000000.0,220960000000.0,195201000000.0,133050000000.0,112010000000.0,7.46,7.49,0,27601000000.0,20719000000.0,132729000000.0,144748000000.0,133050000000.0,144748000000.0,112010000000.0,11698000000.0,15004697000.0,14948500000.0,359241000000.0,285508000000.0,73733000000.0,98657000000.0,62723000000.0,35934000000.0,54697000000.0,5718000000.0,39777000000.0,49834000000.0,125848000000.0,-76014000000.0,0,0,78328000000.0,165631000000.0,147957000000.0,-17674000000.0,-14264000000.0,93568000000.0,93568000000.0,73733000000.0,73733000000.0,172390000000.0,152061000000.0,111482000000.0,98767000000.0,-12715000000.0,-15421000000.0,-90711000000.0,-120686000000.0,15195000000.0,5991000000.0,35934000000.0,29943000000.0,12863000000.0,11698000000.0,0,112010000000.0,-25000000000.0,4481000000.0,-10932000000.0,6,21,14,3,2,9,"Financial Advisors Love Warren Buffett, but They Don’t Always Agree With Him"
2026-08-13 14:20:00+00:00,304.5199890137,304.625,304.1600036621,304.625,305287,0.0,0.0,AAPL,苹果,Apple Inc.,USD,14,20,AAPL,305.59,4459835424768,35.044724,32.14128,1.086,0.35,1.08,0.1204,223.78,344.57,150000,7.36,41.52038,0.27618998,0.27082002,1.4875101,31.707,62399000576,84343996416,466822987776,167959003136,0.48653,0.32623002,78.445,0.812,1.003,0.66483,0.01648,2.58,14594180000,14569223952,322.2844,400.0,215.0,2.13043,41,416161000000.0,220960000000.0,195201000000.0,133050000000.0,112010000000.0,7.46,7.49,0,27601000000.0,20719000000.0,132729000000.0,144748000000.0,133050000000.0,144748000000.0,112010000000.0,11698000000.0,15004697000.0,14948500000.0,359241000000.0,285508000000.0,73733000000.0,98657000000.0,62723000000.0,35934000000.0,54697000000.0,5718000000.0,39777000000.0,49834000000.0,125848000000.0,-76014000000.0,0,0,78328000000.0,165631000000.0,147957000000.0,-17674000000.0,-14264000000.0,93568000000.0,93568000000.0,73733000000.0,73733000000.0,172390000000.0,152061000000.0,111482000000.0,98767000000.0,-12715000000.0,-15421000000.0,-90711000000.0,-120686000000.0,15195000000.0,5991000000.0,35934000000.0,29943000000.0,12863000000.0,11698000000.0,0,112010000000.0,-25000000000.0,4481000000.0,-10932000000.0,6,21,14,3,2,9,"Financial Advisors Love Warren Buffett, but They Don’t Always Agree With Him"
2026-08-13 14:25:00+00:00,304.6332092285,305.7200012207,304.5909118652,305.6449890137,448870,0.0,0.0,AAPL,苹果,Apple Inc.,USD,14,25,AAPL,305.59,4459835424768,35.044724,32.14128,1.086,0.35,1.08,0.1204,223.78,344.57,150000,7.36,41.52038,0.27618998,0.27082002,1.4875101,31.707,62399000576,84343996416,466822987776,167959003136,0.48653,0.32623002,78.445,0.812,1.003,0.66483,0.01648,2.58,14594180000,14569223952,322.2844,400.0,215.0,2.13043,41,416161000000.0,220960000000.0,195201000000.0,133050000000.0,112010000000.0,7.46,7.49,0,27601000000.0,20719000000.0,132729000000.0,144748000000.0,133050000000.0,144748000000.0,112010000000.0,11698000000.0,15004697000.0,14948500000.0,359241000000.0,285508000000.0,73733000000.0,98657000000.0,62723000000.0,35934000000.0,54697000000.0,5718000000.0,39777000000.0,49834000000.0,125848000000.0,-76014000000.0,0,0,78328000000.0,165631000000.0,147957000000.0,-17674000000.0,-14264000000.0,93568000000.0,93568000000.0,73733000000.0,73733000000.0,172390000000.0,152061000000.0,111482000000.0,98767000000.0,-12715000000.0,-15421000000.0,-90711000000.0,-120686000000.0,15195000000.0,5991000000.0,35934000000.0,29943000000.0,12863000000.0,11698000000.0,0,112010000000.0,-25000000000.0,4481000000.0,-10932000000.0,6,21,14,3,2,9,"Financial Advisors Love Warren Buffett, but They Don’t Always Agree With Him"
2026-08-13 14:30:00+00:00,305.6600036621,306.0,304.9299926758,305.1199951172,610150,0.0,0.0,AAPL,苹果,Apple Inc.,USD,14,30,AAPL,305.59,4459835424768,35.044724,32.14128,1.086,0.35,1.08,0.1204,223.78,344.57,150000,7.36,41.52038,0.27618998,0.27082002,1.4875101,31.707,62399000576,84343996416,466822987776,167959003136,0.48653,0.32623002,78.445,0.812,1.003,0.66483,0.01648,2.58,14594180000,14569223952,322.2844,400.0,215.0,2.13043,41,416161000000.0,220960000000.0,195201000000.0,133050000000.0,112010000000.0,7.46,7.49,0,27601000000.0,20719000000.0,132729000000.0,144748000000.0,133050000000.0,144748000000.0,112010000000.0,11698000000.0,15004697000.0,14948500000.0,359241000000.0,285508000000.0,73733000000.0,98657000000.0,62723000000.0,35934000000.0,54697000000.0,5718000000.0,39777000000.0,49834000000.0,125848000000.0,-76014000000.0,0,0,78328000000.0,165631000000.0,147957000000.0,-17674000000.0,-14264000000.0,93568000000.0,93568000000.0,73733000000.0,73733000000.0,172390000000.0,152061000000.0,111482000000.0,98767000000.0,-12715000000.0,-15421000000.0,-90711000000.0,-120686000000.0,15195000000.0,5991000000.0,35934000000.0,29943000000.0,12863000000.0,11698000000.0,0,112010000000.0,-25000000000.0,4481000000.0,-10932000000.0,6,21,14,3,2,9,"Financial Advisors Love Warren Buffett, but They Don’t Always Agree With Him"
2026-08-13 14:35:00+00:00,305.1149902344,305.4395141602,304.8500061035,305.200012207,373382,0.0,0.0,AAPL,苹果,Apple Inc.,USD,14,35,AAPL,305.59,4459835424768,35.044724,32.14128,1.086,0.35,1.08,0.1204,223.78,344.57,150000,7.36,41.52038,0.27618998,0.27082002,1.4875101,31.707,62399000576,84343996416,466822987776,167959003136,0.48653,0.32623002,78.445,0.812,1.003,0.66483,0.01648,2.58,14594180000,14569223952,322.2844,400.0,215.0,2.13043,41,416161000000.0,220960000000.0,195201000000.0,133050000000.0,112010000000.0,7.46,7.49,0,27601000000.0,20719000000.0,132729000000.0,144748000000.0,133050000000.0,144748000000.0,112010000000.0,11698000000.0,15004697000.0,14948500000.0,359241000000.0,285508000000.0,73733000000.0,98657000000.0,62723000000.0,35934000000.0,54697000000.0,5718000000.0,39777000000.0,49834000000.0,125848000000.0,-76014000000.0,0,0,78328000000.0,165631000000.0,147957000000.0,-17674000000.0,-14264000000.0,93568000000.0,93568000000.0,73733000000.0,73733000000.0,172390000000.0,152061000000.0,111482000000.0,98767000000.0,-12715000000.0,-15421000000.0,-90711000000.0,-120686000000.0,15195000000.0,5991000000.0,35934000000.0,29943000000.0,12863000000.0,11698000000.0,0,112010000000.0,-25000000000.0,4481000000.0,-10932000000.0,6,21,14,3,2,9,"Financial Advisors Love Warren Buffett, but They Don’t Always Agree With Him"
2026-08-13 14:40:00+00:00,305.1799926758,305.3299865723,304.9200134277,304.9800109863,310983,0.0,0.0,AAPL,苹果,Apple Inc.,USD,14,40,AAPL,305.59,4459835424768,35.044724,32.14128,1.086,0.35,1.08,0.1204,223.78,344.57,150000,7.36,41.52038,0.27618998,0.27082002,1.4875101,31.707,62399000576,84343996416,466822987776,167959003136,0.48653,0.32623002,78.445,0.812,1.003,0.66483,0.01648,2.58,14594180000,14569223952,322.2844,400.0,215.0,2.13043,41,416161000000.0,220960000000.0,195201000000.0,133050000000.0,112010000000.0,7.46,7.49,0,27601000000.0,20719000000.0,132729000000.0,144748000000.0,133050000000.0,144748000000.0,112010000000.0,11698000000.0,15004697000.0,14948500000.0,359241000000.0,285508000000.0,73733000000.0,98657000000.0,62723000000.0,35934000000.0,54697000000.0,5718000000.0,39777000000.0,49834000000.0,125848000000.0,-76014000000.0,0,0,78328000000.0,165631000000.0,147957000000.0,-17674000000.0,-14264000000.0,93568000000.0,93568000000.0,73733000000.0,73733000000.0,172390000000.0,152061000000.0,111482000000.0,98767000000.0,-12715000000.0,-15421000000.0,-90711000000.0,-120686000000.0,15195000000.0,5991000000.0,35934000000.0,29943000000.0,12863000000.0,11698000000.0,0,112010000000.0,-25000000000.0,4481000000.0,-10932000000.0,6,21,14,3,2,9,"Financial Advisors Love Warren Buffett, but They Don’t Always Agree With Him"
2026-08-13 14:45:00+00:00,304.9800109863,305.049987793,304.5559997559,304.5799865723,308155,0.0,0.0,AAPL,苹果,Apple Inc.,USD,14,45,AAPL,305.59,4459835424768,35.044724,32.14128,1.086,0.35,1.08,0.1204,223.78,344.57,150000,7.36,41.52038,0.27618998,0.27082002,1.4875101,31.707,62399000576,84343996416,466822987776,167959003136,0.48653,0.32623002,78.445,0.812,1.003,0.66483,0.01648,2.58,14594180000,14569223952,322.2844,400.0,215.0,2.13043,41,416161000000.0,220960000000.0,195201000000.0,133050000000.0,112010000000.0,7.46,7.49,0,27601000000.0,20719000000.0,132729000000.0,144748000000.0,133050000000.0,144748000000.0,112010000000.0,11698000000.0,15004697000.0,14948500000.0,359241000000.0,285508000000.0,73733000000.0,98657000000.0,62723000000.0,35934000000.0,54697000000.0,5718000000.0,39777000000.0,49834000000.0,125848000000.0,-76014000000.0,0,0,78328000000.0,165631000000.0,147957000000.0,-17674000000.0,-14264000000.0,93568000000.0,93568000000.0,73733000000.0,73733000000.0,172390000000.0,152061000000.0,111482000000.0,98767000000.0,-12715000000.0,-15421000000.0,-90711000000.0,-120686000000.0,15195000000.0,5991000000.0,35934000000.0,29943000000.0,12863000000.0,11698000000.0,0,112010000000.0,-25000000000.0,4481000000.0,-10932000000.0,6,21,14,3,2,9,"Financial Advisors Love Warren Buffett, but They Don’t Always Agree With Him"
2026-08-13 14:50:00+00:00,304.5799865723,305.1700134277,304.5397033691,304.8850097656,311482,0.0,0.0,AAPL,苹果,Apple Inc.,USD,14,50,AAPL,305.59,4459835424768,35.044724,32.14128,1.086,0.35,1.08,0.1204,223.78,344.57,150000,7.36,41.52038,0.27618998,0.27082002,1.4875101,31.707,62399000576,84343996416,466822987776,167959003136,0.48653,0.32623002,78.445,0.812,1.003,0.66483,0.01648,2.58,14594180000,14569223952,322.2844,400.0,215.0,2.13043,41,416161000000.0,220960000000.0,195201000000.0,133050000000.0,112010000000.0,7.46,7.49,0,27601000000.0,20719000000.0,132729000000.0,144748000000.0,133050000000.0,144748000000.0,112010000000.0,11698000000.0,15004697000.0,14948500000.0,359241000000.0,285508000000.0,73733000000.0,98657000000.0,62723000000.0,35934000000.0,54697000000.0,5718000000.0,39777000000.0,49834000000.0,125848000000.0,-76014000000.0,0,0,78328000000.0,165631000000.0,147957000000.0,-17674000000.0,-14264000000.0,93568000000.0,93568000000.0,73733000000.0,73733000000.0,172390000000.0,152061000000.0,111482000000.0,98767000000.0,-12715000000.0,-15421000000.0,-90711000000.0,-120686000000.0,15195000000.0,5991000000.0,35934000000.0,29943000000.0,12863000000.0,11698000000.0,0,112010000000.0,-25000000000.0,4481000000.0,-10932000000.0,6,21,14,3,2,9,"Financial Advisors Love Warren Buffett, but They Don’t Always Agree With Him"
2026-08-13 14:55:00+00:00,304.8850097656,305.1499938965,304.7699890137,305.1050109863,309838,0.0,0.0,AAPL,苹果,Apple Inc.,USD,14,55,AAPL,305.59,4459835424768,35.044724,32.14128,1.086,0.35,1.08,0.1204,223.78,344.57,150000,7.36,41.52038,0.27618998,0.27082002,1.4875101,31.707,62399000576,84343996416,466822987776,167959003136,0.48653,0.32623002,78.445,0.812,1.003,0.66483,0.01648,2.58,14594180000,14569223952,322.2844,400.0,215.0,2.13043,41,416161000000.0,220960000000.0,195201000000.0,133050000000.0,112010000000.0,7.46,7.49,0,27601000000.0,20719000000.0,132729000000.0,144748000000.0,133050000000.0,144748000000.0,112010000000.0,11698000000.0,15004697000.0,14948500000.0,359241000000.0,285508000000.0,73733000000.0,98657000000.0,62723000000.0,35934000000.0,54697000000.0,5718000000.0,39777000000.0,49834000000.0,125848000000.0,-76014000000.0,0,0,78328000000.0,165631000000.0,147957000000.0,-17674000000.0,-14264000000.0,93568000000.0,93568000000.0,73733000000.0,73733000000.0,172390000000.0,152061000000.0,111482000000.0,98767000000.0,-12715000000.0,-15421000000.0,-90711000000.0,-120686000000.0,15195000000.0,5991000000.0,35934000000.0,29943000000.0,12863000000.0,11698000000.0,0,112010000000.0,-25000000000.0,4481000000.0,-10932000000.0,6,21,14,3,2,9,"Financial Advisors Love Warren Buffett, but They Don’t Always Agree With Him"
2026-08-13 15:00:00+00:00,305.1300048828,305.1900024414,304.7099914551,304.9100036621,398596,0.0,0.0,AAPL,苹果,Apple Inc.,USD,15,0,AAPL,305.59,4459835424768,35.044724,32.14128,1.086,0.35,1.08,0.1204,223.78,344.57,150000,7.36,41.52038,0.27618998,0.27082002,1.4875101,31.707,62399000576,84343996416,466822987776,167959003136,0.48653,0.32623002,78.445,0.812,1.003,0.66483,0.01648,2.58,14594180000,14569223952,322.2844,400.0,215.0,2.13043,41,416161000000.0,220960000000.0,195201000000.0,133050000000.0,112010000000.0,7.46,7.49,0,27601000000.0,20719000000.0,132729000000.0,144748000000.0,133050000000.0,144748000000.0,112010000000.0,11698000000.0,15004697000.0,14948500000.0,359241000000.0,285508000000.0,73733000000.0,98657000000.0,62723000000.0,35934000000.0,54697000000.0,5718000000.0,39777000000.0,49834000000.0,125848000000.0,-76014000000.0,0,0,78328000000.0,165631000000.0,147957000000.0,-17674000000.0,-14264000000.0,93568000000.0,93568000000.0,73733000000.0,73733000000.0,172390000000.0,152061000000.0,111482000000.0,98767000000.0,-12715000000.0,-15421000000.0,-90711000000.0,-120686000000.0,15195000000.0,5991000000.0,35934000000.0,29943000000.0,12863000000.0,11698000000.0,0,112010000000.0,-25000000000.0,4481000000.0,-10932000000.0,6,21,14,3,2,9,"Financial Advisors Love Warren Buffett, but They Don’t Always Agree With Him"
2026-08-13 15:05:00+00:00,304.9200134277,304.9501037598,304.0799865723,304.200012207,354222,0.0,0.0,AAPL,苹果,Apple Inc.,USD,15,5,AAPL,305.59,4459835424768,35.044724,32.14128,1.086,0.35,1.08,0.1204,223.78,344.57,150000,7.36,41.52038,0.27618998,0.27082002,1.4875101,31.707,62399000576,84343996416,466822987776,167959003136,0.48653,0.32623002,78.445,0.812,1.003,0.66483,0.01648,2.58,14594180000,14569223952,322.2844,400.0,215.0,2.13043,41,416161000000.0,220960000000.0,195201000000.0,133050000000.0,112010000000.0,7.46,7.49,0,27601000000.0,20719000000.0,132729000000.0,144748000000.0,133050000000.0,144748000000.0,112010000000.0,11698000000.0,15004697000.0,14948500000.0,359241000000.0,285508000000.0,73733000000.0,98657000000.0,62723000000.0,35934000000.0,54697000000.0,5718000000.0,39777000000.0,49834000000.0,125848000000.0,-76014000000.0,0,0,78328000000.0,165631000000.0,147957000000.0,-17674000000.0,-14264000000.0,93568000000.0,93568000000.0,73733000000.0,73733000000.0,172390000000.0,152061000000.0,111482000000.0,98767000000.0,-12715000000.0,-15421000000.0,-90711000000.0,-120686000000.0,15195000000.0,5991000000.0,35934000000.0,29943000000.0,12863000000.0,11698000000.0,0,112010000000.0,-25000000000.0,4481000000.0,-10932000000.0,6,21,14,3,2,9,"Financial Advisors Love Warren Buffett, but They Don’t Always Agree With Him"
2026-08-13 15:10:00+00:00,304.2196960449,304.3499145508,304.0799865723,304.2399902344,224842,0.0,0.0,AAPL,苹果,Apple Inc.,USD,15,10,AAPL,305.59,4459835424768,35.044724,32.14128,1.086,0.35,1.08,0.1204,223.78,344.57,150000,7.36,41.52038,0.27618998,0.27082002,1.4875101,31.707,62399000576,84343996416,466822987776,167959003136,0.48653,0.32623002,78.445,0.812,1.003,0.66483,0.01648,2.58,14594180000,14569223952,322.2844,400.0,215.0,2.13043,41,416161000000.0,220960000000.0,195201000000.0,133050000000.0,112010000000.0,7.46,7.49,0,27601000000.0,20719000000.0,132729000000.0,144748000000.0,133050000000.0,144748000000.0,112010000000.0,11698000000.0,15004697000.0,14948500000.0,359241000000.0,285508000000.0,73733000000.0,98657000000.0,62723000000.0,35934000000.0,54697000000.0,5718000000.0,39777000000.0,49834000000.0,125848000000.0,-76014000000.0,0,0,78328000000.0,165631000000.0,147957000000.0,-17674000000.0,-14264000000.0,93568000000.0,93568000000.0,73733000000.0,73733000000.0,172390000000.0,152061000000.0,111482000000.0,98767000000.0,-12715000000.0,-15421000000.0,-90711000000.0,-120686000000.0,15195000000.0,5991000000.0,35934000000.0,29943000000.0,12863000000.0,11698000000.0,0,112010000000.0,-25000000000.0,4481000000.0,-10932000000.0,6,21,14,3,2,9,"Financial Advisors Love Warren Buffett, but They Don’t Always Agree With Him"
2026-08-13 15:15:00+00:00,304.2399902344,304.2449951172,303.7799987793,304.1801147461,353163,0.0,0.0,AAPL,苹果,Apple Inc.,USD,15,15,AAPL,305.59,4459835424768,35.044724,32.14128,1.086,0.35,1.08,0.1204,223.78,344.57,150000,7.36,41.52038,0.27618998,0.27082002,1.4875101,31.707,62399000576,84343996416,466822987776,167959003136,0.48653,0.32623002,78.445,0.812,1.003,0.66483,0.01648,2.58,14594180000,14569223952,322.2844,400.0,215.0,2.13043,41,416161000000.0,220960000000.0,195201000000.0,133050000000.0,112010000000.0,7.46,7.49,0,27601000000.0,20719000000.0,132729000000.0,144748000000.0,133050000000.0,144748000000.0,112010000000.0,11698000000.0,15004697000.0,14948500000.0,359241000000.0,285508000000.0,73733000000.0,98657000000.0,62723000000.0,35934000000.0,54697000000.0,5718000000.0,39777000000.0,49834000000.0,125848000000.0,-76014000000.0,0,0,78328000000.0,165631000000.0,147957000000.0,-17674000000.0,-14264000000.0,93568000000.0,93568000000.0,73733000000.0,73733000000.0,172390000000.0,152061000000.0,111482000000.0,98767000000.0,-12715000000.0,-15421000000.0,-90711000000.0,-120686000000.0,15195000000.0,5991000000.0,35934000000.0,29943000000.0,12863000000.0,11698000000.0,0,112010000000.0,-25000000000.0,4481000000.0,-10932000000.0,6,21,14,3,2,9,"Financial Advisors Love Warren Buffett, but They Don’t Always Agree With Him"
2026-08-13 15:20:00+00:00,304.1799926758,304.3699035645,303.9800109863,304.1499938965,299470,0.0,0.0,AAPL,苹果,Apple Inc.,USD,15,20,AAPL,305.59,4459835424768,35.044724,32.14128,1.086,0.35,1.08,0.1204,223.78,344.57,150000,7.36,41.52038,0.27618998,0.27082002,1.4875101,31.707,62399000576,84343996416,466822987776,167959003136,0.48653,0.32623002,78.445,0.812,1.003,0.66483,0.01648,2.58,14594180000,14569223952,322.2844,400.0,215.0,2.13043,41,416161000000.0,220960000000.0,195201000000.0,133050000000.0,112010000000.0,7.46,7.49,0,27601000000.0,20719000000.0,132729000000.0,144748000000.0,133050000000.0,144748000000.0,112010000000.0,11698000000.0,15004697000.0,14948500000.0,359241000000.0,285508000000.0,73733000000.0,98657000000.0,62723000000.0,35934000000.0,54697000000.0,5718000000.0,39777000000.0,49834000000.0,125848000000.0,-76014000000.0,0,0,78328000000.0,165631000000.0,147957000000.0,-17674000000.0,-14264000000.0,93568000000.0,93568000000.0,73733000000.0,73733000000.0,172390000000.0,152061000000.0,111482000000.0,98767000000.0,-12715000000.0,-15421000000.0,-90711000000.0,-120686000000.0,15195000000.0,5991000000.0,35934000000.0,29943000000.0,12863000000.0,11698000000.0,0,112010000000.0,-25000000000.0,4481000000.0,-10932000000.0,6,21,14,3,2,9,"Financial Advisors Love Warren Buffett, but They Don’t Always Agree With Him"
2026-08-13 15:25:00+00:00,304.1600036621,304.2398986816,303.549987793,303.7200012207,440437,0.0,0.0,AAPL,苹果,Apple Inc.,USD,15,25,AAPL,305.59,4459835424768,35.044724,32.14128,1.086,0.35,1.08,0.1204,223.78,344.57,150000,7.36,41.52038,0.27618998,0.27082002,1.4875101,31.707,62399000576,84343996416,466822987776,167959003136,0.48653,0.32623002,78.445,0.812,1.003,0.66483,0.01648,2.58,14594180000,14569223952,322.2844,400.0,215.0,2.13043,41,416161000000.0,220960000000.0,195201000000.0,133050000000.0,112010000000.0,7.46,7.49,0,27601000000.0,20719000000.0,132729000000.0,144748000000.0,133050000000.0,144748000000.0,112010000000.0,11698000000.0,15004697000.0,14948500000.0,359241000000.0,285508000000.0,73733000000.0,98657000000.0,62723000000.0,35934000000.0,54697000000.0,5718000000.0,39777000000.0,49834000000.0,125848000000.0,-76014000000.0,0,0,78328000000.0,165631000000.0,147957000000.0,-17674000000.0,-14264000000.0,93568000000.0,93568000000.0,73733000000.0,73733000000.0,172390000000.0,152061000000.0,111482000000.0,98767000000.0,-12715000000.0,-15421000000.0,-90711000000.0,-120686000000.0,15195000000.0,5991000000.0,35934000000.0,29943000000.0,12863000000.0,11698000000.0,0,112010000000.0,-25000000000.0,4481000000.0,-10932000000.0,6,21,14,3,2,9,"Financial Advisors Love Warren Buffett, but They Don’t Always Agree With Him"
2026-08-13 15:30:00+00:00,303.7300109863,303.9849853516,303.5100097656,303.7699890137,288171,0.0,0.0,AAPL,苹果,Apple Inc.,USD,15,30,AAPL,305.59,4459835424768,35.044724,32.14128,1.086,0.35,1.08,0.1204,223.78,344.57,150000,7.36,41.52038,0.27618998,0.27082002,1.4875101,31.707,62399000576,84343996416,466822987776,167959003136,0.48653,0.32623002,78.445,0.812,1.003,0.66483,0.01648,2.58,14594180000,14569223952,322.2844,400.0,215.0,2.13043,41,416161000000.0,220960000000.0,195201000000.0,133050000000.0,112010000000.0,7.46,7.49,0,27601000000.0,20719000000.0,132729000000.0,144748000000.0,133050000000.0,144748000000.0,112010000000.0,11698000000.0,15004697000.0,14948500000.0,359241000000.0,285508000000.0,73733000000.0,98657000000.0,62723000000.0,35934000000.0,54697000000.0,5718000000.0,39777000000.0,49834000000.0,125848000000.0,-76014000000.0,0,0,78328000000.0,165631000000.0,147957000000.0,-17674000000.0,-14264000000.0,93568000000.0,93568000000.0,73733000000.0,73733000000.0,172390000000.0,152061000000.0,111482000000.0,98767000000.0,-12715000000.0,-15421000000.0,-90711000000.0,-120686000000.0,15195000000.0,5991000000.0,35934000000.0,29943000000.0,12863000000.0,11698000000.0,0,112010000000.0,-25000000000.0,4481000000.0,-10932000000.0,6,21,14,3,2,9,"Financial Advisors Love Warren Buffett, but They Don’t Always Agree With Him"
2026-08-13 15:35:00+00:00,303.7900085449,303.8099975586,302.950012207,303.4949951172,456805,0.0,0.0,AAPL,苹果,Apple Inc.,USD,15,35,AAPL,305.59,4459835424768,35.044724,32.14128,1.086,0.35,1.08,0.1204,223.78,344.57,150000,7.36,41.52038,0.27618998,0.27082002,1.4875101,31.707,62399000576,84343996416,466822987776,167959003136,0.48653,0.32623002,78.445,0.812,1.003,0.66483,0.01648,2.58,14594180000,14569223952,322.2844,400.0,215.0,2.13043,41,416161000000.0,220960000000.0,195201000000.0,133050000000.0,112010000000.0,7.46,7.49,0,27601000000.0,20719000000.0,132729000000.0,144748000000.0,133050000000.0,144748000000.0,112010000000.0,11698000000.0,15004697000.0,14948500000.0,359241000000.0,285508000000.0,73733000000.0,98657000000.0,62723000000.0,35934000000.0,54697000000.0,5718000000.0,39777000000.0,49834000000.0,125848000000.0,-76014000000.0,0,0,78328000000.0,165631000000.0,147957000000.0,-17674000000.0,-14264000000.0,93568000000.0,93568000000.0,73733000000.0,73733000000.0,172390000000.0,152061000000.0,111482000000.0,98767000000.0,-12715000000.0,-15421000000.0,-90711000000.0,-120686000000.0,15195000000.0,5991000000.0,35934000000.0,29943000000.0,12863000000.0,11698000000.0,0,112010000000.0,-25000000000.0,4481000000.0,-10932000000.0,6,21,14,3,2,9,"Financial Advisors Love Warren Buffett, but They Don’t Always Agree With Him"
2026-08-13 15:40:00+00:00,303.4800109863,303.5899963379,303.2600097656,303.4450073242,217092,0.0,0.0,AAPL,苹果,Apple Inc.,USD,15,40,AAPL,305.59,4459835424768,35.044724,32.14128,1.086,0.35,1.08,0.1204,223.78,344.57,150000,7.36,41.52038,0.27618998,0.27082002,1.4875101,31.707,62399000576,84343996416,466822987776,167959003136,0.48653,0.32623002,78.445,0.812,1.003,0.66483,0.01648,2.58,14594180000,14569223952,322.2844,400.0,215.0,2.13043,41,416161000000.0,220960000000.0,195201000000.0,133050000000.0,112010000000.0,7.46,7.49,0,27601000000.0,20719000000.0,132729000000.0,144748000000.0,133050000000.0,144748000000.0,112010000000.0,11698000000.0,15004697000.0,14948500000.0,359241000000.0,285508000000.0,73733000000.0,98657000000.0,62723000000.0,35934000000.0,54697000000.0,5718000000.0,39777000000.0,49834000000.0,125848000000.0,-76014000000.0,0,0,78328000000.0,165631000000.0,147957000000.0,-17674000000.0,-14264000000.0,93568000000.0,93568000000.0,73733000000.0,73733000000.0,172390000000.0,152061000000.0,111482000000.0,98767000000.0,-12715000000.0,-15421000000.0,-90711000000.0,-120686000000.0,15195000000.0,5991000000.0,35934000000.0,29943000000.0,12863000000.0,11698000000.0,0,112010000000.0,-25000000000.0,4481000000.0,-10932000000.0,6,21,14,3,2,9,"Financial Advisors Love Warren Buffett, but They Don’t Always Agree With Him"
2026-08-13 15:45:00+00:00,303.4400024414,303.5299987793,303.2799987793,303.3689880371,175215,0.0,0.0,AAPL,苹果,Apple Inc.,USD,15,45,AAPL,305.59,4459835424768,35.044724,32.14128,1.086,0.35,1.08,0.1204,223.78,344.57,150000,7.36,41.52038,0.27618998,0.27082002,1.4875101,31.707,62399000576,84343996416,466822987776,167959003136,0.48653,0.32623002,78.445,0.812,1.003,0.66483,0.01648,2.58,14594180000,14569223952,322.2844,400.0,215.0,2.13043,41,416161000000.0,220960000000.0,195201000000.0,133050000000.0,112010000000.0,7.46,7.49,0,27601000000.0,20719000000.0,132729000000.0,144748000000.0,133050000000.0,144748000000.0,112010000000.0,11698000000.0,15004697000.0,14948500000.0,359241000000.0,285508000000.0,73733000000.0,98657000000.0,62723000000.0,35934000000.0,54697000000.0,5718000000.0,39777000000.0,49834000000.0,125848000000.0,-76014000000.0,0,0,78328000000.0,165631000000.0,147957000000.0,-17674000000.0,-14264000000.0,93568000000.0,93568000000.0,73733000000.0,73733000000.0,172390000000.0,152061000000.0,111482000000.0,98767000000.0,-12715000000.0,-15421000000.0,-90711000000.0,-120686000000.0,15195000000.0,5991000000.0,35934000000.0,29943000000.0,12863000000.0,11698000000.0,0,112010000000.0,-25000000000.0,4481000000.0,-10932000000.0,6,21,14,3,2,9,"Financial Advisors Love Warren Buffett, but They Don’t Always Agree With Him"
2026-08-13 15:50:00+00:00,303.3699035645,303.5150146484,303.2799987793,303.3150024414,183539,0.0,0.0,AAPL,苹果,Apple Inc.,USD,15,50,AAPL,305.59,4459835424768,35.044724,32.14128,1.086,0.35,1.08,0.1204,223.78,344.57,150000,7.36,41.52038,0.27618998,0.27082002,1.4875101,31.707,62399000576,84343996416,466822987776,167959003136,0.48653,0.32623002,78.445,0.812,1.003,0.66483,0.01648,2.58,14594180000,14569223952,322.2844,400.0,215.0,2.13043,41,416161000000.0,220960000000.0,195201000000.0,133050000000.0,112010000000.0,7.46,7.49,0,27601000000.0,20719000000.0,132729000000.0,144748000000.0,133050000000.0,144748000000.0,112010000000.0,11698000000.0,15004697000.0,14948500000.0,359241000000.0,285508000000.0,73733000000.0,98657000000.0,62723000000.0,35934000000.0,54697000000.0,5718000000.0,39777000000.0,49834000000.0,125848000000.0,-76014000000.0,0,0,78328000000.0,165631000000.0,147957000000.0,-17674000000.0,-14264000000.0,93568000000.0,93568000000.0,73733000000.0,73733000000.0,172390000000.0,152061000000.0,111482000000.0,98767000000.0,-12715000000.0,-15421000000.0,-90711000000.0,-120686000000.0,15195000000.0,5991000000.0,35934000000.0,29943000000.0,12863000000.0,11698000000.0,0,112010000000.0,-25000000000.0,4481000000.0,-10932000000.0,6,21,14,3,2,9,"Financial Advisors Love Warren Buffett, but They Don’t Always Agree With Him"
2026-08-13 15:55:00+00:00,303.3299865723,303.3846130371,302.7699890137,302.7879943848,330480,0.0,0.0,AAPL,苹果,Apple Inc.,USD,15,55,AAPL,305.59,4459835424768,35.044724,32.14128,1.086,0.35,1.08,0.1204,223.78,344.57,150000,7.36,41.52038,0.27618998,0.27082002,1.4875101,31.707,62399000576,84343996416,466822987776,167959003136,0.48653,0.32623002,78.445,0.812,1.003,0.66483,0.01648,2.58,14594180000,14569223952,322.2844,400.0,215.0,2.13043,41,416161000000.0,220960000000.0,195201000000.0,133050000000.0,112010000000.0,7.46,7.49,0,27601000000.0,20719000000.0,132729000000.0,144748000000.0,133050000000.0,144748000000.0,112010000000.0,11698000000.0,15004697000.0,14948500000.0,359241000000.0,285508000000.0,73733000000.0,98657000000.0,62723000000.0,35934000000.0,54697000000.0,5718000000.0,39777000000.0,49834000000.0,125848000000.0,-76014000000.0,0,0,78328000000.0,165631000000.0,147957000000.0,-17674000000.0,-14264000000.0,93568000000.0,93568000000.0,73733000000.0,73733000000.0,172390000000.0,152061000000.0,111482000000.0,98767000000.0,-12715000000.0,-15421000000.0,-90711000000.0,-120686000000.0,15195000000.0,5991000000.0,35934000000.0,29943000000.0,12863000000.0,11698000000.0,0,112010000000.0,-25000000000.0,4481000000.0,-10932000000.0,6,21,14,3,2,9,"Financial Advisors Love Warren Buffett, but They Don’t Always Agree With Him"
2026-08-13 16:00:00+00:00,302.7900085449,302.8450012207,302.6300048828,302.6849975586,230421,0.0,0.0,AAPL,苹果,Apple Inc.,USD,16,0,AAPL,305.59,4459835424768,35.044724,32.14128,1.086,0.35,1.08,0.1204,223.78,344.57,150000,7.36,41.52038,0.27618998,0.27082002,1.4875101,31.707,62399000576,84343996416,466822987776,167959003136,0.48653,0.32623002,78.445,0.812,1.003,0.66483,0.01648,2.58,14594180000,14569223952,322.2844,400.0,215.0,2.13043,41,416161000000.0,220960000000.0,195201000000.0,133050000000.0,112010000000.0,7.46,7.49,0,27601000000.0,20719000000.0,132729000000.0,144748000000.0,133050000000.0,144748000000.0,112010000000.0,11698000000.0,15004697000.0,14948500000.0,359241000000.0,285508000000.0,73733000000.0,98657000000.0,62723000000.0,35934000000.0,54697000000.0,5718000000.0,39777000000.0,49834000000.0,125848000000.0,-76014000000.0,0,0,78328000000.0,165631000000.0,147957000000.0,-17674000000.0,-14264000000.0,93568000000.0,93568000000.0,73733000000.0,73733000000.0,172390000000.0,152061000000.0,111482000000.0,98767000000.0,-12715000000.0,-15421000000.0,-90711000000.0,-120686000000.0,15195000000.0,5991000000.0,35934000000.0,29943000000.0,12863000000.0,11698000000.0,0,112010000000.0,-25000000000.0,4481000000.0,-10932000000.0,6,21,14,3,2,9,"Financial Advisors Love Warren Buffett, but They Don’t Always Agree With Him"
2026-08-13 16:05:00+00:00,302.6799926758,303.2399902344,302.5700073242,303.2149963379,318268,0.0,0.0,AAPL,苹果,Apple Inc.,USD,16,5,AAPL,305.59,4459835424768,35.044724,32.14128,1.086,0.35,1.08,0.1204,223.78,344.57,150000,7.36,41.52038,0.27618998,0.27082002,1.4875101,31.707,62399000576,84343996416,466822987776,167959003136,0.48653,0.32623002,78.445,0.812,1.003,0.66483,0.01648,2.58,14594180000,14569223952,322.2844,400.0,215.0,2.13043,41,416161000000.0,220960000000.0,195201000000.0,133050000000.0,112010000000.0,7.46,7.49,0,27601000000.0,20719000000.0,132729000000.0,144748000000.0,133050000000.0,144748000000.0,112010000000.0,11698000000.0,15004697000.0,14948500000.0,359241000000.0,285508000000.0,73733000000.0,98657000000.0,62723000000.0,35934000000.0,54697000000.0,5718000000.0,39777000000.0,49834000000.0,125848000000.0,-76014000000.0,0,0,78328000000.0,165631000000.0,147957000000.0,-17674000000.0,-14264000000.0,93568000000.0,93568000000.0,73733000000.0,73733000000.0,172390000000.0,152061000000.0,111482000000.0,98767000000.0,-12715000000.0,-15421000000.0,-90711000000.0,-120686000000.0,15195000000.0,5991000000.0,35934000000.0,29943000000.0,12863000000.0,11698000000.0,0,112010000000.0,-25000000000.0,4481000000.0,-10932000000.0,6,21,14,3,2,9,"Financial Advisors Love Warren Buffett, but They Don’t Always Agree With Him"
2026-08-13 16:10:00+00:00,303.2250061035,303.4150085449,303.1099853516,303.4150085449,233059,0.0,0.0,AAPL,苹果,Apple Inc.,USD,16,10,AAPL,305.59,4459835424768,35.044724,32.14128,1.086,0.35,1.08,0.1204,223.78,344.57,150000,7.36,41.52038,0.27618998,0.27082002,1.4875101,31.707,62399000576,84343996416,466822987776,167959003136,0.48653,0.32623002,78.445,0.812,1.003,0.66483,0.01648,2.58,14594180000,14569223952,322.2844,400.0,215.0,2.13043,41,416161000000.0,220960000000.0,195201000000.0,133050000000.0,112010000000.0,7.46,7.49,0,27601000000.0,20719000000.0,132729000000.0,144748000000.0,133050000000.0,144748000000.0,112010000000.0,11698000000.0,15004697000.0,14948500000.0,359241000000.0,285508000000.0,73733000000.0,98657000000.0,62723000000.0,35934000000.0,54697000000.0,5718000000.0,39777000000.0,49834000000.0,125848000000.0,-76014000000.0,0,0,78328000000.0,165631000000.0,147957000000.0,-17674000000.0,-14264000000.0,93568000000.0,93568000000.0,73733000000.0,73733000000.0,172390000000.0,152061000000.0,111482000000.0,98767000000.0,-12715000000.0,-15421000000.0,-90711000000.0,-120686000000.0,15195000000.0,5991000000.0,35934000000.0,29943000000.0,12863000000.0,11698000000.0,0,112010000000.0,-25000000000.0,4481000000.0,-10932000000.0,6,21,14,3,2,9,"Financial Advisors Love Warren Buffett, but They Don’t Always Agree With Him"
2026-08-13 16:15:00+00:00,303.4150085449,303.6099853516,303.25,303.6099853516,194867,0.0,0.0,AAPL,苹果,Apple Inc.,USD,16,15,AAPL,305.59,4459835424768,35.044724,32.14128,1.086,0.35,1.08,0.1204,223.78,344.57,150000,7.36,41.52038,0.27618998,0.27082002,1.4875101,31.707,62399000576,84343996416,466822987776,167959003136,0.48653,0.32623002,78.445,0.812,1.003,0.66483,0.01648,2.58,14594180000,14569223952,322.2844,400.0,215.0,2.13043,41,416161000000.0,220960000000.0,195201000000.0,133050000000.0,112010000000.0,7.46,7.49,0,27601000000.0,20719000000.0,132729000000.0,144748000000.0,133050000000.0,144748000000.0,112010000000.0,11698000000.0,15004697000.0,14948500000.0,359241000000.0,285508000000.0,73733000000.0,98657000000.0,62723000000.0,35934000000.0,54697000000.0,5718000000.0,39777000000.0,49834000000.0,125848000000.0,-76014000000.0,0,0,78328000000.0,165631000000.0,147957000000.0,-17674000000.0,-14264000000.0,93568000000.0,93568000000.0,73733000000.0,73733000000.0,172390000000.0,152061000000.0,111482000000.0,98767000000.0,-12715000000.0,-15421000000.0,-90711000000.0,-120686000000.0,15195000000.0,5991000000.0,35934000000.0,29943000000.0,12863000000.0,11698000000.0,0,112010000000.0,-25000000000.0,4481000000.0,-10932000000.0,6,21,14,3,2,9,"Financial Advisors Love Warren Buffett, but They Don’t Always Agree With Him"
2026-08-13 16:20:00+00:00,303.6099853516,303.8699951172,303.2799987793,303.5199890137,254078,0.0,0.0,AAPL,苹果,Apple Inc.,USD,16,20,AAPL,305.59,4459835424768,35.044724,32.14128,1.086,0.35,1.08,0.1204,223.78,344.57,150000,7.36,41.52038,0.27618998,0.27082002,1.4875101,31.707,62399000576,84343996416,466822987776,167959003136,0.48653,0.32623002,78.445,0.812,1.003,0.66483,0.01648,2.58,14594180000,14569223952,322.2844,400.0,215.0,2.13043,41,416161000000.0,220960000000.0,195201000000.0,133050000000.0,112010000000.0,7.46,7.49,0,27601000000.0,20719000000.0,132729000000.0,144748000000.0,133050000000.0,144748000000.0,112010000000.0,11698000000.0,15004697000.0,14948500000.0,359241000000.0,285508000000.0,73733000000.0,98657000000.0,62723000000.0,35934000000.0,54697000000.0,5718000000.0,39777000000.0,49834000000.0,125848000000.0,-76014000000.0,0,0,78328000000.0,165631000000.0,147957000000.0,-17674000000.0,-14264000000.0,93568000000.0,93568000000.0,73733000000.0,73733000000.0,172390000000.0,152061000000.0,111482000000.0,98767000000.0,-12715000000.0,-15421000000.0,-90711000000.0,-120686000000.0,15195000000.0,5991000000.0,35934000000.0,29943000000.0,12863000000.0,11698000000.0,0,112010000000.0,-25000000000.0,4481000000.0,-10932000000.0,6,21,14,3,2,9,"Financial Advisors Love Warren Buffett, but They Don’t Always Agree With Him"
2026-08-13 16:25:00+00:00,303.5249938965,303.7499084473,303.3900146484,303.4299926758,158936,0.0,0.0,AAPL,苹果,Apple Inc.,USD,16,25,AAPL,305.59,4459835424768,35.044724,32.14128,1.086,0.35,1.08,0.1204,223.78,344.57,150000,7.36,41.52038,0.27618998,0.27082002,1.4875101,31.707,62399000576,84343996416,466822987776,167959003136,0.48653,0.32623002,78.445,0.812,1.003,0.66483,0.01648,2.58,14594180000,14569223952,322.2844,400.0,215.0,2.13043,41,416161000000.0,220960000000.0,195201000000.0,133050000000.0,112010000000.0,7.46,7.49,0,27601000000.0,20719000000.0,132729000000.0,144748000000.0,133050000000.0,144748000000.0,112010000000.0,11698000000.0,15004697000.0,14948500000.0,359241000000.0,285508000000.0,73733000000.0,98657000000.0,62723000000.0,35934000000.0,54697000000.0,5718000000.0,39777000000.0,49834000000.0,125848000000.0,-76014000000.0,0,0,78328000000.0,165631000000.0,147957000000.0,-17674000000.0,-14264000000.0,93568000000.0,93568000000.0,73733000000.0,73733000000.0,172390000000.0,152061000000.0,111482000000.0,98767000000.0,-12715000000.0,-15421000000.0,-90711000000.0,-120686000000.0,15195000000.0,5991000000.0,35934000000.0,29943000000.0,12863000000.0,11698000000.0,0,112010000000.0,-25000000000.0,4481000000.0,-10932000000.0,6,21,14,3,2,9,"Financial Advisors Love Warren Buffett, but They Don’t Always Agree With Him"
2026-08-13 16:30:00+00:00,303.4349975586,303.4498901367,303.0799865723,303.2049865723,236253,0.0,0.0,AAPL,苹果,Apple Inc.,USD,16,30,AAPL,305.59,4459835424768,35.044724,32.14128,1.086,0.35,1.08,0.1204,223.78,344.57,150000,7.36,41.52038,0.27618998,0.27082002,1.4875101,31.707,62399000576,84343996416,466822987776,167959003136,0.48653,0.32623002,78.445,0.812,1.003,0.66483,0.01648,2.58,14594180000,14569223952,322.2844,400.0,215.0,2.13043,41,416161000000.0,220960000000.0,195201000000.0,133050000000.0,112010000000.0,7.46,7.49,0,27601000000.0,20719000000.0,132729000000.0,144748000000.0,133050000000.0,144748000000.0,112010000000.0,11698000000.0,15004697000.0,14948500000.0,359241000000.0,285508000000.0,73733000000.0,98657000000.0,62723000000.0,35934000000.0,54697000000.0,5718000000.0,39777000000.0,49834000000.0,125848000000.0,-76014000000.0,0,0,78328000000.0,165631000000.0,147957000000.0,-17674000000.0,-14264000000.0,93568000000.0,93568000000.0,73733000000.0,73733000000.0,172390000000.0,152061000000.0,111482000000.0,98767000000.0,-12715000000.0,-15421000000.0,-90711000000.0,-120686000000.0,15195000000.0,5991000000.0,35934000000.0,29943000000.0,12863000000.0,11698000000.0,0,112010000000.0,-25000000000.0,4481000000.0,-10932000000.0,6,21,14,3,2,9,"Financial Advisors Love Warren Buffett, but They Don’t Always Agree With Him"
2026-08-13 16:35:00+00:00,303.1900024414,303.3500061035,303.049987793,303.2099914551,144340,0.0,0.0,AAPL,苹果,Apple Inc.,USD,16,35,AAPL,305.59,4459835424768,35.044724,32.14128,1.086,0.35,1.08,0.1204,223.78,344.57,150000,7.36,41.52038,0.27618998,0.27082002,1.4875101,31.707,62399000576,84343996416,466822987776,167959003136,0.48653,0.32623002,78.445,0.812,1.003,0.66483,0.01648,2.58,14594180000,14569223952,322.2844,400.0,215.0,2.13043,41,416161000000.0,220960000000.0,195201000000.0,133050000000.0,112010000000.0,7.46,7.49,0,27601000000.0,20719000000.0,132729000000.0,144748000000.0,133050000000.0,144748000000.0,112010000000.0,11698000000.0,15004697000.0,14948500000.0,359241000000.0,285508000000.0,73733000000.0,98657000000.0,62723000000.0,35934000000.0,54697000000.0,5718000000.0,39777000000.0,49834000000.0,125848000000.0,-76014000000.0,0,0,78328000000.0,165631000000.0,147957000000.0,-17674000000.0,-14264000000.0,93568000000.0,93568000000.0,73733000000.0,73733000000.0,172390000000.0,152061000000.0,111482000000.0,98767000000.0,-12715000000.0,-15421000000.0,-90711000000.0,-120686000000.0,15195000000.0,5991000000.0,35934000000.0,29943000000.0,12863000000.0,11698000000.0,0,112010000000.0,-25000000000.0,4481000000.0,-10932000000.0,6,21,14,3,2,9,"Financial Advisors Love Warren Buffett, but They Don’t Always Agree With Him"
2026-08-13 16:40:00+00:00,303.2300109863,303.2699890137,303.0801086426,303.2349853516,164777,0.0,0.0,AAPL,苹果,Apple Inc.,USD,16,40,AAPL,305.59,4459835424768,35.044724,32.14128,1.086,0.35,1.08,0.1204,223.78,344.57,150000,7.36,41.52038,0.27618998,0.27082002,1.4875101,31.707,62399000576,84343996416,466822987776,167959003136,0.48653,0.32623002,78.445,0.812,1.003,0.66483,0.01648,2.58,14594180000,14569223952,322.2844,400.0,215.0,2.13043,41,416161000000.0,220960000000.0,195201000000.0,133050000000.0,112010000000.0,7.46,7.49,0,27601000000.0,20719000000.0,132729000000.0,144748000000.0,133050000000.0,144748000000.0,112010000000.0,11698000000.0,15004697000.0,14948500000.0,359241000000.0,285508000000.0,73733000000.0,98657000000.0,62723000000.0,35934000000.0,54697000000.0,5718000000.0,39777000000.0,49834000000.0,125848000000.0,-76014000000.0,0,0,78328000000.0,165631000000.0,147957000000.0,-17674000000.0,-14264000000.0,93568000000.0,93568000000.0,73733000000.0,73733000000.0,172390000000.0,152061000000.0,111482000000.0,98767000000.0,-12715000000.0,-15421000000.0,-90711000000.0,-120686000000.0,15195000000.0,5991000000.0,35934000000.0,29943000000.0,12863000000.0,11698000000.0,0,112010000000.0,-25000000000.0,4481000000.0,-10932000000.0,6,21,14,3,2,9,"Financial Advisors Love Warren Buffett, but They Don’t Always Agree With Him"
2026-08-13 16:45:00+00:00,303.2349853516,303.75,303.1600036621,303.7300109863,216565,0.0,0.0,AAPL,苹果,Apple Inc.,USD,16,45,AAPL,305.59,4459835424768,35.044724,32.14128,1.086,0.35,1.08,0.1204,223.78,344.57,150000,7.36,41.52038,0.27618998,0.27082002,1.4875101,31.707,62399000576,84343996416,466822987776,167959003136,0.48653,0.32623002,78.445,0.812,1.003,0.66483,0.01648,2.58,14594180000,14569223952,322.2844,400.0,215.0,2.13043,41,416161000000.0,220960000000.0,195201000000.0,133050000000.0,112010000000.0,7.46,7.49,0,27601000000.0,20719000000.0,132729000000.0,144748000000.0,133050000000.0,144748000000.0,112010000000.0,11698000000.0,15004697000.0,14948500000.0,359241000000.0,285508000000.0,73733000000.0,98657000000.0,62723000000.0,35934000000.0,54697000000.0,5718000000.0,39777000000.0,49834000000.0,125848000000.0,-76014000000.0,0,0,78328000000.0,165631000000.0,147957000000.0,-17674000000.0,-14264000000.0,93568000000.0,93568000000.0,73733000000.0,73733000000.0,172390000000.0,152061000000.0,111482000000.0,98767000000.0,-12715000000.0,-15421000000.0,-90711000000.0,-120686000000.0,15195000000.0,5991000000.0,35934000000.0,29943000000.0,12863000000.0,11698000000.0,0,112010000000.0,-25000000000.0,4481000000.0,-10932000000.0,6,21,14,3,2,9,"Financial Advisors Love Warren Buffett, but They Don’t Always Agree With Him"
2026-08-13 16:50:00+00:00,303.7200012207,303.7600097656,303.3999938965,303.5249938965,185183,0.0,0.0,AAPL,苹果,Apple Inc.,USD,16,50,AAPL,305.59,4459835424768,35.044724,32.14128,1.086,0.35,1.08,0.1204,223.78,344.57,150000,7.36,41.52038,0.27618998,0.27082002,1.4875101,31.707,62399000576,84343996416,466822987776,167959003136,0.48653,0.32623002,78.445,0.812,1.003,0.66483,0.01648,2.58,14594180000,14569223952,322.2844,400.0,215.0,2.13043,41,416161000000.0,220960000000.0,195201000000.0,133050000000.0,112010000000.0,7.46,7.49,0,27601000000.0,20719000000.0,132729000000.0,144748000000.0,133050000000.0,144748000000.0,112010000000.0,11698000000.0,15004697000.0,14948500000.0,359241000000.0,285508000000.0,73733000000.0,98657000000.0,62723000000.0,35934000000.0,54697000000.0,5718000000.0,39777000000.0,49834000000.0,125848000000.0,-76014000000.0,0,0,78328000000.0,165631000000.0,147957000000.0,-17674000000.0,-14264000000.0,93568000000.0,93568000000.0,73733000000.0,73733000000.0,172390000000.0,152061000000.0,111482000000.0,98767000000.0,-12715000000.0,-15421000000.0,-90711000000.0,-120686000000.0,15195000000.0,5991000000.0,35934000000.0,29943000000.0,12863000000.0,11698000000.0,0,112010000000.0,-25000000000.0,4481000000.0,-10932000000.0,6,21,14,3,2,9,"Financial Advisors Love Warren Buffett, but They Don’t Always Agree With Him"
2026-08-13 16:55:00+00:00,303.549987793,303.6000061035,303.0100097656,303.0299987793,235014,0.0,0.0,AAPL,苹果,Apple Inc.,USD,16,55,AAPL,305.59,4459835424768,35.044724,32.14128,1.086,0.35,1.08,0.1204,223.78,344.57,150000,7.36,41.52038,0.27618998,0.27082002,1.4875101,31.707,62399000576,84343996416,466822987776,167959003136,0.48653,0.32623002,78.445,0.812,1.003,0.66483,0.01648,2.58,14594180000,14569223952,322.2844,400.0,215.0,2.13043,41,416161000000.0,220960000000.0,195201000000.0,133050000000.0,112010000000.0,7.46,7.49,0,27601000000.0,20719000000.0,132729000000.0,144748000000.0,133050000000.0,144748000000.0,112010000000.0,11698000000.0,15004697000.0,14948500000.0,359241000000.0,285508000000.0,73733000000.0,98657000000.0,62723000000.0,35934000000.0,54697000000.0,5718000000.0,39777000000.0,49834000000.0,125848000000.0,-76014000000.0,0,0,78328000000.0,165631000000.0,147957000000.0,-17674000000.0,-14264000000.0,93568000000.0,93568000000.0,73733000000.0,73733000000.0,172390000000.0,152061000000.0,111482000000.0,98767000000.0,-12715000000.0,-15421000000.0,-90711000000.0,-120686000000.0,15195000000.0,5991000000.0,35934000000.0,29943000000.0,12863000000.0,11698000000.0,0,112010000000.0,-25000000000.0,4481000000.0,-10932000000.0,6,21,14,3,2,9,"Financial Advisors Love Warren Buffett, but They Don’t Always Agree With Him"
2026-08-13 17:00:00+00:00,303.0400085449,303.1899108887,302.8500061035,303.0,245567,0.0,0.0,AAPL,苹果,Apple Inc.,USD,17,0,AAPL,305.59,4459835424768,35.044724,32.14128,1.086,0.35,1.08,0.1204,223.78,344.57,150000,7.36,41.52038,0.27618998,0.27082002,1.4875101,31.707,62399000576,84343996416,466822987776,167959003136,0.48653,0.32623002,78.445,0.812,1.003,0.66483,0.01648,2.58,14594180000,14569223952,322.2844,400.0,215.0,2.13043,41,416161000000.0,220960000000.0,195201000000.0,133050000000.0,112010000000.0,7.46,7.49,0,27601000000.0,20719000000.0,132729000000.0,144748000000.0,133050000000.0,144748000000.0,112010000000.0,11698000000.0,15004697000.0,14948500000.0,359241000000.0,285508000000.0,73733000000.0,98657000000.0,62723000000.0,35934000000.0,54697000000.0,5718000000.0,39777000000.0,49834000000.0,125848000000.0,-76014000000.0,0,0,78328000000.0,165631000000.0,147957000000.0,-17674000000.0,-14264000000.0,93568000000.0,93568000000.0,73733000000.0,73733000000.0,172390000000.0,152061000000.0,111482000000.0,98767000000.0,-12715000000.0,-15421000000.0,-90711000000.0,-120686000000.0,15195000000.0,5991000000.0,35934000000.0,29943000000.0,12863000000.0,11698000000.0,0,112010000000.0,-25000000000.0,4481000000.0,-10932000000.0,6,21,14,3,2,9,"Financial Advisors Love Warren Buffett, but They Don’t Always Agree With Him"
2026-08-13 17:05:00+00:00,303.0020141602,303.1199951172,302.8599853516,303.0599975586,187156,0.0,0.0,AAPL,苹果,Apple Inc.,USD,17,5,AAPL,305.59,4459835424768,35.044724,32.14128,1.086,0.35,1.08,0.1204,223.78,344.57,150000,7.36,41.52038,0.27618998,0.27082002,1.4875101,31.707,62399000576,84343996416,466822987776,167959003136,0.48653,0.32623002,78.445,0.812,1.003,0.66483,0.01648,2.58,14594180000,14569223952,322.2844,400.0,215.0,2.13043,41,416161000000.0,220960000000.0,195201000000.0,133050000000.0,112010000000.0,7.46,7.49,0,27601000000.0,20719000000.0,132729000000.0,144748000000.0,133050000000.0,144748000000.0,112010000000.0,11698000000.0,15004697000.0,14948500000.0,359241000000.0,285508000000.0,73733000000.0,98657000000.0,62723000000.0,35934000000.0,54697000000.0,5718000000.0,39777000000.0,49834000000.0,125848000000.0,-76014000000.0,0,0,78328000000.0,165631000000.0,147957000000.0,-17674000000.0,-14264000000.0,93568000000.0,93568000000.0,73733000000.0,73733000000.0,172390000000.0,152061000000.0,111482000000.0,98767000000.0,-12715000000.0,-15421000000.0,-90711000000.0,-120686000000.0,15195000000.0,5991000000.0,35934000000.0,29943000000.0,12863000000.0,11698000000.0,0,112010000000.0,-25000000000.0,4481000000.0,-10932000000.0,6,21,14,3,2,9,"Financial Advisors Love Warren Buffett, but They Don’t Always Agree With Him"
2026-08-13 17:10:00+00:00,303.0599975586,303.1000061035,302.9100036621,303.0899963379,164237,0.0,0.0,AAPL,苹果,Apple Inc.,USD,17,10,AAPL,305.59,4459835424768,35.044724,32.14128,1.086,0.35,1.08,0.1204,223.78,344.57,150000,7.36,41.52038,0.27618998,0.27082002,1.4875101,31.707,62399000576,84343996416,466822987776,167959003136,0.48653,0.32623002,78.445,0.812,1.003,0.66483,0.01648,2.58,14594180000,14569223952,322.2844,400.0,215.0,2.13043,41,416161000000.0,220960000000.0,195201000000.0,133050000000.0,112010000000.0,7.46,7.49,0,27601000000.0,20719000000.0,132729000000.0,144748000000.0,133050000000.0,144748000000.0,112010000000.0,11698000000.0,15004697000.0,14948500000.0,359241000000.0,285508000000.0,73733000000.0,98657000000.0,62723000000.0,35934000000.0,54697000000.0,5718000000.0,39777000000.0,49834000000.0,125848000000.0,-76014000000.0,0,0,78328000000.0,165631000000.0,147957000000.0,-17674000000.0,-14264000000.0,93568000000.0,93568000000.0,73733000000.0,73733000000.0,172390000000.0,152061000000.0,111482000000.0,98767000000.0,-12715000000.0,-15421000000.0,-90711000000.0,-120686000000.0,15195000000.0,5991000000.0,35934000000.0,29943000000.0,12863000000.0,11698000000.0,0,112010000000.0,-25000000000.0,4481000000.0,-10932000000.0,6,21,14,3,2,9,"Financial Advisors Love Warren Buffett, but They Don’t Always Agree With Him"
2026-08-13 17:15:00+00:00,303.0799865723,303.1099853516,302.9609985352,303.0350036621,155418,0.0,0.0,AAPL,苹果,Apple Inc.,USD,17,15,AAPL,305.59,4459835424768,35.044724,32.14128,1.086,0.35,1.08,0.1204,223.78,344.57,150000,7.36,41.52038,0.27618998,0.27082002,1.4875101,31.707,62399000576,84343996416,466822987776,167959003136,0.48653,0.32623002,78.445,0.812,1.003,0.66483,0.01648,2.58,14594180000,14569223952,322.2844,400.0,215.0,2.13043,41,416161000000.0,220960000000.0,195201000000.0,133050000000.0,112010000000.0,7.46,7.49,0,27601000000.0,20719000000.0,132729000000.0,144748000000.0,133050000000.0,144748000000.0,112010000000.0,11698000000.0,15004697000.0,14948500000.0,359241000000.0,285508000000.0,73733000000.0,98657000000.0,62723000000.0,35934000000.0,54697000000.0,5718000000.0,39777000000.0,49834000000.0,125848000000.0,-76014000000.0,0,0,78328000000.0,165631000000.0,147957000000.0,-17674000000.0,-14264000000.0,93568000000.0,93568000000.0,73733000000.0,73733000000.0,172390000000.0,152061000000.0,111482000000.0,98767000000.0,-12715000000.0,-15421000000.0,-90711000000.0,-120686000000.0,15195000000.0,5991000000.0,35934000000.0,29943000000.0,12863000000.0,11698000000.0,0,112010000000.0,-25000000000.0,4481000000.0,-10932000000.0,6,21,14,3,2,9,"Financial Advisors Love Warren Buffett, but They Don’t Always Agree With Him"
2026-08-13 17:20:00+00:00,303.0310058594,303.1600036621,302.9700012207,303.1600036621,127659,0.0,0.0,AAPL,苹果,Apple Inc.,USD,17,20,AAPL,305.59,4459835424768,35.044724,32.14128,1.086,0.35,1.08,0.1204,223.78,344.57,150000,7.36,41.52038,0.27618998,0.27082002,1.4875101,31.707,62399000576,84343996416,466822987776,167959003136,0.48653,0.32623002,78.445,0.812,1.003,0.66483,0.01648,2.58,14594180000,14569223952,322.2844,400.0,215.0,2.13043,41,416161000000.0,220960000000.0,195201000000.0,133050000000.0,112010000000.0,7.46,7.49,0,27601000000.0,20719000000.0,132729000000.0,144748000000.0,133050000000.0,144748000000.0,112010000000.0,11698000000.0,15004697000.0,14948500000.0,359241000000.0,285508000000.0,73733000000.0,98657000000.0,62723000000.0,35934000000.0,54697000000.0,5718000000.0,39777000000.0,49834000000.0,125848000000.0,-76014000000.0,0,0,78328000000.0,165631000000.0,147957000000.0,-17674000000.0,-14264000000.0,93568000000.0,93568000000.0,73733000000.0,73733000000.0,172390000000.0,152061000000.0,111482000000.0,98767000000.0,-12715000000.0,-15421000000.0,-90711000000.0,-120686000000.0,15195000000.0,5991000000.0,35934000000.0,29943000000.0,12863000000.0,11698000000.0,0,112010000000.0,-25000000000.0,4481000000.0,-10932000000.0,6,21,14,3,2,9,"Financial Advisors Love Warren Buffett, but They Don’t Always Agree With Him"
2026-08-13 17:25:00+00:00,303.1700134277,303.3850097656,303.0650024414,303.3399963379,214436,0.0,0.0,AAPL,苹果,Apple Inc.,USD,17,25,AAPL,305.59,4459835424768,35.044724,32.14128,1.086,0.35,1.08,0.1204,223.78,344.57,150000,7.36,41.52038,0.27618998,0.27082002,1.4875101,31.707,62399000576,84343996416,466822987776,167959003136,0.48653,0.32623002,78.445,0.812,1.003,0.66483,0.01648,2.58,14594180000,14569223952,322.2844,400.0,215.0,2.13043,41,416161000000.0,220960000000.0,195201000000.0,133050000000.0,112010000000.0,7.46,7.49,0,27601000000.0,20719000000.0,132729000000.0,144748000000.0,133050000000.0,144748000000.0,112010000000.0,11698000000.0,15004697000.0,14948500000.0,359241000000.0,285508000000.0,73733000000.0,98657000000.0,62723000000.0,35934000000.0,54697000000.0,5718000000.0,39777000000.0,49834000000.0,125848000000.0,-76014000000.0,0,0,78328000000.0,165631000000.0,147957000000.0,-17674000000.0,-14264000000.0,93568000000.0,93568000000.0,73733000000.0,73733000000.0,172390000000.0,152061000000.0,111482000000.0,98767000000.0,-12715000000.0,-15421000000.0,-90711000000.0,-120686000000.0,15195000000.0,5991000000.0,35934000000.0,29943000000.0,12863000000.0,11698000000.0,0,112010000000.0,-25000000000.0,4481000000.0,-10932000000.0,6,21,14,3,2,9,"Financial Advisors Love Warren Buffett, but They Don’t Always Agree With Him"
2026-08-13 17:30:00+00:00,303.3301086426,303.3900146484,303.0799865723,303.2349853516,164558,0.0,0.0,AAPL,苹果,Apple Inc.,USD,17,30,AAPL,305.59,4459835424768,35.044724,32.14128,1.086,0.35,1.08,0.1204,223.78,344.57,150000,7.36,41.52038,0.27618998,0.27082002,1.4875101,31.707,62399000576,84343996416,466822987776,167959003136,0.48653,0.32623002,78.445,0.812,1.003,0.66483,0.01648,2.58,14594180000,14569223952,322.2844,400.0,215.0,2.13043,41,416161000000.0,220960000000.0,195201000000.0,133050000000.0,112010000000.0,7.46,7.49,0,27601000000.0,20719000000.0,132729000000.0,144748000000.0,133050000000.0,144748000000.0,112010000000.0,11698000000.0,15004697000.0,14948500000.0,359241000000.0,285508000000.0,73733000000.0,98657000000.0,62723000000.0,35934000000.0,54697000000.0,5718000000.0,39777000000.0,49834000000.0,125848000000.0,-76014000000.0,0,0,78328000000.0,165631000000.0,147957000000.0,-17674000000.0,-14264000000.0,93568000000.0,93568000000.0,73733000000.0,73733000000.0,172390000000.0,152061000000.0,111482000000.0,98767000000.0,-12715000000.0,-15421000000.0,-90711000000.0,-120686000000.0,15195000000.0,5991000000.0,35934000000.0,29943000000.0,12863000000.0,11698000000.0,0,112010000000.0,-25000000000.0,4481000000.0,-10932000000.0,6,21,14,3,2,9,"Financial Advisors Love Warren Buffett, but They Don’t Always Agree With Him"
2026-08-13 17:35:00+00:00,303.2300109863,303.6900024414,303.1799926758,303.6799926758,185021,0.0,0.0,AAPL,苹果,Apple Inc.,USD,17,35,AAPL,305.59,4459835424768,35.044724,32.14128,1.086,0.35,1.08,0.1204,223.78,344.57,150000,7.36,41.52038,0.27618998,0.27082002,1.4875101,31.707,62399000576,84343996416,466822987776,167959003136,0.48653,0.32623002,78.445,0.812,1.003,0.66483,0.01648,2.58,14594180000,14569223952,322.2844,400.0,215.0,2.13043,41,416161000000.0,220960000000.0,195201000000.0,133050000000.0,112010000000.0,7.46,7.49,0,27601000000.0,20719000000.0,132729000000.0,144748000000.0,133050000000.0,144748000000.0,112010000000.0,11698000000.0,15004697000.0,14948500000.0,359241000000.0,285508000000.0,73733000000.0,98657000000.0,62723000000.0,35934000000.0,54697000000.0,5718000000.0,39777000000.0,49834000000.0,125848000000.0,-76014000000.0,0,0,78328000000.0,165631000000.0,147957000000.0,-17674000000.0,-14264000000.0,93568000000.0,93568000000.0,73733000000.0,73733000000.0,172390000000.0,152061000000.0,111482000000.0,98767000000.0,-12715000000.0,-15421000000.0,-90711000000.0,-120686000000.0,15195000000.0,5991000000.0,35934000000.0,29943000000.0,12863000000.0,11698000000.0,0,112010000000.0,-25000000000.0,4481000000.0,-10932000000.0,6,21,14,3,2,9,"Financial Advisors Love Warren Buffett, but They Don’t Always Agree With Him"
2026-08-13 17:40:00+00:00,303.6799926758,303.8200073242,303.2900085449,303.5400085449,267862,0.0,0.0,AAPL,苹果,Apple Inc.,USD,17,40,AAPL,305.59,4459835424768,35.044724,32.14128,1.086,0.35,1.08,0.1204,223.78,344.57,150000,7.36,41.52038,0.27618998,0.27082002,1.4875101,31.707,62399000576,84343996416,466822987776,167959003136,0.48653,0.32623002,78.445,0.812,1.003,0.66483,0.01648,2.58,14594180000,14569223952,322.2844,400.0,215.0,2.13043,41,416161000000.0,220960000000.0,195201000000.0,133050000000.0,112010000000.0,7.46,7.49,0,27601000000.0,20719000000.0,132729000000.0,144748000000.0,133050000000.0,144748000000.0,112010000000.0,11698000000.0,15004697000.0,14948500000.0,359241000000.0,285508000000.0,73733000000.0,98657000000.0,62723000000.0,35934000000.0,54697000000.0,5718000000.0,39777000000.0,49834000000.0,125848000000.0,-76014000000.0,0,0,78328000000.0,165631000000.0,147957000000.0,-17674000000.0,-14264000000.0,93568000000.0,93568000000.0,73733000000.0,73733000000.0,172390000000.0,152061000000.0,111482000000.0,98767000000.0,-12715000000.0,-15421000000.0,-90711000000.0,-120686000000.0,15195000000.0,5991000000.0,35934000000.0,29943000000.0,12863000000.0,11698000000.0,0,112010000000.0,-25000000000.0,4481000000.0,-10932000000.0,6,21,14,3,2,9,"Financial Advisors Love Warren Buffett, but They Don’t Always Agree With Him"
2026-08-13 17:45:00+00:00,303.5599975586,303.8999938965,303.5299987793,303.6849975586,140621,0.0,0.0,AAPL,苹果,Apple Inc.,USD,17,45,AAPL,305.59,4459835424768,35.044724,32.14128,1.086,0.35,1.08,0.1204,223.78,344.57,150000,7.36,41.52038,0.27618998,0.27082002,1.4875101,31.707,62399000576,84343996416,466822987776,167959003136,0.48653,0.32623002,78.445,0.812,1.003,0.66483,0.01648,2.58,14594180000,14569223952,322.2844,400.0,215.0,2.13043,41,416161000000.0,220960000000.0,195201000000.0,133050000000.0,112010000000.0,7.46,7.49,0,27601000000.0,20719000000.0,132729000000.0,144748000000.0,133050000000.0,144748000000.0,112010000000.0,11698000000.0,15004697000.0,14948500000.0,359241000000.0,285508000000.0,73733000000.0,98657000000.0,62723000000.0,35934000000.0,54697000000.0,5718000000.0,39777000000.0,49834000000.0,125848000000.0,-76014000000.0,0,0,78328000000.0,165631000000.0,147957000000.0,-17674000000.0,-14264000000.0,93568000000.0,93568000000.0,73733000000.0,73733000000.0,172390000000.0,152061000000.0,111482000000.0,98767000000.0,-12715000000.0,-15421000000.0,-90711000000.0,-120686000000.0,15195000000.0,5991000000.0,35934000000.0,29943000000.0,12863000000.0,11698000000.0,0,112010000000.0,-25000000000.0,4481000000.0,-10932000000.0,6,21,14,3,2,9,"Financial Advisors Love Warren Buffett, but They Don’t Always Agree With Him"
2026-08-13 17:50:00+00:00,303.7099914551,303.799987793,303.3800048828,303.424987793,150522,0.0,0.0,AAPL,苹果,Apple Inc.,USD,17,50,AAPL,305.59,4459835424768,35.044724,32.14128,1.086,0.35,1.08,0.1204,223.78,344.57,150000,7.36,41.52038,0.27618998,0.27082002,1.4875101,31.707,62399000576,84343996416,466822987776,167959003136,0.48653,0.32623002,78.445,0.812,1.003,0.66483,0.01648,2.58,14594180000,14569223952,322.2844,400.0,215.0,2.13043,41,416161000000.0,220960000000.0,195201000000.0,133050000000.0,112010000000.0,7.46,7.49,0,27601000000.0,20719000000.0,132729000000.0,144748000000.0,133050000000.0,144748000000.0,112010000000.0,11698000000.0,15004697000.0,14948500000.0,359241000000.0,285508000000.0,73733000000.0,98657000000.0,62723000000.0,35934000000.0,54697000000.0,5718000000.0,39777000000.0,49834000000.0,125848000000.0,-76014000000.0,0,0,78328000000.0,165631000000.0,147957000000.0,-17674000000.0,-14264000000.0,93568000000.0,93568000000.0,73733000000.0,73733000000.0,172390000000.0,152061000000.0,111482000000.0,98767000000.0,-12715000000.0,-15421000000.0,-90711000000.0,-120686000000.0,15195000000.0,5991000000.0,35934000000.0,29943000000.0,12863000000.0,11698000000.0,0,112010000000.0,-25000000000.0,4481000000.0,-10932000000.0,6,21,14,3,2,9,"Financial Advisors Love Warren Buffett, but They Don’t Always Agree With Him"
2026-08-13 17:55:00+00:00,303.4267883301,303.4899902344,303.3900146484,303.4349975586,87488,0.0,0.0,AAPL,苹果,Apple Inc.,USD,17,55,AAPL,305.59,4459835424768,35.044724,32.14128,1.086,0.35,1.08,0.1204,223.78,344.57,150000,7.36,41.52038,0.27618998,0.27082002,1.4875101,31.707,62399000576,84343996416,466822987776,167959003136,0.48653,0.32623002,78.445,0.812,1.003,0.66483,0.01648,2.58,14594180000,14569223952,322.2844,400.0,215.0,2.13043,41,416161000000.0,220960000000.0,195201000000.0,133050000000.0,112010000000.0,7.46,7.49,0,27601000000.0,20719000000.0,132729000000.0,144748000000.0,133050000000.0,144748000000.0,112010000000.0,11698000000.0,15004697000.0,14948500000.0,359241000000.0,285508000000.0,73733000000.0,98657000000.0,62723000000.0,35934000000.0,54697000000.0,5718000000.0,39777000000.0,49834000000.0,125848000000.0,-76014000000.0,0,0,78328000000.0,165631000000.0,147957000000.0,-17674000000.0,-14264000000.0,93568000000.0,93568000000.0,73733000000.0,73733000000.0,172390000000.0,152061000000.0,111482000000.0,98767000000.0,-12715000000.0,-15421000000.0,-90711000000.0,-120686000000.0,15195000000.0,5991000000.0,35934000000.0,29943000000.0,12863000000.0,11698000000.0,0,112010000000.0,-25000000000.0,4481000000.0,-10932000000.0,6,21,14,3,2,9,"Financial Advisors Love Warren Buffett, but They Don’t Always Agree With Him"
2026-08-13 18:00:00+00:00,303.4349975586,303.5,302.9299926758,303.0,265066,0.0,0.0,AAPL,苹果,Apple Inc.,USD,18,0,AAPL,305.59,4459835424768,35.044724,32.14128,1.086,0.35,1.08,0.1204,223.78,344.57,150000,7.36,41.52038,0.27618998,0.27082002,1.4875101,31.707,62399000576,84343996416,466822987776,167959003136,0.48653,0.32623002,78.445,0.812,1.003,0.66483,0.01648,2.58,14594180000,14569223952,322.2844,400.0,215.0,2.13043,41,416161000000.0,220960000000.0,195201000000.0,133050000000.0,112010000000.0,7.46,7.49,0,27601000000.0,20719000000.0,132729000000.0,144748000000.0,133050000000.0,144748000000.0,112010000000.0,11698000000.0,15004697000.0,14948500000.0,359241000000.0,285508000000.0,73733000000.0,98657000000.0,62723000000.0,35934000000.0,54697000000.0,5718000000.0,39777000000.0,49834000000.0,125848000000.0,-76014000000.0,0,0,78328000000.0,165631000000.0,147957000000.0,-17674000000.0,-14264000000.0,93568000000.0,93568000000.0,73733000000.0,73733000000.0,172390000000.0,152061000000.0,111482000000.0,98767000000.0,-12715000000.0,-15421000000.0,-90711000000.0,-120686000000.0,15195000000.0,5991000000.0,35934000000.0,29943000000.0,12863000000.0,11698000000.0,0,112010000000.0,-25000000000.0,4481000000.0,-10932000000.0,6,21,14,3,2,9,"Financial Advisors Love Warren Buffett, but They Don’t Always Agree With Him"
2026-08-13 18:05:00+00:00,302.9899902344,303.174987793,302.9599914551,303.049987793,168222,0.0,0.0,AAPL,苹果,Apple Inc.,USD,18,5,AAPL,305.59,4459835424768,35.044724,32.14128,1.086,0.35,1.08,0.1204,223.78,344.57,150000,7.36,41.52038,0.27618998,0.27082002,1.4875101,31.707,62399000576,84343996416,466822987776,167959003136,0.48653,0.32623002,78.445,0.812,1.003,0.66483,0.01648,2.58,14594180000,14569223952,322.2844,400.0,215.0,2.13043,41,416161000000.0,220960000000.0,195201000000.0,133050000000.0,112010000000.0,7.46,7.49,0,27601000000.0,20719000000.0,132729000000.0,144748000000.0,133050000000.0,144748000000.0,112010000000.0,11698000000.0,15004697000.0,14948500000.0,359241000000.0,285508000000.0,73733000000.0,98657000000.0,62723000000.0,35934000000.0,54697000000.0,5718000000.0,39777000000.0,49834000000.0,125848000000.0,-76014000000.0,0,0,78328000000.0,165631000000.0,147957000000.0,-17674000000.0,-14264000000.0,93568000000.0,93568000000.0,73733000000.0,73733000000.0,172390000000.0,152061000000.0,111482000000.0,98767000000.0,-12715000000.0,-15421000000.0,-90711000000.0,-120686000000.0,15195000000.0,5991000000.0,35934000000.0,29943000000.0,12863000000.0,11698000000.0,0,112010000000.0,-25000000000.0,4481000000.0,-10932000000.0,6,21,14,3,2,9,"Financial Advisors Love Warren Buffett, but They Don’t Always Agree With Him"
2026-08-13 18:10:00+00:00,303.0650024414,303.4700012207,303.0599975586,303.4200134277,155302,0.0,0.0,AAPL,苹果,Apple Inc.,USD,18,10,AAPL,305.59,4459835424768,35.044724,32.14128,1.086,0.35,1.08,0.1204,223.78,344.57,150000,7.36,41.52038,0.27618998,0.27082002,1.4875101,31.707,62399000576,84343996416,466822987776,167959003136,0.48653,0.32623002,78.445,0.812,1.003,0.66483,0.01648,2.58,14594180000,14569223952,322.2844,400.0,215.0,2.13043,41,416161000000.0,220960000000.0,195201000000.0,133050000000.0,112010000000.0,7.46,7.49,0,27601000000.0,20719000000.0,132729000000.0,144748000000.0,133050000000.0,144748000000.0,112010000000.0,11698000000.0,15004697000.0,14948500000.0,359241000000.0,285508000000.0,73733000000.0,98657000000.0,62723000000.0,35934000000.0,54697000000.0,5718000000.0,39777000000.0,49834000000.0,125848000000.0,-76014000000.0,0,0,78328000000.0,165631000000.0,147957000000.0,-17674000000.0,-14264000000.0,93568000000.0,93568000000.0,73733000000.0,73733000000.0,172390000000.0,152061000000.0,111482000000.0,98767000000.0,-12715000000.0,-15421000000.0,-90711000000.0,-120686000000.0,15195000000.0,5991000000.0,35934000000.0,29943000000.0,12863000000.0,11698000000.0,0,112010000000.0,-25000000000.0,4481000000.0,-10932000000.0,6,21,14,3,2,9,"Financial Advisors Love Warren Buffett, but They Don’t Always Agree With Him"
2026-08-13 18:15:00+00:00,303.424987793,303.5,303.2200012207,303.450012207,162068,0.0,0.0,AAPL,苹果,Apple Inc.,USD,18,15,AAPL,305.59,4459835424768,35.044724,32.14128,1.086,0.35,1.08,0.1204,223.78,344.57,150000,7.36,41.52038,0.27618998,0.27082002,1.4875101,31.707,62399000576,84343996416,466822987776,167959003136,0.48653,0.32623002,78.445,0.812,1.003,0.66483,0.01648,2.58,14594180000,14569223952,322.2844,400.0,215.0,2.13043,41,416161000000.0,220960000000.0,195201000000.0,133050000000.0,112010000000.0,7.46,7.49,0,27601000000.0,20719000000.0,132729000000.0,144748000000.0,133050000000.0,144748000000.0,112010000000.0,11698000000.0,15004697000.0,14948500000.0,359241000000.0,285508000000.0,73733000000.0,98657000000.0,62723000000.0,35934000000.0,54697000000.0,5718000000.0,39777000000.0,49834000000.0,125848000000.0,-76014000000.0,0,0,78328000000.0,165631000000.0,147957000000.0,-17674000000.0,-14264000000.0,93568000000.0,93568000000.0,73733000000.0,73733000000.0,172390000000.0,152061000000.0,111482000000.0,98767000000.0,-12715000000.0,-15421000000.0,-90711000000.0,-120686000000.0,15195000000.0,5991000000.0,35934000000.0,29943000000.0,12863000000.0,11698000000.0,0,112010000000.0,-25000000000.0,4481000000.0,-10932000000.0,6,21,14,3,2,9,"Financial Advisors Love Warren Buffett, but They Don’t Always Agree With Him"
2026-08-13 18:20:00+00:00,303.450012207,303.4899902344,303.3399963379,303.4301147461,98572,0.0,0.0,AAPL,苹果,Apple Inc.,USD,18,20,AAPL,305.59,4459835424768,35.044724,32.14128,1.086,0.35,1.08,0.1204,223.78,344.57,150000,7.36,41.52038,0.27618998,0.27082002,1.4875101,31.707,62399000576,84343996416,466822987776,167959003136,0.48653,0.32623002,78.445,0.812,1.003,0.66483,0.01648,2.58,14594180000,14569223952,322.2844,400.0,215.0,2.13043,41,416161000000.0,220960000000.0,195201000000.0,133050000000.0,112010000000.0,7.46,7.49,0,27601000000.0,20719000000.0,132729000000.0,144748000000.0,133050000000.0,144748000000.0,112010000000.0,11698000000.0,15004697000.0,14948500000.0,359241000000.0,285508000000.0,73733000000.0,98657000000.0,62723000000.0,35934000000.0,54697000000.0,5718000000.0,39777000000.0,49834000000.0,125848000000.0,-76014000000.0,0,0,78328000000.0,165631000000.0,147957000000.0,-17674000000.0,-14264000000.0,93568000000.0,93568000000.0,73733000000.0,73733000000.0,172390000000.0,152061000000.0,111482000000.0,98767000000.0,-12715000000.0,-15421000000.0,-90711000000.0,-120686000000.0,15195000000.0,5991000000.0,35934000000.0,29943000000.0,12863000000.0,11698000000.0,0,112010000000.0,-25000000000.0,4481000000.0,-10932000000.0,6,21,14,3,2,9,"Financial Advisors Love Warren Buffett, but They Don’t Always Agree With Him"
2026-08-13 18:25:00+00:00,303.4349975586,303.5199890137,303.2810058594,303.3099975586,211617,0.0,0.0,AAPL,苹果,Apple Inc.,USD,18,25,AAPL,305.59,4459835424768,35.044724,32.14128,1.086,0.35,1.08,0.1204,223.78,344.57,150000,7.36,41.52038,0.27618998,0.27082002,1.4875101,31.707,62399000576,84343996416,466822987776,167959003136,0.48653,0.32623002,78.445,0.812,1.003,0.66483,0.01648,2.58,14594180000,14569223952,322.2844,400.0,215.0,2.13043,41,416161000000.0,220960000000.0,195201000000.0,133050000000.0,112010000000.0,7.46,7.49,0,27601000000.0,20719000000.0,132729000000.0,144748000000.0,133050000000.0,144748000000.0,112010000000.0,11698000000.0,15004697000.0,14948500000.0,359241000000.0,285508000000.0,73733000000.0,98657000000.0,62723000000.0,35934000000.0,54697000000.0,5718000000.0,39777000000.0,49834000000.0,125848000000.0,-76014000000.0,0,0,78328000000.0,165631000000.0,147957000000.0,-17674000000.0,-14264000000.0,93568000000.0,93568000000.0,73733000000.0,73733000000.0,172390000000.0,152061000000.0,111482000000.0,98767000000.0,-12715000000.0,-15421000000.0,-90711000000.0,-120686000000.0,15195000000.0,5991000000.0,35934000000.0,29943000000.0,12863000000.0,11698000000.0,0,112010000000.0,-25000000000.0,4481000000.0,-10932000000.0,6,21,14,3,2,9,"Financial Advisors Love Warren Buffett, but They Don’t Always Agree With Him"
2026-08-13 18:30:00+00:00,303.3099975586,303.5199890137,303.1300048828,303.4399108887,362827,0.0,0.0,AAPL,苹果,Apple Inc.,USD,18,30,AAPL,305.59,4459835424768,35.044724,32.14128,1.086,0.35,1.08,0.1204,223.78,344.57,150000,7.36,41.52038,0.27618998,0.27082002,1.4875101,31.707,62399000576,84343996416,466822987776,167959003136,0.48653,0.32623002,78.445,0.812,1.003,0.66483,0.01648,2.58,14594180000,14569223952,322.2844,400.0,215.0,2.13043,41,416161000000.0,220960000000.0,195201000000.0,133050000000.0,112010000000.0,7.46,7.49,0,27601000000.0,20719000000.0,132729000000.0,144748000000.0,133050000000.0,144748000000.0,112010000000.0,11698000000.0,15004697000.0,14948500000.0,359241000000.0,285508000000.0,73733000000.0,98657000000.0,62723000000.0,35934000000.0,54697000000.0,5718000000.0,39777000000.0,49834000000.0,125848000000.0,-76014000000.0,0,0,78328000000.0,165631000000.0,147957000000.0,-17674000000.0,-14264000000.0,93568000000.0,93568000000.0,73733000000.0,73733000000.0,172390000000.0,152061000000.0,111482000000.0,98767000000.0,-12715000000.0,-15421000000.0,-90711000000.0,-120686000000.0,15195000000.0,5991000000.0,35934000000.0,29943000000.0,12863000000.0,11698000000.0,0,112010000000.0,-25000000000.0,4481000000.0,-10932000000.0,6,21,14,3,2,9,"Financial Advisors Love Warren Buffett, but They Don’t Always Agree With Him"
2026-08-13 18:35:00+00:00,303.424987793,303.549987793,303.2099914551,303.2300109863,293771,0.0,0.0,AAPL,苹果,Apple Inc.,USD,18,35,AAPL,305.59,4459835424768,35.044724,32.14128,1.086,0.35,1.08,0.1204,223.78,344.57,150000,7.36,41.52038,0.27618998,0.27082002,1.4875101,31.707,62399000576,84343996416,466822987776,167959003136,0.48653,0.32623002,78.445,0.812,1.003,0.66483,0.01648,2.58,14594180000,14569223952,322.2844,400.0,215.0,2.13043,41,416161000000.0,220960000000.0,195201000000.0,133050000000.0,112010000000.0,7.46,7.49,0,27601000000.0,20719000000.0,132729000000.0,144748000000.0,133050000000.0,144748000000.0,112010000000.0,11698000000.0,15004697000.0,14948500000.0,359241000000.0,285508000000.0,73733000000.0,98657000000.0,62723000000.0,35934000000.0,54697000000.0,5718000000.0,39777000000.0,49834000000.0,125848000000.0,-76014000000.0,0,0,78328000000.0,165631000000.0,147957000000.0,-17674000000.0,-14264000000.0,93568000000.0,93568000000.0,73733000000.0,73733000000.0,172390000000.0,152061000000.0,111482000000.0,98767000000.0,-12715000000.0,-15421000000.0,-90711000000.0,-120686000000.0,15195000000.0,5991000000.0,35934000000.0,29943000000.0,12863000000.0,11698000000.0,0,112010000000.0,-25000000000.0,4481000000.0,-10932000000.0,6,21,14,3,2,9,"Financial Advisors Love Warren Buffett, but They Don’t Always Agree With Him"
2026-08-13 18:40:00+00:00,303.2200012207,303.9400024414,303.2200012207,303.8049926758,206977,0.0,0.0,AAPL,苹果,Apple Inc.,USD,18,40,AAPL,305.59,4459835424768,35.044724,32.14128,1.086,0.35,1.08,0.1204,223.78,344.57,150000,7.36,41.52038,0.27618998,0.27082002,1.4875101,31.707,62399000576,84343996416,466822987776,167959003136,0.48653,0.32623002,78.445,0.812,1.003,0.66483,0.01648,2.58,14594180000,14569223952,322.2844,400.0,215.0,2.13043,41,416161000000.0,220960000000.0,195201000000.0,133050000000.0,112010000000.0,7.46,7.49,0,27601000000.0,20719000000.0,132729000000.0,144748000000.0,133050000000.0,144748000000.0,112010000000.0,11698000000.0,15004697000.0,14948500000.0,359241000000.0,285508000000.0,73733000000.0,98657000000.0,62723000000.0,35934000000.0,54697000000.0,5718000000.0,39777000000.0,49834000000.0,125848000000.0,-76014000000.0,0,0,78328000000.0,165631000000.0,147957000000.0,-17674000000.0,-14264000000.0,93568000000.0,93568000000.0,73733000000.0,73733000000.0,172390000000.0,152061000000.0,111482000000.0,98767000000.0,-12715000000.0,-15421000000.0,-90711000000.0,-120686000000.0,15195000000.0,5991000000.0,35934000000.0,29943000000.0,12863000000.0,11698000000.0,0,112010000000.0,-25000000000.0,4481000000.0,-10932000000.0,6,21,14,3,2,9,"Financial Advisors Love Warren Buffett, but They Don’t Always Agree With Him"
2026-08-13 18:45:00+00:00,303.8049926758,303.8500061035,303.4700012207,303.6400146484,215011,0.0,0.0,AAPL,苹果,Apple Inc.,USD,18,45,AAPL,305.59,4459835424768,35.044724,32.14128,1.086,0.35,1.08,0.1204,223.78,344.57,150000,7.36,41.52038,0.27618998,0.27082002,1.4875101,31.707,62399000576,84343996416,466822987776,167959003136,0.48653,0.32623002,78.445,0.812,1.003,0.66483,0.01648,2.58,14594180000,14569223952,322.2844,400.0,215.0,2.13043,41,416161000000.0,220960000000.0,195201000000.0,133050000000.0,112010000000.0,7.46,7.49,0,27601000000.0,20719000000.0,132729000000.0,144748000000.0,133050000000.0,144748000000.0,112010000000.0,11698000000.0,15004697000.0,14948500000.0,359241000000.0,285508000000.0,73733000000.0,98657000000.0,62723000000.0,35934000000.0,54697000000.0,5718000000.0,39777000000.0,49834000000.0,125848000000.0,-76014000000.0,0,0,78328000000.0,165631000000.0,147957000000.0,-17674000000.0,-14264000000.0,93568000000.0,93568000000.0,73733000000.0,73733000000.0,172390000000.0,152061000000.0,111482000000.0,98767000000.0,-12715000000.0,-15421000000.0,-90711000000.0,-120686000000.0,15195000000.0,5991000000.0,35934000000.0,29943000000.0,12863000000.0,11698000000.0,0,112010000000.0,-25000000000.0,4481000000.0,-10932000000.0,6,21,14,3,2,9,"Financial Advisors Love Warren Buffett, but They Don’t Always Agree With Him"
2026-08-13 18:50:00+00:00,303.6400146484,303.6600036621,303.25,303.375,242441,0.0,0.0,AAPL,苹果,Apple Inc.,USD,18,50,AAPL,305.59,4459835424768,35.044724,32.14128,1.086,0.35,1.08,0.1204,223.78,344.57,150000,7.36,41.52038,0.27618998,0.27082002,1.4875101,31.707,62399000576,84343996416,466822987776,167959003136,0.48653,0.32623002,78.445,0.812,1.003,0.66483,0.01648,2.58,14594180000,14569223952,322.2844,400.0,215.0,2.13043,41,416161000000.0,220960000000.0,195201000000.0,133050000000.0,112010000000.0,7.46,7.49,0,27601000000.0,20719000000.0,132729000000.0,144748000000.0,133050000000.0,144748000000.0,112010000000.0,11698000000.0,15004697000.0,14948500000.0,359241000000.0,285508000000.0,73733000000.0,98657000000.0,62723000000.0,35934000000.0,54697000000.0,5718000000.0,39777000000.0,49834000000.0,125848000000.0,-76014000000.0,0,0,78328000000.0,165631000000.0,147957000000.0,-17674000000.0,-14264000000.0,93568000000.0,93568000000.0,73733000000.0,73733000000.0,172390000000.0,152061000000.0,111482000000.0,98767000000.0,-12715000000.0,-15421000000.0,-90711000000.0,-120686000000.0,15195000000.0,5991000000.0,35934000000.0,29943000000.0,12863000000.0,11698000000.0,0,112010000000.0,-25000000000.0,4481000000.0,-10932000000.0,6,21,14,3,2,9,"Financial Advisors Love Warren Buffett, but They Don’t Always Agree With Him"
2026-08-13 18:55:00+00:00,303.3800048828,303.5408935547,303.1499938965,303.1799926758,279299,0.0,0.0,AAPL,苹果,Apple Inc.,USD,18,55,AAPL,305.59,4459835424768,35.044724,32.14128,1.086,0.35,1.08,0.1204,223.78,344.57,150000,7.36,41.52038,0.27618998,0.27082002,1.4875101,31.707,62399000576,84343996416,466822987776,167959003136,0.48653,0.32623002,78.445,0.812,1.003,0.66483,0.01648,2.58,14594180000,14569223952,322.2844,400.0,215.0,2.13043,41,416161000000.0,220960000000.0,195201000000.0,133050000000.0,112010000000.0,7.46,7.49,0,27601000000.0,20719000000.0,132729000000.0,144748000000.0,133050000000.0,144748000000.0,112010000000.0,11698000000.0,15004697000.0,14948500000.0,359241000000.0,285508000000.0,73733000000.0,98657000000.0,62723000000.0,35934000000.0,54697000000.0,5718000000.0,39777000000.0,49834000000.0,125848000000.0,-76014000000.0,0,0,78328000000.0,165631000000.0,147957000000.0,-17674000000.0,-14264000000.0,93568000000.0,93568000000.0,73733000000.0,73733000000.0,172390000000.0,152061000000.0,111482000000.0,98767000000.0,-12715000000.0,-15421000000.0,-90711000000.0,-120686000000.0,15195000000.0,5991000000.0,35934000000.0,29943000000.0,12863000000.0,11698000000.0,0,112010000000.0,-25000000000.0,4481000000.0,-10932000000.0,6,21,14,3,2,9,"Financial Advisors Love Warren Buffett, but They Don’t Always Agree With Him"
2026-08-13 19:00:00+00:00,303.1950073242,303.3299865723,303.0299987793,303.3299865723,234726,0.0,0.0,AAPL,苹果,Apple Inc.,USD,19,0,AAPL,305.59,4459835424768,35.044724,32.14128,1.086,0.35,1.08,0.1204,223.78,344.57,150000,7.36,41.52038,0.27618998,0.27082002,1.4875101,31.707,62399000576,84343996416,466822987776,167959003136,0.48653,0.32623002,78.445,0.812,1.003,0.66483,0.01648,2.58,14594180000,14569223952,322.2844,400.0,215.0,2.13043,41,416161000000.0,220960000000.0,195201000000.0,133050000000.0,112010000000.0,7.46,7.49,0,27601000000.0,20719000000.0,132729000000.0,144748000000.0,133050000000.0,144748000000.0,112010000000.0,11698000000.0,15004697000.0,14948500000.0,359241000000.0,285508000000.0,73733000000.0,98657000000.0,62723000000.0,35934000000.0,54697000000.0,5718000000.0,39777000000.0,49834000000.0,125848000000.0,-76014000000.0,0,0,78328000000.0,165631000000.0,147957000000.0,-17674000000.0,-14264000000.0,93568000000.0,93568000000.0,73733000000.0,73733000000.0,172390000000.0,152061000000.0,111482000000.0,98767000000.0,-12715000000.0,-15421000000.0,-90711000000.0,-120686000000.0,15195000000.0,5991000000.0,35934000000.0,29943000000.0,12863000000.0,11698000000.0,0,112010000000.0,-25000000000.0,4481000000.0,-10932000000.0,6,21,14,3,2,9,"Financial Advisors Love Warren Buffett, but They Don’t Always Agree With Him"
2026-08-13 19:05:00+00:00,303.3150024414,303.6400146484,303.200012207,303.2149963379,280170,0.0,0.0,AAPL,苹果,Apple Inc.,USD,19,5,AAPL,305.59,4459835424768,35.044724,32.14128,1.086,0.35,1.08,0.1204,223.78,344.57,150000,7.36,41.52038,0.27618998,0.27082002,1.4875101,31.707,62399000576,84343996416,466822987776,167959003136,0.48653,0.32623002,78.445,0.812,1.003,0.66483,0.01648,2.58,14594180000,14569223952,322.2844,400.0,215.0,2.13043,41,416161000000.0,220960000000.0,195201000000.0,133050000000.0,112010000000.0,7.46,7.49,0,27601000000.0,20719000000.0,132729000000.0,144748000000.0,133050000000.0,144748000000.0,112010000000.0,11698000000.0,15004697000.0,14948500000.0,359241000000.0,285508000000.0,73733000000.0,98657000000.0,62723000000.0,35934000000.0,54697000000.0,5718000000.0,39777000000.0,49834000000.0,125848000000.0,-76014000000.0,0,0,78328000000.0,165631000000.0,147957000000.0,-17674000000.0,-14264000000.0,93568000000.0,93568000000.0,73733000000.0,73733000000.0,172390000000.0,152061000000.0,111482000000.0,98767000000.0,-12715000000.0,-15421000000.0,-90711000000.0,-120686000000.0,15195000000.0,5991000000.0,35934000000.0,29943000000.0,12863000000.0,11698000000.0,0,112010000000.0,-25000000000.0,4481000000.0,-10932000000.0,6,21,14,3,2,9,"Financial Advisors Love Warren Buffett, but They Don’t Always Agree With Him"
2026-08-13 19:10:00+00:00,303.2149963379,303.5199890137,303.1973876953,303.5,337949,0.0,0.0,AAPL,苹果,Apple Inc.,USD,19,10,AAPL,305.59,4459835424768,35.044724,32.14128,1.086,0.35,1.08,0.1204,223.78,344.57,150000,7.36,41.52038,0.27618998,0.27082002,1.4875101,31.707,62399000576,84343996416,466822987776,167959003136,0.48653,0.32623002,78.445,0.812,1.003,0.66483,0.01648,2.58,14594180000,14569223952,322.2844,400.0,215.0,2.13043,41,416161000000.0,220960000000.0,195201000000.0,133050000000.0,112010000000.0,7.46,7.49,0,27601000000.0,20719000000.0,132729000000.0,144748000000.0,133050000000.0,144748000000.0,112010000000.0,11698000000.0,15004697000.0,14948500000.0,359241000000.0,285508000000.0,73733000000.0,98657000000.0,62723000000.0,35934000000.0,54697000000.0,5718000000.0,39777000000.0,49834000000.0,125848000000.0,-76014000000.0,0,0,78328000000.0,165631000000.0,147957000000.0,-17674000000.0,-14264000000.0,93568000000.0,93568000000.0,73733000000.0,73733000000.0,172390000000.0,152061000000.0,111482000000.0,98767000000.0,-12715000000.0,-15421000000.0,-90711000000.0,-120686000000.0,15195000000.0,5991000000.0,35934000000.0,29943000000.0,12863000000.0,11698000000.0,0,112010000000.0,-25000000000.0,4481000000.0,-10932000000.0,6,21,14,3,2,9,"Financial Advisors Love Warren Buffett, but They Don’t Always Agree With Him"
2026-08-13 19:15:00+00:00,303.5,303.9800109863,303.450012207,303.8699951172,307333,0.0,0.0,AAPL,苹果,Apple Inc.,USD,19,15,AAPL,305.59,4459835424768,35.044724,32.14128,1.086,0.35,1.08,0.1204,223.78,344.57,150000,7.36,41.52038,0.27618998,0.27082002,1.4875101,31.707,62399000576,84343996416,466822987776,167959003136,0.48653,0.32623002,78.445,0.812,1.003,0.66483,0.01648,2.58,14594180000,14569223952,322.2844,400.0,215.0,2.13043,41,416161000000.0,220960000000.0,195201000000.0,133050000000.0,112010000000.0,7.46,7.49,0,27601000000.0,20719000000.0,132729000000.0,144748000000.0,133050000000.0,144748000000.0,112010000000.0,11698000000.0,15004697000.0,14948500000.0,359241000000.0,285508000000.0,73733000000.0,98657000000.0,62723000000.0,35934000000.0,54697000000.0,5718000000.0,39777000000.0,49834000000.0,125848000000.0,-76014000000.0,0,0,78328000000.0,165631000000.0,147957000000.0,-17674000000.0,-14264000000.0,93568000000.0,93568000000.0,73733000000.0,73733000000.0,172390000000.0,152061000000.0,111482000000.0,98767000000.0,-12715000000.0,-15421000000.0,-90711000000.0,-120686000000.0,15195000000.0,5991000000.0,35934000000.0,29943000000.0,12863000000.0,11698000000.0,0,112010000000.0,-25000000000.0,4481000000.0,-10932000000.0,6,21,14,3,2,9,"Financial Advisors Love Warren Buffett, but They Don’t Always Agree With Him"
2026-08-13 19:20:00+00:00,303.8599853516,304.5799865723,303.8059997559,304.0899963379,527594,0.0,0.0,AAPL,苹果,Apple Inc.,USD,19,20,AAPL,305.59,4459835424768,35.044724,32.14128,1.086,0.35,1.08,0.1204,223.78,344.57,150000,7.36,41.52038,0.27618998,0.27082002,1.4875101,31.707,62399000576,84343996416,466822987776,167959003136,0.48653,0.32623002,78.445,0.812,1.003,0.66483,0.01648,2.58,14594180000,14569223952,322.2844,400.0,215.0,2.13043,41,416161000000.0,220960000000.0,195201000000.0,133050000000.0,112010000000.0,7.46,7.49,0,27601000000.0,20719000000.0,132729000000.0,144748000000.0,133050000000.0,144748000000.0,112010000000.0,11698000000.0,15004697000.0,14948500000.0,359241000000.0,285508000000.0,73733000000.0,98657000000.0,62723000000.0,35934000000.0,54697000000.0,5718000000.0,39777000000.0,49834000000.0,125848000000.0,-76014000000.0,0,0,78328000000.0,165631000000.0,147957000000.0,-17674000000.0,-14264000000.0,93568000000.0,93568000000.0,73733000000.0,73733000000.0,172390000000.0,152061000000.0,111482000000.0,98767000000.0,-12715000000.0,-15421000000.0,-90711000000.0,-120686000000.0,15195000000.0,5991000000.0,35934000000.0,29943000000.0,12863000000.0,11698000000.0,0,112010000000.0,-25000000000.0,4481000000.0,-10932000000.0,6,21,14,3,2,9,"Financial Advisors Love Warren Buffett, but They Don’t Always Agree With Him"
2026-08-13 19:25:00+00:00,304.0950012207,304.6099853516,304.0900878906,304.3999938965,412842,0.0,0.0,AAPL,苹果,Apple Inc.,USD,19,25,AAPL,305.59,4459835424768,35.044724,32.14128,1.086,0.35,1.08,0.1204,223.78,344.57,150000,7.36,41.52038,0.27618998,0.27082002,1.4875101,31.707,62399000576,84343996416,466822987776,167959003136,0.48653,0.32623002,78.445,0.812,1.003,0.66483,0.01648,2.58,14594180000,14569223952,322.2844,400.0,215.0,2.13043,41,416161000000.0,220960000000.0,195201000000.0,133050000000.0,112010000000.0,7.46,7.49,0,27601000000.0,20719000000.0,132729000000.0,144748000000.0,133050000000.0,144748000000.0,112010000000.0,11698000000.0,15004697000.0,14948500000.0,359241000000.0,285508000000.0,73733000000.0,98657000000.0,62723000000.0,35934000000.0,54697000000.0,5718000000.0,39777000000.0,49834000000.0,125848000000.0,-76014000000.0,0,0,78328000000.0,165631000000.0,147957000000.0,-17674000000.0,-14264000000.0,93568000000.0,93568000000.0,73733000000.0,73733000000.0,172390000000.0,152061000000.0,111482000000.0,98767000000.0,-12715000000.0,-15421000000.0,-90711000000.0,-120686000000.0,15195000000.0,5991000000.0,35934000000.0,29943000000.0,12863000000.0,11698000000.0,0,112010000000.0,-25000000000.0,4481000000.0,-10932000000.0,6,21,14,3,2,9,"Financial Advisors Love Warren Buffett, but They Don’t Always Agree With Him"
2026-08-13 19:30:00+00:00,304.3800048828,304.6499938965,304.1600036621,304.5849914551,349212,0.0,0.0,AAPL,苹果,Apple Inc.,USD,19,30,AAPL,305.59,4459835424768,35.044724,32.14128,1.086,0.35,1.08,0.1204,223.78,344.57,150000,7.36,41.52038,0.27618998,0.27082002,1.4875101,31.707,62399000576,84343996416,466822987776,167959003136,0.48653,0.32623002,78.445,0.812,1.003,0.66483,0.01648,2.58,14594180000,14569223952,322.2844,400.0,215.0,2.13043,41,416161000000.0,220960000000.0,195201000000.0,133050000000.0,112010000000.0,7.46,7.49,0,27601000000.0,20719000000.0,132729000000.0,144748000000.0,133050000000.0,144748000000.0,112010000000.0,11698000000.0,15004697000.0,14948500000.0,359241000000.0,285508000000.0,73733000000.0,98657000000.0,62723000000.0,35934000000.0,54697000000.0,5718000000.0,39777000000.0,49834000000.0,125848000000.0,-76014000000.0,0,0,78328000000.0,165631000000.0,147957000000.0,-17674000000.0,-14264000000.0,93568000000.0,93568000000.0,73733000000.0,73733000000.0,172390000000.0,152061000000.0,111482000000.0,98767000000.0,-12715000000.0,-15421000000.0,-90711000000.0,-120686000000.0,15195000000.0,5991000000.0,35934000000.0,29943000000.0,12863000000.0,11698000000.0,0,112010000000.0,-25000000000.0,4481000000.0,-10932000000.0,6,21,14,3,2,9,"Financial Advisors Love Warren Buffett, but They Don’t Always Agree With Him"
2026-08-13 19:35:00+00:00,304.5849914551,304.6098937988,303.9700012207,304.2200012207,368158,0.0,0.0,AAPL,苹果,Apple Inc.,USD,19,35,AAPL,305.59,4459835424768,35.044724,32.14128,1.086,0.35,1.08,0.1204,223.78,344.57,150000,7.36,41.52038,0.27618998,0.27082002,1.4875101,31.707,62399000576,84343996416,466822987776,167959003136,0.48653,0.32623002,78.445,0.812,1.003,0.66483,0.01648,2.58,14594180000,14569223952,322.2844,400.0,215.0,2.13043,41,416161000000.0,220960000000.0,195201000000.0,133050000000.0,112010000000.0,7.46,7.49,0,27601000000.0,20719000000.0,132729000000.0,144748000000.0,133050000000.0,144748000000.0,112010000000.0,11698000000.0,15004697000.0,14948500000.0,359241000000.0,285508000000.0,73733000000.0,98657000000.0,62723000000.0,35934000000.0,54697000000.0,5718000000.0,39777000000.0,49834000000.0,125848000000.0,-76014000000.0,0,0,78328000000.0,165631000000.0,147957000000.0,-17674000000.0,-14264000000.0,93568000000.0,93568000000.0,73733000000.0,73733000000.0,172390000000.0,152061000000.0,111482000000.0,98767000000.0,-12715000000.0,-15421000000.0,-90711000000.0,-120686000000.0,15195000000.0,5991000000.0,35934000000.0,29943000000.0,12863000000.0,11698000000.0,0,112010000000.0,-25000000000.0,4481000000.0,-10932000000.0,6,21,14,3,2,9,"Financial Advisors Love Warren Buffett, but They Don’t Always Agree With Him"
2026-08-13 19:40:00+00:00,304.2300109863,304.2799987793,303.9800109863,304.1000061035,420773,0.0,0.0,AAPL,苹果,Apple Inc.,USD,19,40,AAPL,305.59,4459835424768,35.044724,32.14128,1.086,0.35,1.08,0.1204,223.78,344.57,150000,7.36,41.52038,0.27618998,0.27082002,1.4875101,31.707,62399000576,84343996416,466822987776,167959003136,0.48653,0.32623002,78.445,0.812,1.003,0.66483,0.01648,2.58,14594180000,14569223952,322.2844,400.0,215.0,2.13043,41,416161000000.0,220960000000.0,195201000000.0,133050000000.0,112010000000.0,7.46,7.49,0,27601000000.0,20719000000.0,132729000000.0,144748000000.0,133050000000.0,144748000000.0,112010000000.0,11698000000.0,15004697000.0,14948500000.0,359241000000.0,285508000000.0,73733000000.0,98657000000.0,62723000000.0,35934000000.0,54697000000.0,5718000000.0,39777000000.0,49834000000.0,125848000000.0,-76014000000.0,0,0,78328000000.0,165631000000.0,147957000000.0,-17674000000.0,-14264000000.0,93568000000.0,93568000000.0,73733000000.0,73733000000.0,172390000000.0,152061000000.0,111482000000.0,98767000000.0,-12715000000.0,-15421000000.0,-90711000000.0,-120686000000.0,15195000000.0,5991000000.0,35934000000.0,29943000000.0,12863000000.0,11698000000.0,0,112010000000.0,-25000000000.0,4481000000.0,-10932000000.0,6,21,14,3,2,9,"Financial Advisors Love Warren Buffett, but They Don’t Always Agree With Him"
2026-08-13 19:45:00+00:00,304.0799865723,304.8450012207,304.0299987793,304.7900085449,416650,0.0,0.0,AAPL,苹果,Apple Inc.,USD,19,45,AAPL,305.59,4459835424768,35.044724,32.14128,1.086,0.35,1.08,0.1204,223.78,344.57,150000,7.36,41.52038,0.27618998,0.27082002,1.4875101,31.707,62399000576,84343996416,466822987776,167959003136,0.48653,0.32623002,78.445,0.812,1.003,0.66483,0.01648,2.58,14594180000,14569223952,322.2844,400.0,215.0,2.13043,41,416161000000.0,220960000000.0,195201000000.0,133050000000.0,112010000000.0,7.46,7.49,0,27601000000.0,20719000000.0,132729000000.0,144748000000.0,133050000000.0,144748000000.0,112010000000.0,11698000000.0,15004697000.0,14948500000.0,359241000000.0,285508000000.0,73733000000.0,98657000000.0,62723000000.0,35934000000.0,54697000000.0,5718000000.0,39777000000.0,49834000000.0,125848000000.0,-76014000000.0,0,0,78328000000.0,165631000000.0,147957000000.0,-17674000000.0,-14264000000.0,93568000000.0,93568000000.0,73733000000.0,73733000000.0,172390000000.0,152061000000.0,111482000000.0,98767000000.0,-12715000000.0,-15421000000.0,-90711000000.0,-120686000000.0,15195000000.0,5991000000.0,35934000000.0,29943000000.0,12863000000.0,11698000000.0,0,112010000000.0,-25000000000.0,4481000000.0,-10932000000.0,6,21,14,3,2,9,"Financial Advisors Love Warren Buffett, but They Don’t Always Agree With Him"
2026-08-13 19:50:00+00:00,304.75,305.2399902344,304.530090332,305.2099914551,673876,0.0,0.0,AAPL,苹果,Apple Inc.,USD,19,50,AAPL,305.59,4459835424768,35.044724,32.14128,1.086,0.35,1.08,0.1204,223.78,344.57,150000,7.36,41.52038,0.27618998,0.27082002,1.4875101,31.707,62399000576,84343996416,466822987776,167959003136,0.48653,0.32623002,78.445,0.812,1.003,0.66483,0.01648,2.58,14594180000,14569223952,322.2844,400.0,215.0,2.13043,41,416161000000.0,220960000000.0,195201000000.0,133050000000.0,112010000000.0,7.46,7.49,0,27601000000.0,20719000000.0,132729000000.0,144748000000.0,133050000000.0,144748000000.0,112010000000.0,11698000000.0,15004697000.0,14948500000.0,359241000000.0,285508000000.0,73733000000.0,98657000000.0,62723000000.0,35934000000.0,54697000000.0,5718000000.0,39777000000.0,49834000000.0,125848000000.0,-76014000000.0,0,0,78328000000.0,165631000000.0,147957000000.0,-17674000000.0,-14264000000.0,93568000000.0,93568000000.0,73733000000.0,73733000000.0,172390000000.0,152061000000.0,111482000000.0,98767000000.0,-12715000000.0,-15421000000.0,-90711000000.0,-120686000000.0,15195000000.0,5991000000.0,35934000000.0,29943000000.0,12863000000.0,11698000000.0,0,112010000000.0,-25000000000.0,4481000000.0,-10932000000.0,6,21,14,3,2,9,"Financial Advisors Love Warren Buffett, but They Don’t Always Agree With Him"
2026-08-13 19:55:00+00:00,305.2399902344,305.3200073242,304.8599853516,305.3200073242,1526752,0.0,0.0,AAPL,苹果,Apple Inc.,USD,19,55,AAPL,305.59,4459835424768,35.044724,32.14128,1.086,0.35,1.08,0.1204,223.78,344.57,150000,7.36,41.52038,0.27618998,0.27082002,1.4875101,31.707,62399000576,84343996416,466822987776,167959003136,0.48653,0.32623002,78.445,0.812,1.003,0.66483,0.01648,2.58,14594180000,14569223952,322.2844,400.0,215.0,2.13043,41,416161000000.0,220960000000.0,195201000000.0,133050000000.0,112010000000.0,7.46,7.49,0,27601000000.0,20719000000.0,132729000000.0,144748000000.0,133050000000.0,144748000000.0,112010000000.0,11698000000.0,15004697000.0,14948500000.0,359241000000.0,285508000000.0,73733000000.0,98657000000.0,62723000000.0,35934000000.0,54697000000.0,5718000000.0,39777000000.0,49834000000.0,125848000000.0,-76014000000.0,0,0,78328000000.0,165631000000.0,147957000000.0,-17674000000.0,-14264000000.0,93568000000.0,93568000000.0,73733000000.0,73733000000.0,172390000000.0,152061000000.0,111482000000.0,98767000000.0,-12715000000.0,-15421000000.0,-90711000000.0,-120686000000.0,15195000000.0,5991000000.0,35934000000.0,29943000000.0,12863000000.0,11698000000.0,0,112010000000.0,-25000000000.0,4481000000.0,-10932000000.0,6,21,14,3,2,9,"Financial Advisors Love Warren Buffett, but They Don’t Always Agree With Him"
