timestamp,open,high,low,close,volume,Dividends,Stock Splits,thscode,thsname_cn,thsname_en,currency,hour,minute,ticker,si_current_price,si_market_cap,si_pe_trailing,si_pe_forward,si_beta,si_dividend_yield,si_dividend_rate,si_payout_ratio,si_52w_low,si_52w_high,si_employees,si_book_value,si_price_to_book,si_profit_margin,si_roa,si_roe,si_revenue_per_share,si_total_cash,si_total_debt,si_total_revenue,si_ebitda,si_gross_margins,si_operating_margins,si_debt_to_equity,si_quick_ratio,si_current_ratio,si_inst_pct,si_insider_pct,si_short_ratio,si_shares_outstanding,si_float_shares,si_target_mean,si_target_high,si_target_low,si_recommendation_mean,si_num_analysts,inc_total_revenue,inc_cost_of_revenue,inc_gross_profit,inc_operating_income,inc_net_income,inc_diluted_eps,inc_basic_eps,inc_rd,inc_sga,inc_tax_provision,inc_pretax_income,inc_ebitda,inc_ebit,inc_norm_ebitda,inc_norm_income,inc_depreciation,inc_diluted_shares,inc_basic_shares,bs_total_assets,bs_total_liabilities,bs_stockholders_equity,bs_total_debt,bs_net_debt,bs_cash,bs_cash_short_inv,bs_inventory,bs_receivables,bs_net_ppe,bs_gross_ppe,bs_accum_depreciation,bs_goodwill,bs_intangible_assets,bs_long_term_debt,bs_current_liabilities,bs_current_assets,bs_working_capital,bs_retained_earnings,bs_common_stock,bs_capital_stock,bs_total_equity,bs_tangible_book_value,bs_invested_capital,bs_total_capitalization,cf_operating,cf_free,cf_capex,cf_dividends_paid,cf_stock_repurchases,cf_financing,cf_investing,cf_net_change,cf_end_cash,cf_begin_cash,cf_stock_comp,cf_depreciation,cf_deferred_tax,cf_net_income_ops,cf_change_wc,cf_issuance_debt,cf_repayment_debt,rec_strong_buy,rec_buy,rec_hold,rec_sell,rec_strong_sell,news_count,news_latest_headline
2026-08-07 13:30:00+00:00,311.3200073242,313.8099975586,311.2049865723,313.2001037598,1955509,0.0,0.0,AAPL,苹果,Apple Inc.,USD,13,30,AAPL,305.59,4459835424768,35.044724,32.14128,1.086,0.35,1.08,0.1204,223.78,344.57,150000,7.36,41.52038,0.27618998,0.27082002,1.4875101,31.707,62399000576,84343996416,466822987776,167959003136,0.48653,0.32623002,78.445,0.812,1.003,0.66483,0.01648,2.58,14594180000,14569223952,322.2844,400.0,215.0,2.13043,41,416161000000.0,220960000000.0,195201000000.0,133050000000.0,112010000000.0,7.46,7.49,0,27601000000.0,20719000000.0,132729000000.0,144748000000.0,133050000000.0,144748000000.0,112010000000.0,11698000000.0,15004697000.0,14948500000.0,359241000000.0,285508000000.0,73733000000.0,98657000000.0,62723000000.0,35934000000.0,54697000000.0,5718000000.0,39777000000.0,49834000000.0,125848000000.0,-76014000000.0,0,0,78328000000.0,165631000000.0,147957000000.0,-17674000000.0,-14264000000.0,93568000000.0,93568000000.0,73733000000.0,73733000000.0,172390000000.0,152061000000.0,111482000000.0,98767000000.0,-12715000000.0,-15421000000.0,-90711000000.0,-120686000000.0,15195000000.0,5991000000.0,35934000000.0,29943000000.0,12863000000.0,11698000000.0,0,112010000000.0,-25000000000.0,4481000000.0,-10932000000.0,6,21,14,3,2,9,"Financial Advisors Love Warren Buffett, but They Don’t Always Agree With Him"
2026-08-07 13:35:00+00:00,313.2250061035,313.5899047852,312.049987793,312.2250061035,537765,0.0,0.0,AAPL,苹果,Apple Inc.,USD,13,35,AAPL,305.59,4459835424768,35.044724,32.14128,1.086,0.35,1.08,0.1204,223.78,344.57,150000,7.36,41.52038,0.27618998,0.27082002,1.4875101,31.707,62399000576,84343996416,466822987776,167959003136,0.48653,0.32623002,78.445,0.812,1.003,0.66483,0.01648,2.58,14594180000,14569223952,322.2844,400.0,215.0,2.13043,41,416161000000.0,220960000000.0,195201000000.0,133050000000.0,112010000000.0,7.46,7.49,0,27601000000.0,20719000000.0,132729000000.0,144748000000.0,133050000000.0,144748000000.0,112010000000.0,11698000000.0,15004697000.0,14948500000.0,359241000000.0,285508000000.0,73733000000.0,98657000000.0,62723000000.0,35934000000.0,54697000000.0,5718000000.0,39777000000.0,49834000000.0,125848000000.0,-76014000000.0,0,0,78328000000.0,165631000000.0,147957000000.0,-17674000000.0,-14264000000.0,93568000000.0,93568000000.0,73733000000.0,73733000000.0,172390000000.0,152061000000.0,111482000000.0,98767000000.0,-12715000000.0,-15421000000.0,-90711000000.0,-120686000000.0,15195000000.0,5991000000.0,35934000000.0,29943000000.0,12863000000.0,11698000000.0,0,112010000000.0,-25000000000.0,4481000000.0,-10932000000.0,6,21,14,3,2,9,"Financial Advisors Love Warren Buffett, but They Don’t Always Agree With Him"
2026-08-07 13:40:00+00:00,312.2149963379,312.3099975586,310.7399902344,311.7799987793,757027,0.0,0.0,AAPL,苹果,Apple Inc.,USD,13,40,AAPL,305.59,4459835424768,35.044724,32.14128,1.086,0.35,1.08,0.1204,223.78,344.57,150000,7.36,41.52038,0.27618998,0.27082002,1.4875101,31.707,62399000576,84343996416,466822987776,167959003136,0.48653,0.32623002,78.445,0.812,1.003,0.66483,0.01648,2.58,14594180000,14569223952,322.2844,400.0,215.0,2.13043,41,416161000000.0,220960000000.0,195201000000.0,133050000000.0,112010000000.0,7.46,7.49,0,27601000000.0,20719000000.0,132729000000.0,144748000000.0,133050000000.0,144748000000.0,112010000000.0,11698000000.0,15004697000.0,14948500000.0,359241000000.0,285508000000.0,73733000000.0,98657000000.0,62723000000.0,35934000000.0,54697000000.0,5718000000.0,39777000000.0,49834000000.0,125848000000.0,-76014000000.0,0,0,78328000000.0,165631000000.0,147957000000.0,-17674000000.0,-14264000000.0,93568000000.0,93568000000.0,73733000000.0,73733000000.0,172390000000.0,152061000000.0,111482000000.0,98767000000.0,-12715000000.0,-15421000000.0,-90711000000.0,-120686000000.0,15195000000.0,5991000000.0,35934000000.0,29943000000.0,12863000000.0,11698000000.0,0,112010000000.0,-25000000000.0,4481000000.0,-10932000000.0,6,21,14,3,2,9,"Financial Advisors Love Warren Buffett, but They Don’t Always Agree With Him"
2026-08-07 13:45:00+00:00,311.7699890137,312.1781005859,311.1499938965,311.2600097656,520507,0.0,0.0,AAPL,苹果,Apple Inc.,USD,13,45,AAPL,305.59,4459835424768,35.044724,32.14128,1.086,0.35,1.08,0.1204,223.78,344.57,150000,7.36,41.52038,0.27618998,0.27082002,1.4875101,31.707,62399000576,84343996416,466822987776,167959003136,0.48653,0.32623002,78.445,0.812,1.003,0.66483,0.01648,2.58,14594180000,14569223952,322.2844,400.0,215.0,2.13043,41,416161000000.0,220960000000.0,195201000000.0,133050000000.0,112010000000.0,7.46,7.49,0,27601000000.0,20719000000.0,132729000000.0,144748000000.0,133050000000.0,144748000000.0,112010000000.0,11698000000.0,15004697000.0,14948500000.0,359241000000.0,285508000000.0,73733000000.0,98657000000.0,62723000000.0,35934000000.0,54697000000.0,5718000000.0,39777000000.0,49834000000.0,125848000000.0,-76014000000.0,0,0,78328000000.0,165631000000.0,147957000000.0,-17674000000.0,-14264000000.0,93568000000.0,93568000000.0,73733000000.0,73733000000.0,172390000000.0,152061000000.0,111482000000.0,98767000000.0,-12715000000.0,-15421000000.0,-90711000000.0,-120686000000.0,15195000000.0,5991000000.0,35934000000.0,29943000000.0,12863000000.0,11698000000.0,0,112010000000.0,-25000000000.0,4481000000.0,-10932000000.0,6,21,14,3,2,9,"Financial Advisors Love Warren Buffett, but They Don’t Always Agree With Him"
2026-08-07 13:50:00+00:00,311.25,311.799987793,311.0299987793,311.799987793,547509,0.0,0.0,AAPL,苹果,Apple Inc.,USD,13,50,AAPL,305.59,4459835424768,35.044724,32.14128,1.086,0.35,1.08,0.1204,223.78,344.57,150000,7.36,41.52038,0.27618998,0.27082002,1.4875101,31.707,62399000576,84343996416,466822987776,167959003136,0.48653,0.32623002,78.445,0.812,1.003,0.66483,0.01648,2.58,14594180000,14569223952,322.2844,400.0,215.0,2.13043,41,416161000000.0,220960000000.0,195201000000.0,133050000000.0,112010000000.0,7.46,7.49,0,27601000000.0,20719000000.0,132729000000.0,144748000000.0,133050000000.0,144748000000.0,112010000000.0,11698000000.0,15004697000.0,14948500000.0,359241000000.0,285508000000.0,73733000000.0,98657000000.0,62723000000.0,35934000000.0,54697000000.0,5718000000.0,39777000000.0,49834000000.0,125848000000.0,-76014000000.0,0,0,78328000000.0,165631000000.0,147957000000.0,-17674000000.0,-14264000000.0,93568000000.0,93568000000.0,73733000000.0,73733000000.0,172390000000.0,152061000000.0,111482000000.0,98767000000.0,-12715000000.0,-15421000000.0,-90711000000.0,-120686000000.0,15195000000.0,5991000000.0,35934000000.0,29943000000.0,12863000000.0,11698000000.0,0,112010000000.0,-25000000000.0,4481000000.0,-10932000000.0,6,21,14,3,2,9,"Financial Advisors Love Warren Buffett, but They Don’t Always Agree With Him"
2026-08-07 13:55:00+00:00,311.75,312.0799865723,311.4800109863,311.7349853516,342423,0.0,0.0,AAPL,苹果,Apple Inc.,USD,13,55,AAPL,305.59,4459835424768,35.044724,32.14128,1.086,0.35,1.08,0.1204,223.78,344.57,150000,7.36,41.52038,0.27618998,0.27082002,1.4875101,31.707,62399000576,84343996416,466822987776,167959003136,0.48653,0.32623002,78.445,0.812,1.003,0.66483,0.01648,2.58,14594180000,14569223952,322.2844,400.0,215.0,2.13043,41,416161000000.0,220960000000.0,195201000000.0,133050000000.0,112010000000.0,7.46,7.49,0,27601000000.0,20719000000.0,132729000000.0,144748000000.0,133050000000.0,144748000000.0,112010000000.0,11698000000.0,15004697000.0,14948500000.0,359241000000.0,285508000000.0,73733000000.0,98657000000.0,62723000000.0,35934000000.0,54697000000.0,5718000000.0,39777000000.0,49834000000.0,125848000000.0,-76014000000.0,0,0,78328000000.0,165631000000.0,147957000000.0,-17674000000.0,-14264000000.0,93568000000.0,93568000000.0,73733000000.0,73733000000.0,172390000000.0,152061000000.0,111482000000.0,98767000000.0,-12715000000.0,-15421000000.0,-90711000000.0,-120686000000.0,15195000000.0,5991000000.0,35934000000.0,29943000000.0,12863000000.0,11698000000.0,0,112010000000.0,-25000000000.0,4481000000.0,-10932000000.0,6,21,14,3,2,9,"Financial Advisors Love Warren Buffett, but They Don’t Always Agree With Him"
2026-08-07 14:00:00+00:00,311.6900024414,312.3399047852,311.6499938965,312.2900085449,448508,0.0,0.0,AAPL,苹果,Apple Inc.,USD,14,0,AAPL,305.59,4459835424768,35.044724,32.14128,1.086,0.35,1.08,0.1204,223.78,344.57,150000,7.36,41.52038,0.27618998,0.27082002,1.4875101,31.707,62399000576,84343996416,466822987776,167959003136,0.48653,0.32623002,78.445,0.812,1.003,0.66483,0.01648,2.58,14594180000,14569223952,322.2844,400.0,215.0,2.13043,41,416161000000.0,220960000000.0,195201000000.0,133050000000.0,112010000000.0,7.46,7.49,0,27601000000.0,20719000000.0,132729000000.0,144748000000.0,133050000000.0,144748000000.0,112010000000.0,11698000000.0,15004697000.0,14948500000.0,359241000000.0,285508000000.0,73733000000.0,98657000000.0,62723000000.0,35934000000.0,54697000000.0,5718000000.0,39777000000.0,49834000000.0,125848000000.0,-76014000000.0,0,0,78328000000.0,165631000000.0,147957000000.0,-17674000000.0,-14264000000.0,93568000000.0,93568000000.0,73733000000.0,73733000000.0,172390000000.0,152061000000.0,111482000000.0,98767000000.0,-12715000000.0,-15421000000.0,-90711000000.0,-120686000000.0,15195000000.0,5991000000.0,35934000000.0,29943000000.0,12863000000.0,11698000000.0,0,112010000000.0,-25000000000.0,4481000000.0,-10932000000.0,6,21,14,3,2,9,"Financial Advisors Love Warren Buffett, but They Don’t Always Agree With Him"
2026-08-07 14:05:00+00:00,312.2950134277,312.5880126953,311.9005126953,312.4200134277,388124,0.0,0.0,AAPL,苹果,Apple Inc.,USD,14,5,AAPL,305.59,4459835424768,35.044724,32.14128,1.086,0.35,1.08,0.1204,223.78,344.57,150000,7.36,41.52038,0.27618998,0.27082002,1.4875101,31.707,62399000576,84343996416,466822987776,167959003136,0.48653,0.32623002,78.445,0.812,1.003,0.66483,0.01648,2.58,14594180000,14569223952,322.2844,400.0,215.0,2.13043,41,416161000000.0,220960000000.0,195201000000.0,133050000000.0,112010000000.0,7.46,7.49,0,27601000000.0,20719000000.0,132729000000.0,144748000000.0,133050000000.0,144748000000.0,112010000000.0,11698000000.0,15004697000.0,14948500000.0,359241000000.0,285508000000.0,73733000000.0,98657000000.0,62723000000.0,35934000000.0,54697000000.0,5718000000.0,39777000000.0,49834000000.0,125848000000.0,-76014000000.0,0,0,78328000000.0,165631000000.0,147957000000.0,-17674000000.0,-14264000000.0,93568000000.0,93568000000.0,73733000000.0,73733000000.0,172390000000.0,152061000000.0,111482000000.0,98767000000.0,-12715000000.0,-15421000000.0,-90711000000.0,-120686000000.0,15195000000.0,5991000000.0,35934000000.0,29943000000.0,12863000000.0,11698000000.0,0,112010000000.0,-25000000000.0,4481000000.0,-10932000000.0,6,21,14,3,2,9,"Financial Advisors Love Warren Buffett, but They Don’t Always Agree With Him"
2026-08-07 14:10:00+00:00,312.4100036621,312.4599914551,312.0350036621,312.1400146484,332952,0.0,0.0,AAPL,苹果,Apple Inc.,USD,14,10,AAPL,305.59,4459835424768,35.044724,32.14128,1.086,0.35,1.08,0.1204,223.78,344.57,150000,7.36,41.52038,0.27618998,0.27082002,1.4875101,31.707,62399000576,84343996416,466822987776,167959003136,0.48653,0.32623002,78.445,0.812,1.003,0.66483,0.01648,2.58,14594180000,14569223952,322.2844,400.0,215.0,2.13043,41,416161000000.0,220960000000.0,195201000000.0,133050000000.0,112010000000.0,7.46,7.49,0,27601000000.0,20719000000.0,132729000000.0,144748000000.0,133050000000.0,144748000000.0,112010000000.0,11698000000.0,15004697000.0,14948500000.0,359241000000.0,285508000000.0,73733000000.0,98657000000.0,62723000000.0,35934000000.0,54697000000.0,5718000000.0,39777000000.0,49834000000.0,125848000000.0,-76014000000.0,0,0,78328000000.0,165631000000.0,147957000000.0,-17674000000.0,-14264000000.0,93568000000.0,93568000000.0,73733000000.0,73733000000.0,172390000000.0,152061000000.0,111482000000.0,98767000000.0,-12715000000.0,-15421000000.0,-90711000000.0,-120686000000.0,15195000000.0,5991000000.0,35934000000.0,29943000000.0,12863000000.0,11698000000.0,0,112010000000.0,-25000000000.0,4481000000.0,-10932000000.0,6,21,14,3,2,9,"Financial Advisors Love Warren Buffett, but They Don’t Always Agree With Him"
2026-08-07 14:15:00+00:00,312.1401062012,313.0780029297,311.75,313.0700073242,477295,0.0,0.0,AAPL,苹果,Apple Inc.,USD,14,15,AAPL,305.59,4459835424768,35.044724,32.14128,1.086,0.35,1.08,0.1204,223.78,344.57,150000,7.36,41.52038,0.27618998,0.27082002,1.4875101,31.707,62399000576,84343996416,466822987776,167959003136,0.48653,0.32623002,78.445,0.812,1.003,0.66483,0.01648,2.58,14594180000,14569223952,322.2844,400.0,215.0,2.13043,41,416161000000.0,220960000000.0,195201000000.0,133050000000.0,112010000000.0,7.46,7.49,0,27601000000.0,20719000000.0,132729000000.0,144748000000.0,133050000000.0,144748000000.0,112010000000.0,11698000000.0,15004697000.0,14948500000.0,359241000000.0,285508000000.0,73733000000.0,98657000000.0,62723000000.0,35934000000.0,54697000000.0,5718000000.0,39777000000.0,49834000000.0,125848000000.0,-76014000000.0,0,0,78328000000.0,165631000000.0,147957000000.0,-17674000000.0,-14264000000.0,93568000000.0,93568000000.0,73733000000.0,73733000000.0,172390000000.0,152061000000.0,111482000000.0,98767000000.0,-12715000000.0,-15421000000.0,-90711000000.0,-120686000000.0,15195000000.0,5991000000.0,35934000000.0,29943000000.0,12863000000.0,11698000000.0,0,112010000000.0,-25000000000.0,4481000000.0,-10932000000.0,6,21,14,3,2,9,"Financial Advisors Love Warren Buffett, but They Don’t Always Agree With Him"
2026-08-07 14:20:00+00:00,313.0899963379,314.1000061035,312.9702148438,314.0400085449,501281,0.0,0.0,AAPL,苹果,Apple Inc.,USD,14,20,AAPL,305.59,4459835424768,35.044724,32.14128,1.086,0.35,1.08,0.1204,223.78,344.57,150000,7.36,41.52038,0.27618998,0.27082002,1.4875101,31.707,62399000576,84343996416,466822987776,167959003136,0.48653,0.32623002,78.445,0.812,1.003,0.66483,0.01648,2.58,14594180000,14569223952,322.2844,400.0,215.0,2.13043,41,416161000000.0,220960000000.0,195201000000.0,133050000000.0,112010000000.0,7.46,7.49,0,27601000000.0,20719000000.0,132729000000.0,144748000000.0,133050000000.0,144748000000.0,112010000000.0,11698000000.0,15004697000.0,14948500000.0,359241000000.0,285508000000.0,73733000000.0,98657000000.0,62723000000.0,35934000000.0,54697000000.0,5718000000.0,39777000000.0,49834000000.0,125848000000.0,-76014000000.0,0,0,78328000000.0,165631000000.0,147957000000.0,-17674000000.0,-14264000000.0,93568000000.0,93568000000.0,73733000000.0,73733000000.0,172390000000.0,152061000000.0,111482000000.0,98767000000.0,-12715000000.0,-15421000000.0,-90711000000.0,-120686000000.0,15195000000.0,5991000000.0,35934000000.0,29943000000.0,12863000000.0,11698000000.0,0,112010000000.0,-25000000000.0,4481000000.0,-10932000000.0,6,21,14,3,2,9,"Financial Advisors Love Warren Buffett, but They Don’t Always Agree With Him"
2026-08-07 14:25:00+00:00,314.049987793,314.1350097656,313.6700134277,314.0799865723,406343,0.0,0.0,AAPL,苹果,Apple Inc.,USD,14,25,AAPL,305.59,4459835424768,35.044724,32.14128,1.086,0.35,1.08,0.1204,223.78,344.57,150000,7.36,41.52038,0.27618998,0.27082002,1.4875101,31.707,62399000576,84343996416,466822987776,167959003136,0.48653,0.32623002,78.445,0.812,1.003,0.66483,0.01648,2.58,14594180000,14569223952,322.2844,400.0,215.0,2.13043,41,416161000000.0,220960000000.0,195201000000.0,133050000000.0,112010000000.0,7.46,7.49,0,27601000000.0,20719000000.0,132729000000.0,144748000000.0,133050000000.0,144748000000.0,112010000000.0,11698000000.0,15004697000.0,14948500000.0,359241000000.0,285508000000.0,73733000000.0,98657000000.0,62723000000.0,35934000000.0,54697000000.0,5718000000.0,39777000000.0,49834000000.0,125848000000.0,-76014000000.0,0,0,78328000000.0,165631000000.0,147957000000.0,-17674000000.0,-14264000000.0,93568000000.0,93568000000.0,73733000000.0,73733000000.0,172390000000.0,152061000000.0,111482000000.0,98767000000.0,-12715000000.0,-15421000000.0,-90711000000.0,-120686000000.0,15195000000.0,5991000000.0,35934000000.0,29943000000.0,12863000000.0,11698000000.0,0,112010000000.0,-25000000000.0,4481000000.0,-10932000000.0,6,21,14,3,2,9,"Financial Advisors Love Warren Buffett, but They Don’t Always Agree With Him"
2026-08-07 14:30:00+00:00,314.0899963379,314.8099975586,313.9700012207,314.2600097656,601590,0.0,0.0,AAPL,苹果,Apple Inc.,USD,14,30,AAPL,305.59,4459835424768,35.044724,32.14128,1.086,0.35,1.08,0.1204,223.78,344.57,150000,7.36,41.52038,0.27618998,0.27082002,1.4875101,31.707,62399000576,84343996416,466822987776,167959003136,0.48653,0.32623002,78.445,0.812,1.003,0.66483,0.01648,2.58,14594180000,14569223952,322.2844,400.0,215.0,2.13043,41,416161000000.0,220960000000.0,195201000000.0,133050000000.0,112010000000.0,7.46,7.49,0,27601000000.0,20719000000.0,132729000000.0,144748000000.0,133050000000.0,144748000000.0,112010000000.0,11698000000.0,15004697000.0,14948500000.0,359241000000.0,285508000000.0,73733000000.0,98657000000.0,62723000000.0,35934000000.0,54697000000.0,5718000000.0,39777000000.0,49834000000.0,125848000000.0,-76014000000.0,0,0,78328000000.0,165631000000.0,147957000000.0,-17674000000.0,-14264000000.0,93568000000.0,93568000000.0,73733000000.0,73733000000.0,172390000000.0,152061000000.0,111482000000.0,98767000000.0,-12715000000.0,-15421000000.0,-90711000000.0,-120686000000.0,15195000000.0,5991000000.0,35934000000.0,29943000000.0,12863000000.0,11698000000.0,0,112010000000.0,-25000000000.0,4481000000.0,-10932000000.0,6,21,14,3,2,9,"Financial Advisors Love Warren Buffett, but They Don’t Always Agree With Him"
2026-08-07 14:35:00+00:00,314.2699890137,314.3699951172,313.9150085449,314.2099914551,346479,0.0,0.0,AAPL,苹果,Apple Inc.,USD,14,35,AAPL,305.59,4459835424768,35.044724,32.14128,1.086,0.35,1.08,0.1204,223.78,344.57,150000,7.36,41.52038,0.27618998,0.27082002,1.4875101,31.707,62399000576,84343996416,466822987776,167959003136,0.48653,0.32623002,78.445,0.812,1.003,0.66483,0.01648,2.58,14594180000,14569223952,322.2844,400.0,215.0,2.13043,41,416161000000.0,220960000000.0,195201000000.0,133050000000.0,112010000000.0,7.46,7.49,0,27601000000.0,20719000000.0,132729000000.0,144748000000.0,133050000000.0,144748000000.0,112010000000.0,11698000000.0,15004697000.0,14948500000.0,359241000000.0,285508000000.0,73733000000.0,98657000000.0,62723000000.0,35934000000.0,54697000000.0,5718000000.0,39777000000.0,49834000000.0,125848000000.0,-76014000000.0,0,0,78328000000.0,165631000000.0,147957000000.0,-17674000000.0,-14264000000.0,93568000000.0,93568000000.0,73733000000.0,73733000000.0,172390000000.0,152061000000.0,111482000000.0,98767000000.0,-12715000000.0,-15421000000.0,-90711000000.0,-120686000000.0,15195000000.0,5991000000.0,35934000000.0,29943000000.0,12863000000.0,11698000000.0,0,112010000000.0,-25000000000.0,4481000000.0,-10932000000.0,6,21,14,3,2,9,"Financial Advisors Love Warren Buffett, but They Don’t Always Agree With Him"
2026-08-07 14:40:00+00:00,314.2200012207,314.3800048828,314.049987793,314.2799987793,252699,0.0,0.0,AAPL,苹果,Apple Inc.,USD,14,40,AAPL,305.59,4459835424768,35.044724,32.14128,1.086,0.35,1.08,0.1204,223.78,344.57,150000,7.36,41.52038,0.27618998,0.27082002,1.4875101,31.707,62399000576,84343996416,466822987776,167959003136,0.48653,0.32623002,78.445,0.812,1.003,0.66483,0.01648,2.58,14594180000,14569223952,322.2844,400.0,215.0,2.13043,41,416161000000.0,220960000000.0,195201000000.0,133050000000.0,112010000000.0,7.46,7.49,0,27601000000.0,20719000000.0,132729000000.0,144748000000.0,133050000000.0,144748000000.0,112010000000.0,11698000000.0,15004697000.0,14948500000.0,359241000000.0,285508000000.0,73733000000.0,98657000000.0,62723000000.0,35934000000.0,54697000000.0,5718000000.0,39777000000.0,49834000000.0,125848000000.0,-76014000000.0,0,0,78328000000.0,165631000000.0,147957000000.0,-17674000000.0,-14264000000.0,93568000000.0,93568000000.0,73733000000.0,73733000000.0,172390000000.0,152061000000.0,111482000000.0,98767000000.0,-12715000000.0,-15421000000.0,-90711000000.0,-120686000000.0,15195000000.0,5991000000.0,35934000000.0,29943000000.0,12863000000.0,11698000000.0,0,112010000000.0,-25000000000.0,4481000000.0,-10932000000.0,6,21,14,3,2,9,"Financial Advisors Love Warren Buffett, but They Don’t Always Agree With Him"
2026-08-07 14:45:00+00:00,314.2449951172,314.3599853516,314.0199890137,314.0700073242,217842,0.0,0.0,AAPL,苹果,Apple Inc.,USD,14,45,AAPL,305.59,4459835424768,35.044724,32.14128,1.086,0.35,1.08,0.1204,223.78,344.57,150000,7.36,41.52038,0.27618998,0.27082002,1.4875101,31.707,62399000576,84343996416,466822987776,167959003136,0.48653,0.32623002,78.445,0.812,1.003,0.66483,0.01648,2.58,14594180000,14569223952,322.2844,400.0,215.0,2.13043,41,416161000000.0,220960000000.0,195201000000.0,133050000000.0,112010000000.0,7.46,7.49,0,27601000000.0,20719000000.0,132729000000.0,144748000000.0,133050000000.0,144748000000.0,112010000000.0,11698000000.0,15004697000.0,14948500000.0,359241000000.0,285508000000.0,73733000000.0,98657000000.0,62723000000.0,35934000000.0,54697000000.0,5718000000.0,39777000000.0,49834000000.0,125848000000.0,-76014000000.0,0,0,78328000000.0,165631000000.0,147957000000.0,-17674000000.0,-14264000000.0,93568000000.0,93568000000.0,73733000000.0,73733000000.0,172390000000.0,152061000000.0,111482000000.0,98767000000.0,-12715000000.0,-15421000000.0,-90711000000.0,-120686000000.0,15195000000.0,5991000000.0,35934000000.0,29943000000.0,12863000000.0,11698000000.0,0,112010000000.0,-25000000000.0,4481000000.0,-10932000000.0,6,21,14,3,2,9,"Financial Advisors Love Warren Buffett, but They Don’t Always Agree With Him"
2026-08-07 14:50:00+00:00,314.0650024414,314.1400146484,313.6499938965,313.8999938965,379261,0.0,0.0,AAPL,苹果,Apple Inc.,USD,14,50,AAPL,305.59,4459835424768,35.044724,32.14128,1.086,0.35,1.08,0.1204,223.78,344.57,150000,7.36,41.52038,0.27618998,0.27082002,1.4875101,31.707,62399000576,84343996416,466822987776,167959003136,0.48653,0.32623002,78.445,0.812,1.003,0.66483,0.01648,2.58,14594180000,14569223952,322.2844,400.0,215.0,2.13043,41,416161000000.0,220960000000.0,195201000000.0,133050000000.0,112010000000.0,7.46,7.49,0,27601000000.0,20719000000.0,132729000000.0,144748000000.0,133050000000.0,144748000000.0,112010000000.0,11698000000.0,15004697000.0,14948500000.0,359241000000.0,285508000000.0,73733000000.0,98657000000.0,62723000000.0,35934000000.0,54697000000.0,5718000000.0,39777000000.0,49834000000.0,125848000000.0,-76014000000.0,0,0,78328000000.0,165631000000.0,147957000000.0,-17674000000.0,-14264000000.0,93568000000.0,93568000000.0,73733000000.0,73733000000.0,172390000000.0,152061000000.0,111482000000.0,98767000000.0,-12715000000.0,-15421000000.0,-90711000000.0,-120686000000.0,15195000000.0,5991000000.0,35934000000.0,29943000000.0,12863000000.0,11698000000.0,0,112010000000.0,-25000000000.0,4481000000.0,-10932000000.0,6,21,14,3,2,9,"Financial Advisors Love Warren Buffett, but They Don’t Always Agree With Him"
2026-08-07 14:55:00+00:00,313.8999938965,314.3800048828,313.8399963379,314.3179931641,798391,0.0,0.0,AAPL,苹果,Apple Inc.,USD,14,55,AAPL,305.59,4459835424768,35.044724,32.14128,1.086,0.35,1.08,0.1204,223.78,344.57,150000,7.36,41.52038,0.27618998,0.27082002,1.4875101,31.707,62399000576,84343996416,466822987776,167959003136,0.48653,0.32623002,78.445,0.812,1.003,0.66483,0.01648,2.58,14594180000,14569223952,322.2844,400.0,215.0,2.13043,41,416161000000.0,220960000000.0,195201000000.0,133050000000.0,112010000000.0,7.46,7.49,0,27601000000.0,20719000000.0,132729000000.0,144748000000.0,133050000000.0,144748000000.0,112010000000.0,11698000000.0,15004697000.0,14948500000.0,359241000000.0,285508000000.0,73733000000.0,98657000000.0,62723000000.0,35934000000.0,54697000000.0,5718000000.0,39777000000.0,49834000000.0,125848000000.0,-76014000000.0,0,0,78328000000.0,165631000000.0,147957000000.0,-17674000000.0,-14264000000.0,93568000000.0,93568000000.0,73733000000.0,73733000000.0,172390000000.0,152061000000.0,111482000000.0,98767000000.0,-12715000000.0,-15421000000.0,-90711000000.0,-120686000000.0,15195000000.0,5991000000.0,35934000000.0,29943000000.0,12863000000.0,11698000000.0,0,112010000000.0,-25000000000.0,4481000000.0,-10932000000.0,6,21,14,3,2,9,"Financial Advisors Love Warren Buffett, but They Don’t Always Agree With Him"
2026-08-07 15:00:00+00:00,314.3099975586,314.3500061035,314.0299987793,314.1950073242,173177,0.0,0.0,AAPL,苹果,Apple Inc.,USD,15,0,AAPL,305.59,4459835424768,35.044724,32.14128,1.086,0.35,1.08,0.1204,223.78,344.57,150000,7.36,41.52038,0.27618998,0.27082002,1.4875101,31.707,62399000576,84343996416,466822987776,167959003136,0.48653,0.32623002,78.445,0.812,1.003,0.66483,0.01648,2.58,14594180000,14569223952,322.2844,400.0,215.0,2.13043,41,416161000000.0,220960000000.0,195201000000.0,133050000000.0,112010000000.0,7.46,7.49,0,27601000000.0,20719000000.0,132729000000.0,144748000000.0,133050000000.0,144748000000.0,112010000000.0,11698000000.0,15004697000.0,14948500000.0,359241000000.0,285508000000.0,73733000000.0,98657000000.0,62723000000.0,35934000000.0,54697000000.0,5718000000.0,39777000000.0,49834000000.0,125848000000.0,-76014000000.0,0,0,78328000000.0,165631000000.0,147957000000.0,-17674000000.0,-14264000000.0,93568000000.0,93568000000.0,73733000000.0,73733000000.0,172390000000.0,152061000000.0,111482000000.0,98767000000.0,-12715000000.0,-15421000000.0,-90711000000.0,-120686000000.0,15195000000.0,5991000000.0,35934000000.0,29943000000.0,12863000000.0,11698000000.0,0,112010000000.0,-25000000000.0,4481000000.0,-10932000000.0,6,21,14,3,2,9,"Financial Advisors Love Warren Buffett, but They Don’t Always Agree With Him"
2026-08-07 15:05:00+00:00,314.1900024414,314.2300109863,313.7799987793,313.8399963379,184463,0.0,0.0,AAPL,苹果,Apple Inc.,USD,15,5,AAPL,305.59,4459835424768,35.044724,32.14128,1.086,0.35,1.08,0.1204,223.78,344.57,150000,7.36,41.52038,0.27618998,0.27082002,1.4875101,31.707,62399000576,84343996416,466822987776,167959003136,0.48653,0.32623002,78.445,0.812,1.003,0.66483,0.01648,2.58,14594180000,14569223952,322.2844,400.0,215.0,2.13043,41,416161000000.0,220960000000.0,195201000000.0,133050000000.0,112010000000.0,7.46,7.49,0,27601000000.0,20719000000.0,132729000000.0,144748000000.0,133050000000.0,144748000000.0,112010000000.0,11698000000.0,15004697000.0,14948500000.0,359241000000.0,285508000000.0,73733000000.0,98657000000.0,62723000000.0,35934000000.0,54697000000.0,5718000000.0,39777000000.0,49834000000.0,125848000000.0,-76014000000.0,0,0,78328000000.0,165631000000.0,147957000000.0,-17674000000.0,-14264000000.0,93568000000.0,93568000000.0,73733000000.0,73733000000.0,172390000000.0,152061000000.0,111482000000.0,98767000000.0,-12715000000.0,-15421000000.0,-90711000000.0,-120686000000.0,15195000000.0,5991000000.0,35934000000.0,29943000000.0,12863000000.0,11698000000.0,0,112010000000.0,-25000000000.0,4481000000.0,-10932000000.0,6,21,14,3,2,9,"Financial Advisors Love Warren Buffett, but They Don’t Always Agree With Him"
2026-08-07 15:10:00+00:00,313.8150024414,314.049987793,313.549987793,313.9442138672,185690,0.0,0.0,AAPL,苹果,Apple Inc.,USD,15,10,AAPL,305.59,4459835424768,35.044724,32.14128,1.086,0.35,1.08,0.1204,223.78,344.57,150000,7.36,41.52038,0.27618998,0.27082002,1.4875101,31.707,62399000576,84343996416,466822987776,167959003136,0.48653,0.32623002,78.445,0.812,1.003,0.66483,0.01648,2.58,14594180000,14569223952,322.2844,400.0,215.0,2.13043,41,416161000000.0,220960000000.0,195201000000.0,133050000000.0,112010000000.0,7.46,7.49,0,27601000000.0,20719000000.0,132729000000.0,144748000000.0,133050000000.0,144748000000.0,112010000000.0,11698000000.0,15004697000.0,14948500000.0,359241000000.0,285508000000.0,73733000000.0,98657000000.0,62723000000.0,35934000000.0,54697000000.0,5718000000.0,39777000000.0,49834000000.0,125848000000.0,-76014000000.0,0,0,78328000000.0,165631000000.0,147957000000.0,-17674000000.0,-14264000000.0,93568000000.0,93568000000.0,73733000000.0,73733000000.0,172390000000.0,152061000000.0,111482000000.0,98767000000.0,-12715000000.0,-15421000000.0,-90711000000.0,-120686000000.0,15195000000.0,5991000000.0,35934000000.0,29943000000.0,12863000000.0,11698000000.0,0,112010000000.0,-25000000000.0,4481000000.0,-10932000000.0,6,21,14,3,2,9,"Financial Advisors Love Warren Buffett, but They Don’t Always Agree With Him"
2026-08-07 15:15:00+00:00,313.9349975586,313.9400024414,313.1239013672,313.1300048828,503815,0.0,0.0,AAPL,苹果,Apple Inc.,USD,15,15,AAPL,305.59,4459835424768,35.044724,32.14128,1.086,0.35,1.08,0.1204,223.78,344.57,150000,7.36,41.52038,0.27618998,0.27082002,1.4875101,31.707,62399000576,84343996416,466822987776,167959003136,0.48653,0.32623002,78.445,0.812,1.003,0.66483,0.01648,2.58,14594180000,14569223952,322.2844,400.0,215.0,2.13043,41,416161000000.0,220960000000.0,195201000000.0,133050000000.0,112010000000.0,7.46,7.49,0,27601000000.0,20719000000.0,132729000000.0,144748000000.0,133050000000.0,144748000000.0,112010000000.0,11698000000.0,15004697000.0,14948500000.0,359241000000.0,285508000000.0,73733000000.0,98657000000.0,62723000000.0,35934000000.0,54697000000.0,5718000000.0,39777000000.0,49834000000.0,125848000000.0,-76014000000.0,0,0,78328000000.0,165631000000.0,147957000000.0,-17674000000.0,-14264000000.0,93568000000.0,93568000000.0,73733000000.0,73733000000.0,172390000000.0,152061000000.0,111482000000.0,98767000000.0,-12715000000.0,-15421000000.0,-90711000000.0,-120686000000.0,15195000000.0,5991000000.0,35934000000.0,29943000000.0,12863000000.0,11698000000.0,0,112010000000.0,-25000000000.0,4481000000.0,-10932000000.0,6,21,14,3,2,9,"Financial Advisors Love Warren Buffett, but They Don’t Always Agree With Him"
2026-08-07 15:20:00+00:00,313.1300048828,313.2900085449,313.0,313.2200012207,279525,0.0,0.0,AAPL,苹果,Apple Inc.,USD,15,20,AAPL,305.59,4459835424768,35.044724,32.14128,1.086,0.35,1.08,0.1204,223.78,344.57,150000,7.36,41.52038,0.27618998,0.27082002,1.4875101,31.707,62399000576,84343996416,466822987776,167959003136,0.48653,0.32623002,78.445,0.812,1.003,0.66483,0.01648,2.58,14594180000,14569223952,322.2844,400.0,215.0,2.13043,41,416161000000.0,220960000000.0,195201000000.0,133050000000.0,112010000000.0,7.46,7.49,0,27601000000.0,20719000000.0,132729000000.0,144748000000.0,133050000000.0,144748000000.0,112010000000.0,11698000000.0,15004697000.0,14948500000.0,359241000000.0,285508000000.0,73733000000.0,98657000000.0,62723000000.0,35934000000.0,54697000000.0,5718000000.0,39777000000.0,49834000000.0,125848000000.0,-76014000000.0,0,0,78328000000.0,165631000000.0,147957000000.0,-17674000000.0,-14264000000.0,93568000000.0,93568000000.0,73733000000.0,73733000000.0,172390000000.0,152061000000.0,111482000000.0,98767000000.0,-12715000000.0,-15421000000.0,-90711000000.0,-120686000000.0,15195000000.0,5991000000.0,35934000000.0,29943000000.0,12863000000.0,11698000000.0,0,112010000000.0,-25000000000.0,4481000000.0,-10932000000.0,6,21,14,3,2,9,"Financial Advisors Love Warren Buffett, but They Don’t Always Agree With Him"
2026-08-07 15:25:00+00:00,313.2200012207,313.3949890137,313.0867004395,313.3599853516,238951,0.0,0.0,AAPL,苹果,Apple Inc.,USD,15,25,AAPL,305.59,4459835424768,35.044724,32.14128,1.086,0.35,1.08,0.1204,223.78,344.57,150000,7.36,41.52038,0.27618998,0.27082002,1.4875101,31.707,62399000576,84343996416,466822987776,167959003136,0.48653,0.32623002,78.445,0.812,1.003,0.66483,0.01648,2.58,14594180000,14569223952,322.2844,400.0,215.0,2.13043,41,416161000000.0,220960000000.0,195201000000.0,133050000000.0,112010000000.0,7.46,7.49,0,27601000000.0,20719000000.0,132729000000.0,144748000000.0,133050000000.0,144748000000.0,112010000000.0,11698000000.0,15004697000.0,14948500000.0,359241000000.0,285508000000.0,73733000000.0,98657000000.0,62723000000.0,35934000000.0,54697000000.0,5718000000.0,39777000000.0,49834000000.0,125848000000.0,-76014000000.0,0,0,78328000000.0,165631000000.0,147957000000.0,-17674000000.0,-14264000000.0,93568000000.0,93568000000.0,73733000000.0,73733000000.0,172390000000.0,152061000000.0,111482000000.0,98767000000.0,-12715000000.0,-15421000000.0,-90711000000.0,-120686000000.0,15195000000.0,5991000000.0,35934000000.0,29943000000.0,12863000000.0,11698000000.0,0,112010000000.0,-25000000000.0,4481000000.0,-10932000000.0,6,21,14,3,2,9,"Financial Advisors Love Warren Buffett, but They Don’t Always Agree With Him"
2026-08-07 15:30:00+00:00,313.3599853516,313.4200134277,312.4200134277,312.4949951172,344110,0.0,0.0,AAPL,苹果,Apple Inc.,USD,15,30,AAPL,305.59,4459835424768,35.044724,32.14128,1.086,0.35,1.08,0.1204,223.78,344.57,150000,7.36,41.52038,0.27618998,0.27082002,1.4875101,31.707,62399000576,84343996416,466822987776,167959003136,0.48653,0.32623002,78.445,0.812,1.003,0.66483,0.01648,2.58,14594180000,14569223952,322.2844,400.0,215.0,2.13043,41,416161000000.0,220960000000.0,195201000000.0,133050000000.0,112010000000.0,7.46,7.49,0,27601000000.0,20719000000.0,132729000000.0,144748000000.0,133050000000.0,144748000000.0,112010000000.0,11698000000.0,15004697000.0,14948500000.0,359241000000.0,285508000000.0,73733000000.0,98657000000.0,62723000000.0,35934000000.0,54697000000.0,5718000000.0,39777000000.0,49834000000.0,125848000000.0,-76014000000.0,0,0,78328000000.0,165631000000.0,147957000000.0,-17674000000.0,-14264000000.0,93568000000.0,93568000000.0,73733000000.0,73733000000.0,172390000000.0,152061000000.0,111482000000.0,98767000000.0,-12715000000.0,-15421000000.0,-90711000000.0,-120686000000.0,15195000000.0,5991000000.0,35934000000.0,29943000000.0,12863000000.0,11698000000.0,0,112010000000.0,-25000000000.0,4481000000.0,-10932000000.0,6,21,14,3,2,9,"Financial Advisors Love Warren Buffett, but They Don’t Always Agree With Him"
2026-08-07 15:35:00+00:00,312.5050048828,312.7799987793,312.4569091797,312.6400146484,279251,0.0,0.0,AAPL,苹果,Apple Inc.,USD,15,35,AAPL,305.59,4459835424768,35.044724,32.14128,1.086,0.35,1.08,0.1204,223.78,344.57,150000,7.36,41.52038,0.27618998,0.27082002,1.4875101,31.707,62399000576,84343996416,466822987776,167959003136,0.48653,0.32623002,78.445,0.812,1.003,0.66483,0.01648,2.58,14594180000,14569223952,322.2844,400.0,215.0,2.13043,41,416161000000.0,220960000000.0,195201000000.0,133050000000.0,112010000000.0,7.46,7.49,0,27601000000.0,20719000000.0,132729000000.0,144748000000.0,133050000000.0,144748000000.0,112010000000.0,11698000000.0,15004697000.0,14948500000.0,359241000000.0,285508000000.0,73733000000.0,98657000000.0,62723000000.0,35934000000.0,54697000000.0,5718000000.0,39777000000.0,49834000000.0,125848000000.0,-76014000000.0,0,0,78328000000.0,165631000000.0,147957000000.0,-17674000000.0,-14264000000.0,93568000000.0,93568000000.0,73733000000.0,73733000000.0,172390000000.0,152061000000.0,111482000000.0,98767000000.0,-12715000000.0,-15421000000.0,-90711000000.0,-120686000000.0,15195000000.0,5991000000.0,35934000000.0,29943000000.0,12863000000.0,11698000000.0,0,112010000000.0,-25000000000.0,4481000000.0,-10932000000.0,6,21,14,3,2,9,"Financial Advisors Love Warren Buffett, but They Don’t Always Agree With Him"
2026-08-07 15:40:00+00:00,312.6499938965,312.6900024414,312.4400024414,312.6000061035,242536,0.0,0.0,AAPL,苹果,Apple Inc.,USD,15,40,AAPL,305.59,4459835424768,35.044724,32.14128,1.086,0.35,1.08,0.1204,223.78,344.57,150000,7.36,41.52038,0.27618998,0.27082002,1.4875101,31.707,62399000576,84343996416,466822987776,167959003136,0.48653,0.32623002,78.445,0.812,1.003,0.66483,0.01648,2.58,14594180000,14569223952,322.2844,400.0,215.0,2.13043,41,416161000000.0,220960000000.0,195201000000.0,133050000000.0,112010000000.0,7.46,7.49,0,27601000000.0,20719000000.0,132729000000.0,144748000000.0,133050000000.0,144748000000.0,112010000000.0,11698000000.0,15004697000.0,14948500000.0,359241000000.0,285508000000.0,73733000000.0,98657000000.0,62723000000.0,35934000000.0,54697000000.0,5718000000.0,39777000000.0,49834000000.0,125848000000.0,-76014000000.0,0,0,78328000000.0,165631000000.0,147957000000.0,-17674000000.0,-14264000000.0,93568000000.0,93568000000.0,73733000000.0,73733000000.0,172390000000.0,152061000000.0,111482000000.0,98767000000.0,-12715000000.0,-15421000000.0,-90711000000.0,-120686000000.0,15195000000.0,5991000000.0,35934000000.0,29943000000.0,12863000000.0,11698000000.0,0,112010000000.0,-25000000000.0,4481000000.0,-10932000000.0,6,21,14,3,2,9,"Financial Advisors Love Warren Buffett, but They Don’t Always Agree With Him"
2026-08-07 15:45:00+00:00,312.6000061035,312.6000061035,312.1499938965,312.2099914551,299052,0.0,0.0,AAPL,苹果,Apple Inc.,USD,15,45,AAPL,305.59,4459835424768,35.044724,32.14128,1.086,0.35,1.08,0.1204,223.78,344.57,150000,7.36,41.52038,0.27618998,0.27082002,1.4875101,31.707,62399000576,84343996416,466822987776,167959003136,0.48653,0.32623002,78.445,0.812,1.003,0.66483,0.01648,2.58,14594180000,14569223952,322.2844,400.0,215.0,2.13043,41,416161000000.0,220960000000.0,195201000000.0,133050000000.0,112010000000.0,7.46,7.49,0,27601000000.0,20719000000.0,132729000000.0,144748000000.0,133050000000.0,144748000000.0,112010000000.0,11698000000.0,15004697000.0,14948500000.0,359241000000.0,285508000000.0,73733000000.0,98657000000.0,62723000000.0,35934000000.0,54697000000.0,5718000000.0,39777000000.0,49834000000.0,125848000000.0,-76014000000.0,0,0,78328000000.0,165631000000.0,147957000000.0,-17674000000.0,-14264000000.0,93568000000.0,93568000000.0,73733000000.0,73733000000.0,172390000000.0,152061000000.0,111482000000.0,98767000000.0,-12715000000.0,-15421000000.0,-90711000000.0,-120686000000.0,15195000000.0,5991000000.0,35934000000.0,29943000000.0,12863000000.0,11698000000.0,0,112010000000.0,-25000000000.0,4481000000.0,-10932000000.0,6,21,14,3,2,9,"Financial Advisors Love Warren Buffett, but They Don’t Always Agree With Him"
2026-08-07 15:50:00+00:00,312.2099914551,312.3280029297,312.0199890137,312.3099975586,504283,0.0,0.0,AAPL,苹果,Apple Inc.,USD,15,50,AAPL,305.59,4459835424768,35.044724,32.14128,1.086,0.35,1.08,0.1204,223.78,344.57,150000,7.36,41.52038,0.27618998,0.27082002,1.4875101,31.707,62399000576,84343996416,466822987776,167959003136,0.48653,0.32623002,78.445,0.812,1.003,0.66483,0.01648,2.58,14594180000,14569223952,322.2844,400.0,215.0,2.13043,41,416161000000.0,220960000000.0,195201000000.0,133050000000.0,112010000000.0,7.46,7.49,0,27601000000.0,20719000000.0,132729000000.0,144748000000.0,133050000000.0,144748000000.0,112010000000.0,11698000000.0,15004697000.0,14948500000.0,359241000000.0,285508000000.0,73733000000.0,98657000000.0,62723000000.0,35934000000.0,54697000000.0,5718000000.0,39777000000.0,49834000000.0,125848000000.0,-76014000000.0,0,0,78328000000.0,165631000000.0,147957000000.0,-17674000000.0,-14264000000.0,93568000000.0,93568000000.0,73733000000.0,73733000000.0,172390000000.0,152061000000.0,111482000000.0,98767000000.0,-12715000000.0,-15421000000.0,-90711000000.0,-120686000000.0,15195000000.0,5991000000.0,35934000000.0,29943000000.0,12863000000.0,11698000000.0,0,112010000000.0,-25000000000.0,4481000000.0,-10932000000.0,6,21,14,3,2,9,"Financial Advisors Love Warren Buffett, but They Don’t Always Agree With Him"
2026-08-07 15:55:00+00:00,312.3099975586,312.3299865723,312.0400085449,312.1499938965,197983,0.0,0.0,AAPL,苹果,Apple Inc.,USD,15,55,AAPL,305.59,4459835424768,35.044724,32.14128,1.086,0.35,1.08,0.1204,223.78,344.57,150000,7.36,41.52038,0.27618998,0.27082002,1.4875101,31.707,62399000576,84343996416,466822987776,167959003136,0.48653,0.32623002,78.445,0.812,1.003,0.66483,0.01648,2.58,14594180000,14569223952,322.2844,400.0,215.0,2.13043,41,416161000000.0,220960000000.0,195201000000.0,133050000000.0,112010000000.0,7.46,7.49,0,27601000000.0,20719000000.0,132729000000.0,144748000000.0,133050000000.0,144748000000.0,112010000000.0,11698000000.0,15004697000.0,14948500000.0,359241000000.0,285508000000.0,73733000000.0,98657000000.0,62723000000.0,35934000000.0,54697000000.0,5718000000.0,39777000000.0,49834000000.0,125848000000.0,-76014000000.0,0,0,78328000000.0,165631000000.0,147957000000.0,-17674000000.0,-14264000000.0,93568000000.0,93568000000.0,73733000000.0,73733000000.0,172390000000.0,152061000000.0,111482000000.0,98767000000.0,-12715000000.0,-15421000000.0,-90711000000.0,-120686000000.0,15195000000.0,5991000000.0,35934000000.0,29943000000.0,12863000000.0,11698000000.0,0,112010000000.0,-25000000000.0,4481000000.0,-10932000000.0,6,21,14,3,2,9,"Financial Advisors Love Warren Buffett, but They Don’t Always Agree With Him"
2026-08-07 16:00:00+00:00,312.1400146484,312.4299926758,312.0799865723,312.4200134277,265125,0.0,0.0,AAPL,苹果,Apple Inc.,USD,16,0,AAPL,305.59,4459835424768,35.044724,32.14128,1.086,0.35,1.08,0.1204,223.78,344.57,150000,7.36,41.52038,0.27618998,0.27082002,1.4875101,31.707,62399000576,84343996416,466822987776,167959003136,0.48653,0.32623002,78.445,0.812,1.003,0.66483,0.01648,2.58,14594180000,14569223952,322.2844,400.0,215.0,2.13043,41,416161000000.0,220960000000.0,195201000000.0,133050000000.0,112010000000.0,7.46,7.49,0,27601000000.0,20719000000.0,132729000000.0,144748000000.0,133050000000.0,144748000000.0,112010000000.0,11698000000.0,15004697000.0,14948500000.0,359241000000.0,285508000000.0,73733000000.0,98657000000.0,62723000000.0,35934000000.0,54697000000.0,5718000000.0,39777000000.0,49834000000.0,125848000000.0,-76014000000.0,0,0,78328000000.0,165631000000.0,147957000000.0,-17674000000.0,-14264000000.0,93568000000.0,93568000000.0,73733000000.0,73733000000.0,172390000000.0,152061000000.0,111482000000.0,98767000000.0,-12715000000.0,-15421000000.0,-90711000000.0,-120686000000.0,15195000000.0,5991000000.0,35934000000.0,29943000000.0,12863000000.0,11698000000.0,0,112010000000.0,-25000000000.0,4481000000.0,-10932000000.0,6,21,14,3,2,9,"Financial Advisors Love Warren Buffett, but They Don’t Always Agree With Him"
2026-08-07 16:05:00+00:00,312.4200134277,312.4200134277,311.6600036621,311.75,310151,0.0,0.0,AAPL,苹果,Apple Inc.,USD,16,5,AAPL,305.59,4459835424768,35.044724,32.14128,1.086,0.35,1.08,0.1204,223.78,344.57,150000,7.36,41.52038,0.27618998,0.27082002,1.4875101,31.707,62399000576,84343996416,466822987776,167959003136,0.48653,0.32623002,78.445,0.812,1.003,0.66483,0.01648,2.58,14594180000,14569223952,322.2844,400.0,215.0,2.13043,41,416161000000.0,220960000000.0,195201000000.0,133050000000.0,112010000000.0,7.46,7.49,0,27601000000.0,20719000000.0,132729000000.0,144748000000.0,133050000000.0,144748000000.0,112010000000.0,11698000000.0,15004697000.0,14948500000.0,359241000000.0,285508000000.0,73733000000.0,98657000000.0,62723000000.0,35934000000.0,54697000000.0,5718000000.0,39777000000.0,49834000000.0,125848000000.0,-76014000000.0,0,0,78328000000.0,165631000000.0,147957000000.0,-17674000000.0,-14264000000.0,93568000000.0,93568000000.0,73733000000.0,73733000000.0,172390000000.0,152061000000.0,111482000000.0,98767000000.0,-12715000000.0,-15421000000.0,-90711000000.0,-120686000000.0,15195000000.0,5991000000.0,35934000000.0,29943000000.0,12863000000.0,11698000000.0,0,112010000000.0,-25000000000.0,4481000000.0,-10932000000.0,6,21,14,3,2,9,"Financial Advisors Love Warren Buffett, but They Don’t Always Agree With Him"
2026-08-07 16:10:00+00:00,311.75,311.8699951172,311.549987793,311.820892334,227820,0.0,0.0,AAPL,苹果,Apple Inc.,USD,16,10,AAPL,305.59,4459835424768,35.044724,32.14128,1.086,0.35,1.08,0.1204,223.78,344.57,150000,7.36,41.52038,0.27618998,0.27082002,1.4875101,31.707,62399000576,84343996416,466822987776,167959003136,0.48653,0.32623002,78.445,0.812,1.003,0.66483,0.01648,2.58,14594180000,14569223952,322.2844,400.0,215.0,2.13043,41,416161000000.0,220960000000.0,195201000000.0,133050000000.0,112010000000.0,7.46,7.49,0,27601000000.0,20719000000.0,132729000000.0,144748000000.0,133050000000.0,144748000000.0,112010000000.0,11698000000.0,15004697000.0,14948500000.0,359241000000.0,285508000000.0,73733000000.0,98657000000.0,62723000000.0,35934000000.0,54697000000.0,5718000000.0,39777000000.0,49834000000.0,125848000000.0,-76014000000.0,0,0,78328000000.0,165631000000.0,147957000000.0,-17674000000.0,-14264000000.0,93568000000.0,93568000000.0,73733000000.0,73733000000.0,172390000000.0,152061000000.0,111482000000.0,98767000000.0,-12715000000.0,-15421000000.0,-90711000000.0,-120686000000.0,15195000000.0,5991000000.0,35934000000.0,29943000000.0,12863000000.0,11698000000.0,0,112010000000.0,-25000000000.0,4481000000.0,-10932000000.0,6,21,14,3,2,9,"Financial Advisors Love Warren Buffett, but They Don’t Always Agree With Him"
2026-08-07 16:15:00+00:00,311.825012207,311.9309997559,311.7600097656,311.8500061035,228892,0.0,0.0,AAPL,苹果,Apple Inc.,USD,16,15,AAPL,305.59,4459835424768,35.044724,32.14128,1.086,0.35,1.08,0.1204,223.78,344.57,150000,7.36,41.52038,0.27618998,0.27082002,1.4875101,31.707,62399000576,84343996416,466822987776,167959003136,0.48653,0.32623002,78.445,0.812,1.003,0.66483,0.01648,2.58,14594180000,14569223952,322.2844,400.0,215.0,2.13043,41,416161000000.0,220960000000.0,195201000000.0,133050000000.0,112010000000.0,7.46,7.49,0,27601000000.0,20719000000.0,132729000000.0,144748000000.0,133050000000.0,144748000000.0,112010000000.0,11698000000.0,15004697000.0,14948500000.0,359241000000.0,285508000000.0,73733000000.0,98657000000.0,62723000000.0,35934000000.0,54697000000.0,5718000000.0,39777000000.0,49834000000.0,125848000000.0,-76014000000.0,0,0,78328000000.0,165631000000.0,147957000000.0,-17674000000.0,-14264000000.0,93568000000.0,93568000000.0,73733000000.0,73733000000.0,172390000000.0,152061000000.0,111482000000.0,98767000000.0,-12715000000.0,-15421000000.0,-90711000000.0,-120686000000.0,15195000000.0,5991000000.0,35934000000.0,29943000000.0,12863000000.0,11698000000.0,0,112010000000.0,-25000000000.0,4481000000.0,-10932000000.0,6,21,14,3,2,9,"Financial Advisors Love Warren Buffett, but They Don’t Always Agree With Him"
2026-08-07 16:20:00+00:00,311.8599853516,311.9599914551,311.7001037598,311.7001037598,210388,0.0,0.0,AAPL,苹果,Apple Inc.,USD,16,20,AAPL,305.59,4459835424768,35.044724,32.14128,1.086,0.35,1.08,0.1204,223.78,344.57,150000,7.36,41.52038,0.27618998,0.27082002,1.4875101,31.707,62399000576,84343996416,466822987776,167959003136,0.48653,0.32623002,78.445,0.812,1.003,0.66483,0.01648,2.58,14594180000,14569223952,322.2844,400.0,215.0,2.13043,41,416161000000.0,220960000000.0,195201000000.0,133050000000.0,112010000000.0,7.46,7.49,0,27601000000.0,20719000000.0,132729000000.0,144748000000.0,133050000000.0,144748000000.0,112010000000.0,11698000000.0,15004697000.0,14948500000.0,359241000000.0,285508000000.0,73733000000.0,98657000000.0,62723000000.0,35934000000.0,54697000000.0,5718000000.0,39777000000.0,49834000000.0,125848000000.0,-76014000000.0,0,0,78328000000.0,165631000000.0,147957000000.0,-17674000000.0,-14264000000.0,93568000000.0,93568000000.0,73733000000.0,73733000000.0,172390000000.0,152061000000.0,111482000000.0,98767000000.0,-12715000000.0,-15421000000.0,-90711000000.0,-120686000000.0,15195000000.0,5991000000.0,35934000000.0,29943000000.0,12863000000.0,11698000000.0,0,112010000000.0,-25000000000.0,4481000000.0,-10932000000.0,6,21,14,3,2,9,"Financial Advisors Love Warren Buffett, but They Don’t Always Agree With Him"
2026-08-07 16:25:00+00:00,311.7272033691,311.8200073242,311.5400085449,311.6900024414,148816,0.0,0.0,AAPL,苹果,Apple Inc.,USD,16,25,AAPL,305.59,4459835424768,35.044724,32.14128,1.086,0.35,1.08,0.1204,223.78,344.57,150000,7.36,41.52038,0.27618998,0.27082002,1.4875101,31.707,62399000576,84343996416,466822987776,167959003136,0.48653,0.32623002,78.445,0.812,1.003,0.66483,0.01648,2.58,14594180000,14569223952,322.2844,400.0,215.0,2.13043,41,416161000000.0,220960000000.0,195201000000.0,133050000000.0,112010000000.0,7.46,7.49,0,27601000000.0,20719000000.0,132729000000.0,144748000000.0,133050000000.0,144748000000.0,112010000000.0,11698000000.0,15004697000.0,14948500000.0,359241000000.0,285508000000.0,73733000000.0,98657000000.0,62723000000.0,35934000000.0,54697000000.0,5718000000.0,39777000000.0,49834000000.0,125848000000.0,-76014000000.0,0,0,78328000000.0,165631000000.0,147957000000.0,-17674000000.0,-14264000000.0,93568000000.0,93568000000.0,73733000000.0,73733000000.0,172390000000.0,152061000000.0,111482000000.0,98767000000.0,-12715000000.0,-15421000000.0,-90711000000.0,-120686000000.0,15195000000.0,5991000000.0,35934000000.0,29943000000.0,12863000000.0,11698000000.0,0,112010000000.0,-25000000000.0,4481000000.0,-10932000000.0,6,21,14,3,2,9,"Financial Advisors Love Warren Buffett, but They Don’t Always Agree With Him"
2026-08-07 16:30:00+00:00,311.6950073242,311.8900146484,311.6101074219,311.8900146484,154772,0.0,0.0,AAPL,苹果,Apple Inc.,USD,16,30,AAPL,305.59,4459835424768,35.044724,32.14128,1.086,0.35,1.08,0.1204,223.78,344.57,150000,7.36,41.52038,0.27618998,0.27082002,1.4875101,31.707,62399000576,84343996416,466822987776,167959003136,0.48653,0.32623002,78.445,0.812,1.003,0.66483,0.01648,2.58,14594180000,14569223952,322.2844,400.0,215.0,2.13043,41,416161000000.0,220960000000.0,195201000000.0,133050000000.0,112010000000.0,7.46,7.49,0,27601000000.0,20719000000.0,132729000000.0,144748000000.0,133050000000.0,144748000000.0,112010000000.0,11698000000.0,15004697000.0,14948500000.0,359241000000.0,285508000000.0,73733000000.0,98657000000.0,62723000000.0,35934000000.0,54697000000.0,5718000000.0,39777000000.0,49834000000.0,125848000000.0,-76014000000.0,0,0,78328000000.0,165631000000.0,147957000000.0,-17674000000.0,-14264000000.0,93568000000.0,93568000000.0,73733000000.0,73733000000.0,172390000000.0,152061000000.0,111482000000.0,98767000000.0,-12715000000.0,-15421000000.0,-90711000000.0,-120686000000.0,15195000000.0,5991000000.0,35934000000.0,29943000000.0,12863000000.0,11698000000.0,0,112010000000.0,-25000000000.0,4481000000.0,-10932000000.0,6,21,14,3,2,9,"Financial Advisors Love Warren Buffett, but They Don’t Always Agree With Him"
2026-08-07 16:35:00+00:00,311.8999938965,312.1600036621,311.8949890137,312.0700073242,216293,0.0,0.0,AAPL,苹果,Apple Inc.,USD,16,35,AAPL,305.59,4459835424768,35.044724,32.14128,1.086,0.35,1.08,0.1204,223.78,344.57,150000,7.36,41.52038,0.27618998,0.27082002,1.4875101,31.707,62399000576,84343996416,466822987776,167959003136,0.48653,0.32623002,78.445,0.812,1.003,0.66483,0.01648,2.58,14594180000,14569223952,322.2844,400.0,215.0,2.13043,41,416161000000.0,220960000000.0,195201000000.0,133050000000.0,112010000000.0,7.46,7.49,0,27601000000.0,20719000000.0,132729000000.0,144748000000.0,133050000000.0,144748000000.0,112010000000.0,11698000000.0,15004697000.0,14948500000.0,359241000000.0,285508000000.0,73733000000.0,98657000000.0,62723000000.0,35934000000.0,54697000000.0,5718000000.0,39777000000.0,49834000000.0,125848000000.0,-76014000000.0,0,0,78328000000.0,165631000000.0,147957000000.0,-17674000000.0,-14264000000.0,93568000000.0,93568000000.0,73733000000.0,73733000000.0,172390000000.0,152061000000.0,111482000000.0,98767000000.0,-12715000000.0,-15421000000.0,-90711000000.0,-120686000000.0,15195000000.0,5991000000.0,35934000000.0,29943000000.0,12863000000.0,11698000000.0,0,112010000000.0,-25000000000.0,4481000000.0,-10932000000.0,6,21,14,3,2,9,"Financial Advisors Love Warren Buffett, but They Don’t Always Agree With Him"
2026-08-07 16:40:00+00:00,312.0799865723,312.2600097656,312.0199890137,312.174987793,200593,0.0,0.0,AAPL,苹果,Apple Inc.,USD,16,40,AAPL,305.59,4459835424768,35.044724,32.14128,1.086,0.35,1.08,0.1204,223.78,344.57,150000,7.36,41.52038,0.27618998,0.27082002,1.4875101,31.707,62399000576,84343996416,466822987776,167959003136,0.48653,0.32623002,78.445,0.812,1.003,0.66483,0.01648,2.58,14594180000,14569223952,322.2844,400.0,215.0,2.13043,41,416161000000.0,220960000000.0,195201000000.0,133050000000.0,112010000000.0,7.46,7.49,0,27601000000.0,20719000000.0,132729000000.0,144748000000.0,133050000000.0,144748000000.0,112010000000.0,11698000000.0,15004697000.0,14948500000.0,359241000000.0,285508000000.0,73733000000.0,98657000000.0,62723000000.0,35934000000.0,54697000000.0,5718000000.0,39777000000.0,49834000000.0,125848000000.0,-76014000000.0,0,0,78328000000.0,165631000000.0,147957000000.0,-17674000000.0,-14264000000.0,93568000000.0,93568000000.0,73733000000.0,73733000000.0,172390000000.0,152061000000.0,111482000000.0,98767000000.0,-12715000000.0,-15421000000.0,-90711000000.0,-120686000000.0,15195000000.0,5991000000.0,35934000000.0,29943000000.0,12863000000.0,11698000000.0,0,112010000000.0,-25000000000.0,4481000000.0,-10932000000.0,6,21,14,3,2,9,"Financial Advisors Love Warren Buffett, but They Don’t Always Agree With Him"
2026-08-07 16:45:00+00:00,312.1799926758,312.4890136719,312.1300048828,312.3599853516,198546,0.0,0.0,AAPL,苹果,Apple Inc.,USD,16,45,AAPL,305.59,4459835424768,35.044724,32.14128,1.086,0.35,1.08,0.1204,223.78,344.57,150000,7.36,41.52038,0.27618998,0.27082002,1.4875101,31.707,62399000576,84343996416,466822987776,167959003136,0.48653,0.32623002,78.445,0.812,1.003,0.66483,0.01648,2.58,14594180000,14569223952,322.2844,400.0,215.0,2.13043,41,416161000000.0,220960000000.0,195201000000.0,133050000000.0,112010000000.0,7.46,7.49,0,27601000000.0,20719000000.0,132729000000.0,144748000000.0,133050000000.0,144748000000.0,112010000000.0,11698000000.0,15004697000.0,14948500000.0,359241000000.0,285508000000.0,73733000000.0,98657000000.0,62723000000.0,35934000000.0,54697000000.0,5718000000.0,39777000000.0,49834000000.0,125848000000.0,-76014000000.0,0,0,78328000000.0,165631000000.0,147957000000.0,-17674000000.0,-14264000000.0,93568000000.0,93568000000.0,73733000000.0,73733000000.0,172390000000.0,152061000000.0,111482000000.0,98767000000.0,-12715000000.0,-15421000000.0,-90711000000.0,-120686000000.0,15195000000.0,5991000000.0,35934000000.0,29943000000.0,12863000000.0,11698000000.0,0,112010000000.0,-25000000000.0,4481000000.0,-10932000000.0,6,21,14,3,2,9,"Financial Advisors Love Warren Buffett, but They Don’t Always Agree With Him"
2026-08-07 16:50:00+00:00,312.3550109863,312.3900146484,312.1199951172,312.2200012207,176262,0.0,0.0,AAPL,苹果,Apple Inc.,USD,16,50,AAPL,305.59,4459835424768,35.044724,32.14128,1.086,0.35,1.08,0.1204,223.78,344.57,150000,7.36,41.52038,0.27618998,0.27082002,1.4875101,31.707,62399000576,84343996416,466822987776,167959003136,0.48653,0.32623002,78.445,0.812,1.003,0.66483,0.01648,2.58,14594180000,14569223952,322.2844,400.0,215.0,2.13043,41,416161000000.0,220960000000.0,195201000000.0,133050000000.0,112010000000.0,7.46,7.49,0,27601000000.0,20719000000.0,132729000000.0,144748000000.0,133050000000.0,144748000000.0,112010000000.0,11698000000.0,15004697000.0,14948500000.0,359241000000.0,285508000000.0,73733000000.0,98657000000.0,62723000000.0,35934000000.0,54697000000.0,5718000000.0,39777000000.0,49834000000.0,125848000000.0,-76014000000.0,0,0,78328000000.0,165631000000.0,147957000000.0,-17674000000.0,-14264000000.0,93568000000.0,93568000000.0,73733000000.0,73733000000.0,172390000000.0,152061000000.0,111482000000.0,98767000000.0,-12715000000.0,-15421000000.0,-90711000000.0,-120686000000.0,15195000000.0,5991000000.0,35934000000.0,29943000000.0,12863000000.0,11698000000.0,0,112010000000.0,-25000000000.0,4481000000.0,-10932000000.0,6,21,14,3,2,9,"Financial Advisors Love Warren Buffett, but They Don’t Always Agree With Him"
2026-08-07 16:55:00+00:00,312.2149963379,312.299987793,312.1271972656,312.2200012207,124223,0.0,0.0,AAPL,苹果,Apple Inc.,USD,16,55,AAPL,305.59,4459835424768,35.044724,32.14128,1.086,0.35,1.08,0.1204,223.78,344.57,150000,7.36,41.52038,0.27618998,0.27082002,1.4875101,31.707,62399000576,84343996416,466822987776,167959003136,0.48653,0.32623002,78.445,0.812,1.003,0.66483,0.01648,2.58,14594180000,14569223952,322.2844,400.0,215.0,2.13043,41,416161000000.0,220960000000.0,195201000000.0,133050000000.0,112010000000.0,7.46,7.49,0,27601000000.0,20719000000.0,132729000000.0,144748000000.0,133050000000.0,144748000000.0,112010000000.0,11698000000.0,15004697000.0,14948500000.0,359241000000.0,285508000000.0,73733000000.0,98657000000.0,62723000000.0,35934000000.0,54697000000.0,5718000000.0,39777000000.0,49834000000.0,125848000000.0,-76014000000.0,0,0,78328000000.0,165631000000.0,147957000000.0,-17674000000.0,-14264000000.0,93568000000.0,93568000000.0,73733000000.0,73733000000.0,172390000000.0,152061000000.0,111482000000.0,98767000000.0,-12715000000.0,-15421000000.0,-90711000000.0,-120686000000.0,15195000000.0,5991000000.0,35934000000.0,29943000000.0,12863000000.0,11698000000.0,0,112010000000.0,-25000000000.0,4481000000.0,-10932000000.0,6,21,14,3,2,9,"Financial Advisors Love Warren Buffett, but They Don’t Always Agree With Him"
2026-08-07 17:00:00+00:00,312.2250061035,312.4800109863,312.1799926758,312.424987793,163459,0.0,0.0,AAPL,苹果,Apple Inc.,USD,17,0,AAPL,305.59,4459835424768,35.044724,32.14128,1.086,0.35,1.08,0.1204,223.78,344.57,150000,7.36,41.52038,0.27618998,0.27082002,1.4875101,31.707,62399000576,84343996416,466822987776,167959003136,0.48653,0.32623002,78.445,0.812,1.003,0.66483,0.01648,2.58,14594180000,14569223952,322.2844,400.0,215.0,2.13043,41,416161000000.0,220960000000.0,195201000000.0,133050000000.0,112010000000.0,7.46,7.49,0,27601000000.0,20719000000.0,132729000000.0,144748000000.0,133050000000.0,144748000000.0,112010000000.0,11698000000.0,15004697000.0,14948500000.0,359241000000.0,285508000000.0,73733000000.0,98657000000.0,62723000000.0,35934000000.0,54697000000.0,5718000000.0,39777000000.0,49834000000.0,125848000000.0,-76014000000.0,0,0,78328000000.0,165631000000.0,147957000000.0,-17674000000.0,-14264000000.0,93568000000.0,93568000000.0,73733000000.0,73733000000.0,172390000000.0,152061000000.0,111482000000.0,98767000000.0,-12715000000.0,-15421000000.0,-90711000000.0,-120686000000.0,15195000000.0,5991000000.0,35934000000.0,29943000000.0,12863000000.0,11698000000.0,0,112010000000.0,-25000000000.0,4481000000.0,-10932000000.0,6,21,14,3,2,9,"Financial Advisors Love Warren Buffett, but They Don’t Always Agree With Him"
2026-08-07 17:05:00+00:00,312.424987793,312.5299987793,312.2600097656,312.3399963379,170059,0.0,0.0,AAPL,苹果,Apple Inc.,USD,17,5,AAPL,305.59,4459835424768,35.044724,32.14128,1.086,0.35,1.08,0.1204,223.78,344.57,150000,7.36,41.52038,0.27618998,0.27082002,1.4875101,31.707,62399000576,84343996416,466822987776,167959003136,0.48653,0.32623002,78.445,0.812,1.003,0.66483,0.01648,2.58,14594180000,14569223952,322.2844,400.0,215.0,2.13043,41,416161000000.0,220960000000.0,195201000000.0,133050000000.0,112010000000.0,7.46,7.49,0,27601000000.0,20719000000.0,132729000000.0,144748000000.0,133050000000.0,144748000000.0,112010000000.0,11698000000.0,15004697000.0,14948500000.0,359241000000.0,285508000000.0,73733000000.0,98657000000.0,62723000000.0,35934000000.0,54697000000.0,5718000000.0,39777000000.0,49834000000.0,125848000000.0,-76014000000.0,0,0,78328000000.0,165631000000.0,147957000000.0,-17674000000.0,-14264000000.0,93568000000.0,93568000000.0,73733000000.0,73733000000.0,172390000000.0,152061000000.0,111482000000.0,98767000000.0,-12715000000.0,-15421000000.0,-90711000000.0,-120686000000.0,15195000000.0,5991000000.0,35934000000.0,29943000000.0,12863000000.0,11698000000.0,0,112010000000.0,-25000000000.0,4481000000.0,-10932000000.0,6,21,14,3,2,9,"Financial Advisors Love Warren Buffett, but They Don’t Always Agree With Him"
2026-08-07 17:10:00+00:00,312.325012207,312.5599975586,312.2799987793,312.4700012207,208580,0.0,0.0,AAPL,苹果,Apple Inc.,USD,17,10,AAPL,305.59,4459835424768,35.044724,32.14128,1.086,0.35,1.08,0.1204,223.78,344.57,150000,7.36,41.52038,0.27618998,0.27082002,1.4875101,31.707,62399000576,84343996416,466822987776,167959003136,0.48653,0.32623002,78.445,0.812,1.003,0.66483,0.01648,2.58,14594180000,14569223952,322.2844,400.0,215.0,2.13043,41,416161000000.0,220960000000.0,195201000000.0,133050000000.0,112010000000.0,7.46,7.49,0,27601000000.0,20719000000.0,132729000000.0,144748000000.0,133050000000.0,144748000000.0,112010000000.0,11698000000.0,15004697000.0,14948500000.0,359241000000.0,285508000000.0,73733000000.0,98657000000.0,62723000000.0,35934000000.0,54697000000.0,5718000000.0,39777000000.0,49834000000.0,125848000000.0,-76014000000.0,0,0,78328000000.0,165631000000.0,147957000000.0,-17674000000.0,-14264000000.0,93568000000.0,93568000000.0,73733000000.0,73733000000.0,172390000000.0,152061000000.0,111482000000.0,98767000000.0,-12715000000.0,-15421000000.0,-90711000000.0,-120686000000.0,15195000000.0,5991000000.0,35934000000.0,29943000000.0,12863000000.0,11698000000.0,0,112010000000.0,-25000000000.0,4481000000.0,-10932000000.0,6,21,14,3,2,9,"Financial Advisors Love Warren Buffett, but They Don’t Always Agree With Him"
2026-08-07 17:15:00+00:00,312.4700012207,312.6549987793,312.2950134277,312.6022949219,204125,0.0,0.0,AAPL,苹果,Apple Inc.,USD,17,15,AAPL,305.59,4459835424768,35.044724,32.14128,1.086,0.35,1.08,0.1204,223.78,344.57,150000,7.36,41.52038,0.27618998,0.27082002,1.4875101,31.707,62399000576,84343996416,466822987776,167959003136,0.48653,0.32623002,78.445,0.812,1.003,0.66483,0.01648,2.58,14594180000,14569223952,322.2844,400.0,215.0,2.13043,41,416161000000.0,220960000000.0,195201000000.0,133050000000.0,112010000000.0,7.46,7.49,0,27601000000.0,20719000000.0,132729000000.0,144748000000.0,133050000000.0,144748000000.0,112010000000.0,11698000000.0,15004697000.0,14948500000.0,359241000000.0,285508000000.0,73733000000.0,98657000000.0,62723000000.0,35934000000.0,54697000000.0,5718000000.0,39777000000.0,49834000000.0,125848000000.0,-76014000000.0,0,0,78328000000.0,165631000000.0,147957000000.0,-17674000000.0,-14264000000.0,93568000000.0,93568000000.0,73733000000.0,73733000000.0,172390000000.0,152061000000.0,111482000000.0,98767000000.0,-12715000000.0,-15421000000.0,-90711000000.0,-120686000000.0,15195000000.0,5991000000.0,35934000000.0,29943000000.0,12863000000.0,11698000000.0,0,112010000000.0,-25000000000.0,4481000000.0,-10932000000.0,6,21,14,3,2,9,"Financial Advisors Love Warren Buffett, but They Don’t Always Agree With Him"
2026-08-07 17:20:00+00:00,312.6099853516,312.9032897949,312.6099853516,312.8273925781,185440,0.0,0.0,AAPL,苹果,Apple Inc.,USD,17,20,AAPL,305.59,4459835424768,35.044724,32.14128,1.086,0.35,1.08,0.1204,223.78,344.57,150000,7.36,41.52038,0.27618998,0.27082002,1.4875101,31.707,62399000576,84343996416,466822987776,167959003136,0.48653,0.32623002,78.445,0.812,1.003,0.66483,0.01648,2.58,14594180000,14569223952,322.2844,400.0,215.0,2.13043,41,416161000000.0,220960000000.0,195201000000.0,133050000000.0,112010000000.0,7.46,7.49,0,27601000000.0,20719000000.0,132729000000.0,144748000000.0,133050000000.0,144748000000.0,112010000000.0,11698000000.0,15004697000.0,14948500000.0,359241000000.0,285508000000.0,73733000000.0,98657000000.0,62723000000.0,35934000000.0,54697000000.0,5718000000.0,39777000000.0,49834000000.0,125848000000.0,-76014000000.0,0,0,78328000000.0,165631000000.0,147957000000.0,-17674000000.0,-14264000000.0,93568000000.0,93568000000.0,73733000000.0,73733000000.0,172390000000.0,152061000000.0,111482000000.0,98767000000.0,-12715000000.0,-15421000000.0,-90711000000.0,-120686000000.0,15195000000.0,5991000000.0,35934000000.0,29943000000.0,12863000000.0,11698000000.0,0,112010000000.0,-25000000000.0,4481000000.0,-10932000000.0,6,21,14,3,2,9,"Financial Advisors Love Warren Buffett, but They Don’t Always Agree With Him"
2026-08-07 17:25:00+00:00,312.825012207,312.8399047852,312.6700134277,312.7399902344,171222,0.0,0.0,AAPL,苹果,Apple Inc.,USD,17,25,AAPL,305.59,4459835424768,35.044724,32.14128,1.086,0.35,1.08,0.1204,223.78,344.57,150000,7.36,41.52038,0.27618998,0.27082002,1.4875101,31.707,62399000576,84343996416,466822987776,167959003136,0.48653,0.32623002,78.445,0.812,1.003,0.66483,0.01648,2.58,14594180000,14569223952,322.2844,400.0,215.0,2.13043,41,416161000000.0,220960000000.0,195201000000.0,133050000000.0,112010000000.0,7.46,7.49,0,27601000000.0,20719000000.0,132729000000.0,144748000000.0,133050000000.0,144748000000.0,112010000000.0,11698000000.0,15004697000.0,14948500000.0,359241000000.0,285508000000.0,73733000000.0,98657000000.0,62723000000.0,35934000000.0,54697000000.0,5718000000.0,39777000000.0,49834000000.0,125848000000.0,-76014000000.0,0,0,78328000000.0,165631000000.0,147957000000.0,-17674000000.0,-14264000000.0,93568000000.0,93568000000.0,73733000000.0,73733000000.0,172390000000.0,152061000000.0,111482000000.0,98767000000.0,-12715000000.0,-15421000000.0,-90711000000.0,-120686000000.0,15195000000.0,5991000000.0,35934000000.0,29943000000.0,12863000000.0,11698000000.0,0,112010000000.0,-25000000000.0,4481000000.0,-10932000000.0,6,21,14,3,2,9,"Financial Advisors Love Warren Buffett, but They Don’t Always Agree With Him"
2026-08-07 17:30:00+00:00,312.7399902344,312.8800048828,312.6700134277,312.7200012207,156310,0.0,0.0,AAPL,苹果,Apple Inc.,USD,17,30,AAPL,305.59,4459835424768,35.044724,32.14128,1.086,0.35,1.08,0.1204,223.78,344.57,150000,7.36,41.52038,0.27618998,0.27082002,1.4875101,31.707,62399000576,84343996416,466822987776,167959003136,0.48653,0.32623002,78.445,0.812,1.003,0.66483,0.01648,2.58,14594180000,14569223952,322.2844,400.0,215.0,2.13043,41,416161000000.0,220960000000.0,195201000000.0,133050000000.0,112010000000.0,7.46,7.49,0,27601000000.0,20719000000.0,132729000000.0,144748000000.0,133050000000.0,144748000000.0,112010000000.0,11698000000.0,15004697000.0,14948500000.0,359241000000.0,285508000000.0,73733000000.0,98657000000.0,62723000000.0,35934000000.0,54697000000.0,5718000000.0,39777000000.0,49834000000.0,125848000000.0,-76014000000.0,0,0,78328000000.0,165631000000.0,147957000000.0,-17674000000.0,-14264000000.0,93568000000.0,93568000000.0,73733000000.0,73733000000.0,172390000000.0,152061000000.0,111482000000.0,98767000000.0,-12715000000.0,-15421000000.0,-90711000000.0,-120686000000.0,15195000000.0,5991000000.0,35934000000.0,29943000000.0,12863000000.0,11698000000.0,0,112010000000.0,-25000000000.0,4481000000.0,-10932000000.0,6,21,14,3,2,9,"Financial Advisors Love Warren Buffett, but They Don’t Always Agree With Him"
2026-08-07 17:35:00+00:00,312.7149963379,313.0650024414,312.5899963379,312.9800109863,226218,0.0,0.0,AAPL,苹果,Apple Inc.,USD,17,35,AAPL,305.59,4459835424768,35.044724,32.14128,1.086,0.35,1.08,0.1204,223.78,344.57,150000,7.36,41.52038,0.27618998,0.27082002,1.4875101,31.707,62399000576,84343996416,466822987776,167959003136,0.48653,0.32623002,78.445,0.812,1.003,0.66483,0.01648,2.58,14594180000,14569223952,322.2844,400.0,215.0,2.13043,41,416161000000.0,220960000000.0,195201000000.0,133050000000.0,112010000000.0,7.46,7.49,0,27601000000.0,20719000000.0,132729000000.0,144748000000.0,133050000000.0,144748000000.0,112010000000.0,11698000000.0,15004697000.0,14948500000.0,359241000000.0,285508000000.0,73733000000.0,98657000000.0,62723000000.0,35934000000.0,54697000000.0,5718000000.0,39777000000.0,49834000000.0,125848000000.0,-76014000000.0,0,0,78328000000.0,165631000000.0,147957000000.0,-17674000000.0,-14264000000.0,93568000000.0,93568000000.0,73733000000.0,73733000000.0,172390000000.0,152061000000.0,111482000000.0,98767000000.0,-12715000000.0,-15421000000.0,-90711000000.0,-120686000000.0,15195000000.0,5991000000.0,35934000000.0,29943000000.0,12863000000.0,11698000000.0,0,112010000000.0,-25000000000.0,4481000000.0,-10932000000.0,6,21,14,3,2,9,"Financial Advisors Love Warren Buffett, but They Don’t Always Agree With Him"
2026-08-07 17:40:00+00:00,312.9899902344,313.0733947754,312.8399963379,312.9917907715,125749,0.0,0.0,AAPL,苹果,Apple Inc.,USD,17,40,AAPL,305.59,4459835424768,35.044724,32.14128,1.086,0.35,1.08,0.1204,223.78,344.57,150000,7.36,41.52038,0.27618998,0.27082002,1.4875101,31.707,62399000576,84343996416,466822987776,167959003136,0.48653,0.32623002,78.445,0.812,1.003,0.66483,0.01648,2.58,14594180000,14569223952,322.2844,400.0,215.0,2.13043,41,416161000000.0,220960000000.0,195201000000.0,133050000000.0,112010000000.0,7.46,7.49,0,27601000000.0,20719000000.0,132729000000.0,144748000000.0,133050000000.0,144748000000.0,112010000000.0,11698000000.0,15004697000.0,14948500000.0,359241000000.0,285508000000.0,73733000000.0,98657000000.0,62723000000.0,35934000000.0,54697000000.0,5718000000.0,39777000000.0,49834000000.0,125848000000.0,-76014000000.0,0,0,78328000000.0,165631000000.0,147957000000.0,-17674000000.0,-14264000000.0,93568000000.0,93568000000.0,73733000000.0,73733000000.0,172390000000.0,152061000000.0,111482000000.0,98767000000.0,-12715000000.0,-15421000000.0,-90711000000.0,-120686000000.0,15195000000.0,5991000000.0,35934000000.0,29943000000.0,12863000000.0,11698000000.0,0,112010000000.0,-25000000000.0,4481000000.0,-10932000000.0,6,21,14,3,2,9,"Financial Advisors Love Warren Buffett, but They Don’t Always Agree With Him"
2026-08-07 17:45:00+00:00,313.0,313.1700134277,312.9700012207,313.1199951172,165755,0.0,0.0,AAPL,苹果,Apple Inc.,USD,17,45,AAPL,305.59,4459835424768,35.044724,32.14128,1.086,0.35,1.08,0.1204,223.78,344.57,150000,7.36,41.52038,0.27618998,0.27082002,1.4875101,31.707,62399000576,84343996416,466822987776,167959003136,0.48653,0.32623002,78.445,0.812,1.003,0.66483,0.01648,2.58,14594180000,14569223952,322.2844,400.0,215.0,2.13043,41,416161000000.0,220960000000.0,195201000000.0,133050000000.0,112010000000.0,7.46,7.49,0,27601000000.0,20719000000.0,132729000000.0,144748000000.0,133050000000.0,144748000000.0,112010000000.0,11698000000.0,15004697000.0,14948500000.0,359241000000.0,285508000000.0,73733000000.0,98657000000.0,62723000000.0,35934000000.0,54697000000.0,5718000000.0,39777000000.0,49834000000.0,125848000000.0,-76014000000.0,0,0,78328000000.0,165631000000.0,147957000000.0,-17674000000.0,-14264000000.0,93568000000.0,93568000000.0,73733000000.0,73733000000.0,172390000000.0,152061000000.0,111482000000.0,98767000000.0,-12715000000.0,-15421000000.0,-90711000000.0,-120686000000.0,15195000000.0,5991000000.0,35934000000.0,29943000000.0,12863000000.0,11698000000.0,0,112010000000.0,-25000000000.0,4481000000.0,-10932000000.0,6,21,14,3,2,9,"Financial Advisors Love Warren Buffett, but They Don’t Always Agree With Him"
2026-08-07 17:50:00+00:00,313.1099853516,313.25,312.9100036621,313.0,275921,0.0,0.0,AAPL,苹果,Apple Inc.,USD,17,50,AAPL,305.59,4459835424768,35.044724,32.14128,1.086,0.35,1.08,0.1204,223.78,344.57,150000,7.36,41.52038,0.27618998,0.27082002,1.4875101,31.707,62399000576,84343996416,466822987776,167959003136,0.48653,0.32623002,78.445,0.812,1.003,0.66483,0.01648,2.58,14594180000,14569223952,322.2844,400.0,215.0,2.13043,41,416161000000.0,220960000000.0,195201000000.0,133050000000.0,112010000000.0,7.46,7.49,0,27601000000.0,20719000000.0,132729000000.0,144748000000.0,133050000000.0,144748000000.0,112010000000.0,11698000000.0,15004697000.0,14948500000.0,359241000000.0,285508000000.0,73733000000.0,98657000000.0,62723000000.0,35934000000.0,54697000000.0,5718000000.0,39777000000.0,49834000000.0,125848000000.0,-76014000000.0,0,0,78328000000.0,165631000000.0,147957000000.0,-17674000000.0,-14264000000.0,93568000000.0,93568000000.0,73733000000.0,73733000000.0,172390000000.0,152061000000.0,111482000000.0,98767000000.0,-12715000000.0,-15421000000.0,-90711000000.0,-120686000000.0,15195000000.0,5991000000.0,35934000000.0,29943000000.0,12863000000.0,11698000000.0,0,112010000000.0,-25000000000.0,4481000000.0,-10932000000.0,6,21,14,3,2,9,"Financial Advisors Love Warren Buffett, but They Don’t Always Agree With Him"
2026-08-07 17:55:00+00:00,313.0,313.1700134277,312.9100952148,312.9800109863,182863,0.0,0.0,AAPL,苹果,Apple Inc.,USD,17,55,AAPL,305.59,4459835424768,35.044724,32.14128,1.086,0.35,1.08,0.1204,223.78,344.57,150000,7.36,41.52038,0.27618998,0.27082002,1.4875101,31.707,62399000576,84343996416,466822987776,167959003136,0.48653,0.32623002,78.445,0.812,1.003,0.66483,0.01648,2.58,14594180000,14569223952,322.2844,400.0,215.0,2.13043,41,416161000000.0,220960000000.0,195201000000.0,133050000000.0,112010000000.0,7.46,7.49,0,27601000000.0,20719000000.0,132729000000.0,144748000000.0,133050000000.0,144748000000.0,112010000000.0,11698000000.0,15004697000.0,14948500000.0,359241000000.0,285508000000.0,73733000000.0,98657000000.0,62723000000.0,35934000000.0,54697000000.0,5718000000.0,39777000000.0,49834000000.0,125848000000.0,-76014000000.0,0,0,78328000000.0,165631000000.0,147957000000.0,-17674000000.0,-14264000000.0,93568000000.0,93568000000.0,73733000000.0,73733000000.0,172390000000.0,152061000000.0,111482000000.0,98767000000.0,-12715000000.0,-15421000000.0,-90711000000.0,-120686000000.0,15195000000.0,5991000000.0,35934000000.0,29943000000.0,12863000000.0,11698000000.0,0,112010000000.0,-25000000000.0,4481000000.0,-10932000000.0,6,21,14,3,2,9,"Financial Advisors Love Warren Buffett, but They Don’t Always Agree With Him"
2026-08-07 18:00:00+00:00,312.9849853516,313.0599975586,312.5700073242,312.7900085449,278343,0.0,0.0,AAPL,苹果,Apple Inc.,USD,18,0,AAPL,305.59,4459835424768,35.044724,32.14128,1.086,0.35,1.08,0.1204,223.78,344.57,150000,7.36,41.52038,0.27618998,0.27082002,1.4875101,31.707,62399000576,84343996416,466822987776,167959003136,0.48653,0.32623002,78.445,0.812,1.003,0.66483,0.01648,2.58,14594180000,14569223952,322.2844,400.0,215.0,2.13043,41,416161000000.0,220960000000.0,195201000000.0,133050000000.0,112010000000.0,7.46,7.49,0,27601000000.0,20719000000.0,132729000000.0,144748000000.0,133050000000.0,144748000000.0,112010000000.0,11698000000.0,15004697000.0,14948500000.0,359241000000.0,285508000000.0,73733000000.0,98657000000.0,62723000000.0,35934000000.0,54697000000.0,5718000000.0,39777000000.0,49834000000.0,125848000000.0,-76014000000.0,0,0,78328000000.0,165631000000.0,147957000000.0,-17674000000.0,-14264000000.0,93568000000.0,93568000000.0,73733000000.0,73733000000.0,172390000000.0,152061000000.0,111482000000.0,98767000000.0,-12715000000.0,-15421000000.0,-90711000000.0,-120686000000.0,15195000000.0,5991000000.0,35934000000.0,29943000000.0,12863000000.0,11698000000.0,0,112010000000.0,-25000000000.0,4481000000.0,-10932000000.0,6,21,14,3,2,9,"Financial Advisors Love Warren Buffett, but They Don’t Always Agree With Him"
2026-08-07 18:05:00+00:00,312.799987793,312.8399963379,312.4800109863,312.5,199998,0.0,0.0,AAPL,苹果,Apple Inc.,USD,18,5,AAPL,305.59,4459835424768,35.044724,32.14128,1.086,0.35,1.08,0.1204,223.78,344.57,150000,7.36,41.52038,0.27618998,0.27082002,1.4875101,31.707,62399000576,84343996416,466822987776,167959003136,0.48653,0.32623002,78.445,0.812,1.003,0.66483,0.01648,2.58,14594180000,14569223952,322.2844,400.0,215.0,2.13043,41,416161000000.0,220960000000.0,195201000000.0,133050000000.0,112010000000.0,7.46,7.49,0,27601000000.0,20719000000.0,132729000000.0,144748000000.0,133050000000.0,144748000000.0,112010000000.0,11698000000.0,15004697000.0,14948500000.0,359241000000.0,285508000000.0,73733000000.0,98657000000.0,62723000000.0,35934000000.0,54697000000.0,5718000000.0,39777000000.0,49834000000.0,125848000000.0,-76014000000.0,0,0,78328000000.0,165631000000.0,147957000000.0,-17674000000.0,-14264000000.0,93568000000.0,93568000000.0,73733000000.0,73733000000.0,172390000000.0,152061000000.0,111482000000.0,98767000000.0,-12715000000.0,-15421000000.0,-90711000000.0,-120686000000.0,15195000000.0,5991000000.0,35934000000.0,29943000000.0,12863000000.0,11698000000.0,0,112010000000.0,-25000000000.0,4481000000.0,-10932000000.0,6,21,14,3,2,9,"Financial Advisors Love Warren Buffett, but They Don’t Always Agree With Him"
2026-08-07 18:10:00+00:00,312.4899902344,312.7449951172,312.2799987793,312.3818054199,190225,0.0,0.0,AAPL,苹果,Apple Inc.,USD,18,10,AAPL,305.59,4459835424768,35.044724,32.14128,1.086,0.35,1.08,0.1204,223.78,344.57,150000,7.36,41.52038,0.27618998,0.27082002,1.4875101,31.707,62399000576,84343996416,466822987776,167959003136,0.48653,0.32623002,78.445,0.812,1.003,0.66483,0.01648,2.58,14594180000,14569223952,322.2844,400.0,215.0,2.13043,41,416161000000.0,220960000000.0,195201000000.0,133050000000.0,112010000000.0,7.46,7.49,0,27601000000.0,20719000000.0,132729000000.0,144748000000.0,133050000000.0,144748000000.0,112010000000.0,11698000000.0,15004697000.0,14948500000.0,359241000000.0,285508000000.0,73733000000.0,98657000000.0,62723000000.0,35934000000.0,54697000000.0,5718000000.0,39777000000.0,49834000000.0,125848000000.0,-76014000000.0,0,0,78328000000.0,165631000000.0,147957000000.0,-17674000000.0,-14264000000.0,93568000000.0,93568000000.0,73733000000.0,73733000000.0,172390000000.0,152061000000.0,111482000000.0,98767000000.0,-12715000000.0,-15421000000.0,-90711000000.0,-120686000000.0,15195000000.0,5991000000.0,35934000000.0,29943000000.0,12863000000.0,11698000000.0,0,112010000000.0,-25000000000.0,4481000000.0,-10932000000.0,6,21,14,3,2,9,"Financial Advisors Love Warren Buffett, but They Don’t Always Agree With Him"
2026-08-07 18:15:00+00:00,312.3699951172,312.3999938965,312.0599975586,312.2699890137,223192,0.0,0.0,AAPL,苹果,Apple Inc.,USD,18,15,AAPL,305.59,4459835424768,35.044724,32.14128,1.086,0.35,1.08,0.1204,223.78,344.57,150000,7.36,41.52038,0.27618998,0.27082002,1.4875101,31.707,62399000576,84343996416,466822987776,167959003136,0.48653,0.32623002,78.445,0.812,1.003,0.66483,0.01648,2.58,14594180000,14569223952,322.2844,400.0,215.0,2.13043,41,416161000000.0,220960000000.0,195201000000.0,133050000000.0,112010000000.0,7.46,7.49,0,27601000000.0,20719000000.0,132729000000.0,144748000000.0,133050000000.0,144748000000.0,112010000000.0,11698000000.0,15004697000.0,14948500000.0,359241000000.0,285508000000.0,73733000000.0,98657000000.0,62723000000.0,35934000000.0,54697000000.0,5718000000.0,39777000000.0,49834000000.0,125848000000.0,-76014000000.0,0,0,78328000000.0,165631000000.0,147957000000.0,-17674000000.0,-14264000000.0,93568000000.0,93568000000.0,73733000000.0,73733000000.0,172390000000.0,152061000000.0,111482000000.0,98767000000.0,-12715000000.0,-15421000000.0,-90711000000.0,-120686000000.0,15195000000.0,5991000000.0,35934000000.0,29943000000.0,12863000000.0,11698000000.0,0,112010000000.0,-25000000000.0,4481000000.0,-10932000000.0,6,21,14,3,2,9,"Financial Advisors Love Warren Buffett, but They Don’t Always Agree With Him"
2026-08-07 18:20:00+00:00,312.25,312.3649902344,312.0700073242,312.1000061035,144538,0.0,0.0,AAPL,苹果,Apple Inc.,USD,18,20,AAPL,305.59,4459835424768,35.044724,32.14128,1.086,0.35,1.08,0.1204,223.78,344.57,150000,7.36,41.52038,0.27618998,0.27082002,1.4875101,31.707,62399000576,84343996416,466822987776,167959003136,0.48653,0.32623002,78.445,0.812,1.003,0.66483,0.01648,2.58,14594180000,14569223952,322.2844,400.0,215.0,2.13043,41,416161000000.0,220960000000.0,195201000000.0,133050000000.0,112010000000.0,7.46,7.49,0,27601000000.0,20719000000.0,132729000000.0,144748000000.0,133050000000.0,144748000000.0,112010000000.0,11698000000.0,15004697000.0,14948500000.0,359241000000.0,285508000000.0,73733000000.0,98657000000.0,62723000000.0,35934000000.0,54697000000.0,5718000000.0,39777000000.0,49834000000.0,125848000000.0,-76014000000.0,0,0,78328000000.0,165631000000.0,147957000000.0,-17674000000.0,-14264000000.0,93568000000.0,93568000000.0,73733000000.0,73733000000.0,172390000000.0,152061000000.0,111482000000.0,98767000000.0,-12715000000.0,-15421000000.0,-90711000000.0,-120686000000.0,15195000000.0,5991000000.0,35934000000.0,29943000000.0,12863000000.0,11698000000.0,0,112010000000.0,-25000000000.0,4481000000.0,-10932000000.0,6,21,14,3,2,9,"Financial Advisors Love Warren Buffett, but They Don’t Always Agree With Him"
2026-08-07 18:25:00+00:00,312.1000061035,312.1600036621,311.8200073242,311.9190063477,197292,0.0,0.0,AAPL,苹果,Apple Inc.,USD,18,25,AAPL,305.59,4459835424768,35.044724,32.14128,1.086,0.35,1.08,0.1204,223.78,344.57,150000,7.36,41.52038,0.27618998,0.27082002,1.4875101,31.707,62399000576,84343996416,466822987776,167959003136,0.48653,0.32623002,78.445,0.812,1.003,0.66483,0.01648,2.58,14594180000,14569223952,322.2844,400.0,215.0,2.13043,41,416161000000.0,220960000000.0,195201000000.0,133050000000.0,112010000000.0,7.46,7.49,0,27601000000.0,20719000000.0,132729000000.0,144748000000.0,133050000000.0,144748000000.0,112010000000.0,11698000000.0,15004697000.0,14948500000.0,359241000000.0,285508000000.0,73733000000.0,98657000000.0,62723000000.0,35934000000.0,54697000000.0,5718000000.0,39777000000.0,49834000000.0,125848000000.0,-76014000000.0,0,0,78328000000.0,165631000000.0,147957000000.0,-17674000000.0,-14264000000.0,93568000000.0,93568000000.0,73733000000.0,73733000000.0,172390000000.0,152061000000.0,111482000000.0,98767000000.0,-12715000000.0,-15421000000.0,-90711000000.0,-120686000000.0,15195000000.0,5991000000.0,35934000000.0,29943000000.0,12863000000.0,11698000000.0,0,112010000000.0,-25000000000.0,4481000000.0,-10932000000.0,6,21,14,3,2,9,"Financial Advisors Love Warren Buffett, but They Don’t Always Agree With Him"
2026-08-07 18:30:00+00:00,311.9100952148,311.9999084473,311.6799926758,311.825012207,172241,0.0,0.0,AAPL,苹果,Apple Inc.,USD,18,30,AAPL,305.59,4459835424768,35.044724,32.14128,1.086,0.35,1.08,0.1204,223.78,344.57,150000,7.36,41.52038,0.27618998,0.27082002,1.4875101,31.707,62399000576,84343996416,466822987776,167959003136,0.48653,0.32623002,78.445,0.812,1.003,0.66483,0.01648,2.58,14594180000,14569223952,322.2844,400.0,215.0,2.13043,41,416161000000.0,220960000000.0,195201000000.0,133050000000.0,112010000000.0,7.46,7.49,0,27601000000.0,20719000000.0,132729000000.0,144748000000.0,133050000000.0,144748000000.0,112010000000.0,11698000000.0,15004697000.0,14948500000.0,359241000000.0,285508000000.0,73733000000.0,98657000000.0,62723000000.0,35934000000.0,54697000000.0,5718000000.0,39777000000.0,49834000000.0,125848000000.0,-76014000000.0,0,0,78328000000.0,165631000000.0,147957000000.0,-17674000000.0,-14264000000.0,93568000000.0,93568000000.0,73733000000.0,73733000000.0,172390000000.0,152061000000.0,111482000000.0,98767000000.0,-12715000000.0,-15421000000.0,-90711000000.0,-120686000000.0,15195000000.0,5991000000.0,35934000000.0,29943000000.0,12863000000.0,11698000000.0,0,112010000000.0,-25000000000.0,4481000000.0,-10932000000.0,6,21,14,3,2,9,"Financial Advisors Love Warren Buffett, but They Don’t Always Agree With Him"
2026-08-07 18:35:00+00:00,311.825012207,311.9700012207,311.8150024414,311.9299926758,128814,0.0,0.0,AAPL,苹果,Apple Inc.,USD,18,35,AAPL,305.59,4459835424768,35.044724,32.14128,1.086,0.35,1.08,0.1204,223.78,344.57,150000,7.36,41.52038,0.27618998,0.27082002,1.4875101,31.707,62399000576,84343996416,466822987776,167959003136,0.48653,0.32623002,78.445,0.812,1.003,0.66483,0.01648,2.58,14594180000,14569223952,322.2844,400.0,215.0,2.13043,41,416161000000.0,220960000000.0,195201000000.0,133050000000.0,112010000000.0,7.46,7.49,0,27601000000.0,20719000000.0,132729000000.0,144748000000.0,133050000000.0,144748000000.0,112010000000.0,11698000000.0,15004697000.0,14948500000.0,359241000000.0,285508000000.0,73733000000.0,98657000000.0,62723000000.0,35934000000.0,54697000000.0,5718000000.0,39777000000.0,49834000000.0,125848000000.0,-76014000000.0,0,0,78328000000.0,165631000000.0,147957000000.0,-17674000000.0,-14264000000.0,93568000000.0,93568000000.0,73733000000.0,73733000000.0,172390000000.0,152061000000.0,111482000000.0,98767000000.0,-12715000000.0,-15421000000.0,-90711000000.0,-120686000000.0,15195000000.0,5991000000.0,35934000000.0,29943000000.0,12863000000.0,11698000000.0,0,112010000000.0,-25000000000.0,4481000000.0,-10932000000.0,6,21,14,3,2,9,"Financial Advisors Love Warren Buffett, but They Don’t Always Agree With Him"
2026-08-07 18:40:00+00:00,311.9299926758,312.049987793,311.8200073242,311.8900146484,202644,0.0,0.0,AAPL,苹果,Apple Inc.,USD,18,40,AAPL,305.59,4459835424768,35.044724,32.14128,1.086,0.35,1.08,0.1204,223.78,344.57,150000,7.36,41.52038,0.27618998,0.27082002,1.4875101,31.707,62399000576,84343996416,466822987776,167959003136,0.48653,0.32623002,78.445,0.812,1.003,0.66483,0.01648,2.58,14594180000,14569223952,322.2844,400.0,215.0,2.13043,41,416161000000.0,220960000000.0,195201000000.0,133050000000.0,112010000000.0,7.46,7.49,0,27601000000.0,20719000000.0,132729000000.0,144748000000.0,133050000000.0,144748000000.0,112010000000.0,11698000000.0,15004697000.0,14948500000.0,359241000000.0,285508000000.0,73733000000.0,98657000000.0,62723000000.0,35934000000.0,54697000000.0,5718000000.0,39777000000.0,49834000000.0,125848000000.0,-76014000000.0,0,0,78328000000.0,165631000000.0,147957000000.0,-17674000000.0,-14264000000.0,93568000000.0,93568000000.0,73733000000.0,73733000000.0,172390000000.0,152061000000.0,111482000000.0,98767000000.0,-12715000000.0,-15421000000.0,-90711000000.0,-120686000000.0,15195000000.0,5991000000.0,35934000000.0,29943000000.0,12863000000.0,11698000000.0,0,112010000000.0,-25000000000.0,4481000000.0,-10932000000.0,6,21,14,3,2,9,"Financial Advisors Love Warren Buffett, but They Don’t Always Agree With Him"
2026-08-07 18:45:00+00:00,311.8999938965,311.9599914551,311.8299865723,311.924987793,143532,0.0,0.0,AAPL,苹果,Apple Inc.,USD,18,45,AAPL,305.59,4459835424768,35.044724,32.14128,1.086,0.35,1.08,0.1204,223.78,344.57,150000,7.36,41.52038,0.27618998,0.27082002,1.4875101,31.707,62399000576,84343996416,466822987776,167959003136,0.48653,0.32623002,78.445,0.812,1.003,0.66483,0.01648,2.58,14594180000,14569223952,322.2844,400.0,215.0,2.13043,41,416161000000.0,220960000000.0,195201000000.0,133050000000.0,112010000000.0,7.46,7.49,0,27601000000.0,20719000000.0,132729000000.0,144748000000.0,133050000000.0,144748000000.0,112010000000.0,11698000000.0,15004697000.0,14948500000.0,359241000000.0,285508000000.0,73733000000.0,98657000000.0,62723000000.0,35934000000.0,54697000000.0,5718000000.0,39777000000.0,49834000000.0,125848000000.0,-76014000000.0,0,0,78328000000.0,165631000000.0,147957000000.0,-17674000000.0,-14264000000.0,93568000000.0,93568000000.0,73733000000.0,73733000000.0,172390000000.0,152061000000.0,111482000000.0,98767000000.0,-12715000000.0,-15421000000.0,-90711000000.0,-120686000000.0,15195000000.0,5991000000.0,35934000000.0,29943000000.0,12863000000.0,11698000000.0,0,112010000000.0,-25000000000.0,4481000000.0,-10932000000.0,6,21,14,3,2,9,"Financial Advisors Love Warren Buffett, but They Don’t Always Agree With Him"
2026-08-07 18:50:00+00:00,311.9208068848,312.1700134277,311.9100036621,312.1599121094,147791,0.0,0.0,AAPL,苹果,Apple Inc.,USD,18,50,AAPL,305.59,4459835424768,35.044724,32.14128,1.086,0.35,1.08,0.1204,223.78,344.57,150000,7.36,41.52038,0.27618998,0.27082002,1.4875101,31.707,62399000576,84343996416,466822987776,167959003136,0.48653,0.32623002,78.445,0.812,1.003,0.66483,0.01648,2.58,14594180000,14569223952,322.2844,400.0,215.0,2.13043,41,416161000000.0,220960000000.0,195201000000.0,133050000000.0,112010000000.0,7.46,7.49,0,27601000000.0,20719000000.0,132729000000.0,144748000000.0,133050000000.0,144748000000.0,112010000000.0,11698000000.0,15004697000.0,14948500000.0,359241000000.0,285508000000.0,73733000000.0,98657000000.0,62723000000.0,35934000000.0,54697000000.0,5718000000.0,39777000000.0,49834000000.0,125848000000.0,-76014000000.0,0,0,78328000000.0,165631000000.0,147957000000.0,-17674000000.0,-14264000000.0,93568000000.0,93568000000.0,73733000000.0,73733000000.0,172390000000.0,152061000000.0,111482000000.0,98767000000.0,-12715000000.0,-15421000000.0,-90711000000.0,-120686000000.0,15195000000.0,5991000000.0,35934000000.0,29943000000.0,12863000000.0,11698000000.0,0,112010000000.0,-25000000000.0,4481000000.0,-10932000000.0,6,21,14,3,2,9,"Financial Advisors Love Warren Buffett, but They Don’t Always Agree With Him"
2026-08-07 18:55:00+00:00,312.1400146484,312.4899902344,312.1025085449,312.4299926758,195299,0.0,0.0,AAPL,苹果,Apple Inc.,USD,18,55,AAPL,305.59,4459835424768,35.044724,32.14128,1.086,0.35,1.08,0.1204,223.78,344.57,150000,7.36,41.52038,0.27618998,0.27082002,1.4875101,31.707,62399000576,84343996416,466822987776,167959003136,0.48653,0.32623002,78.445,0.812,1.003,0.66483,0.01648,2.58,14594180000,14569223952,322.2844,400.0,215.0,2.13043,41,416161000000.0,220960000000.0,195201000000.0,133050000000.0,112010000000.0,7.46,7.49,0,27601000000.0,20719000000.0,132729000000.0,144748000000.0,133050000000.0,144748000000.0,112010000000.0,11698000000.0,15004697000.0,14948500000.0,359241000000.0,285508000000.0,73733000000.0,98657000000.0,62723000000.0,35934000000.0,54697000000.0,5718000000.0,39777000000.0,49834000000.0,125848000000.0,-76014000000.0,0,0,78328000000.0,165631000000.0,147957000000.0,-17674000000.0,-14264000000.0,93568000000.0,93568000000.0,73733000000.0,73733000000.0,172390000000.0,152061000000.0,111482000000.0,98767000000.0,-12715000000.0,-15421000000.0,-90711000000.0,-120686000000.0,15195000000.0,5991000000.0,35934000000.0,29943000000.0,12863000000.0,11698000000.0,0,112010000000.0,-25000000000.0,4481000000.0,-10932000000.0,6,21,14,3,2,9,"Financial Advisors Love Warren Buffett, but They Don’t Always Agree With Him"
2026-08-07 19:00:00+00:00,312.450012207,312.5,312.2300109863,312.3949890137,249378,0.0,0.0,AAPL,苹果,Apple Inc.,USD,19,0,AAPL,305.59,4459835424768,35.044724,32.14128,1.086,0.35,1.08,0.1204,223.78,344.57,150000,7.36,41.52038,0.27618998,0.27082002,1.4875101,31.707,62399000576,84343996416,466822987776,167959003136,0.48653,0.32623002,78.445,0.812,1.003,0.66483,0.01648,2.58,14594180000,14569223952,322.2844,400.0,215.0,2.13043,41,416161000000.0,220960000000.0,195201000000.0,133050000000.0,112010000000.0,7.46,7.49,0,27601000000.0,20719000000.0,132729000000.0,144748000000.0,133050000000.0,144748000000.0,112010000000.0,11698000000.0,15004697000.0,14948500000.0,359241000000.0,285508000000.0,73733000000.0,98657000000.0,62723000000.0,35934000000.0,54697000000.0,5718000000.0,39777000000.0,49834000000.0,125848000000.0,-76014000000.0,0,0,78328000000.0,165631000000.0,147957000000.0,-17674000000.0,-14264000000.0,93568000000.0,93568000000.0,73733000000.0,73733000000.0,172390000000.0,152061000000.0,111482000000.0,98767000000.0,-12715000000.0,-15421000000.0,-90711000000.0,-120686000000.0,15195000000.0,5991000000.0,35934000000.0,29943000000.0,12863000000.0,11698000000.0,0,112010000000.0,-25000000000.0,4481000000.0,-10932000000.0,6,21,14,3,2,9,"Financial Advisors Love Warren Buffett, but They Don’t Always Agree With Him"
2026-08-07 19:05:00+00:00,312.3999938965,312.721496582,312.3832092285,312.7200012207,209127,0.0,0.0,AAPL,苹果,Apple Inc.,USD,19,5,AAPL,305.59,4459835424768,35.044724,32.14128,1.086,0.35,1.08,0.1204,223.78,344.57,150000,7.36,41.52038,0.27618998,0.27082002,1.4875101,31.707,62399000576,84343996416,466822987776,167959003136,0.48653,0.32623002,78.445,0.812,1.003,0.66483,0.01648,2.58,14594180000,14569223952,322.2844,400.0,215.0,2.13043,41,416161000000.0,220960000000.0,195201000000.0,133050000000.0,112010000000.0,7.46,7.49,0,27601000000.0,20719000000.0,132729000000.0,144748000000.0,133050000000.0,144748000000.0,112010000000.0,11698000000.0,15004697000.0,14948500000.0,359241000000.0,285508000000.0,73733000000.0,98657000000.0,62723000000.0,35934000000.0,54697000000.0,5718000000.0,39777000000.0,49834000000.0,125848000000.0,-76014000000.0,0,0,78328000000.0,165631000000.0,147957000000.0,-17674000000.0,-14264000000.0,93568000000.0,93568000000.0,73733000000.0,73733000000.0,172390000000.0,152061000000.0,111482000000.0,98767000000.0,-12715000000.0,-15421000000.0,-90711000000.0,-120686000000.0,15195000000.0,5991000000.0,35934000000.0,29943000000.0,12863000000.0,11698000000.0,0,112010000000.0,-25000000000.0,4481000000.0,-10932000000.0,6,21,14,3,2,9,"Financial Advisors Love Warren Buffett, but They Don’t Always Agree With Him"
2026-08-07 19:10:00+00:00,312.719909668,312.9100036621,312.7130126953,312.8550109863,230721,0.0,0.0,AAPL,苹果,Apple Inc.,USD,19,10,AAPL,305.59,4459835424768,35.044724,32.14128,1.086,0.35,1.08,0.1204,223.78,344.57,150000,7.36,41.52038,0.27618998,0.27082002,1.4875101,31.707,62399000576,84343996416,466822987776,167959003136,0.48653,0.32623002,78.445,0.812,1.003,0.66483,0.01648,2.58,14594180000,14569223952,322.2844,400.0,215.0,2.13043,41,416161000000.0,220960000000.0,195201000000.0,133050000000.0,112010000000.0,7.46,7.49,0,27601000000.0,20719000000.0,132729000000.0,144748000000.0,133050000000.0,144748000000.0,112010000000.0,11698000000.0,15004697000.0,14948500000.0,359241000000.0,285508000000.0,73733000000.0,98657000000.0,62723000000.0,35934000000.0,54697000000.0,5718000000.0,39777000000.0,49834000000.0,125848000000.0,-76014000000.0,0,0,78328000000.0,165631000000.0,147957000000.0,-17674000000.0,-14264000000.0,93568000000.0,93568000000.0,73733000000.0,73733000000.0,172390000000.0,152061000000.0,111482000000.0,98767000000.0,-12715000000.0,-15421000000.0,-90711000000.0,-120686000000.0,15195000000.0,5991000000.0,35934000000.0,29943000000.0,12863000000.0,11698000000.0,0,112010000000.0,-25000000000.0,4481000000.0,-10932000000.0,6,21,14,3,2,9,"Financial Advisors Love Warren Buffett, but They Don’t Always Agree With Him"
2026-08-07 19:15:00+00:00,312.8500061035,313.1199951172,312.8399963379,312.8900146484,279127,0.0,0.0,AAPL,苹果,Apple Inc.,USD,19,15,AAPL,305.59,4459835424768,35.044724,32.14128,1.086,0.35,1.08,0.1204,223.78,344.57,150000,7.36,41.52038,0.27618998,0.27082002,1.4875101,31.707,62399000576,84343996416,466822987776,167959003136,0.48653,0.32623002,78.445,0.812,1.003,0.66483,0.01648,2.58,14594180000,14569223952,322.2844,400.0,215.0,2.13043,41,416161000000.0,220960000000.0,195201000000.0,133050000000.0,112010000000.0,7.46,7.49,0,27601000000.0,20719000000.0,132729000000.0,144748000000.0,133050000000.0,144748000000.0,112010000000.0,11698000000.0,15004697000.0,14948500000.0,359241000000.0,285508000000.0,73733000000.0,98657000000.0,62723000000.0,35934000000.0,54697000000.0,5718000000.0,39777000000.0,49834000000.0,125848000000.0,-76014000000.0,0,0,78328000000.0,165631000000.0,147957000000.0,-17674000000.0,-14264000000.0,93568000000.0,93568000000.0,73733000000.0,73733000000.0,172390000000.0,152061000000.0,111482000000.0,98767000000.0,-12715000000.0,-15421000000.0,-90711000000.0,-120686000000.0,15195000000.0,5991000000.0,35934000000.0,29943000000.0,12863000000.0,11698000000.0,0,112010000000.0,-25000000000.0,4481000000.0,-10932000000.0,6,21,14,3,2,9,"Financial Advisors Love Warren Buffett, but They Don’t Always Agree With Him"
2026-08-07 19:20:00+00:00,312.9100036621,313.2600097656,312.8599853516,313.2200012207,216817,0.0,0.0,AAPL,苹果,Apple Inc.,USD,19,20,AAPL,305.59,4459835424768,35.044724,32.14128,1.086,0.35,1.08,0.1204,223.78,344.57,150000,7.36,41.52038,0.27618998,0.27082002,1.4875101,31.707,62399000576,84343996416,466822987776,167959003136,0.48653,0.32623002,78.445,0.812,1.003,0.66483,0.01648,2.58,14594180000,14569223952,322.2844,400.0,215.0,2.13043,41,416161000000.0,220960000000.0,195201000000.0,133050000000.0,112010000000.0,7.46,7.49,0,27601000000.0,20719000000.0,132729000000.0,144748000000.0,133050000000.0,144748000000.0,112010000000.0,11698000000.0,15004697000.0,14948500000.0,359241000000.0,285508000000.0,73733000000.0,98657000000.0,62723000000.0,35934000000.0,54697000000.0,5718000000.0,39777000000.0,49834000000.0,125848000000.0,-76014000000.0,0,0,78328000000.0,165631000000.0,147957000000.0,-17674000000.0,-14264000000.0,93568000000.0,93568000000.0,73733000000.0,73733000000.0,172390000000.0,152061000000.0,111482000000.0,98767000000.0,-12715000000.0,-15421000000.0,-90711000000.0,-120686000000.0,15195000000.0,5991000000.0,35934000000.0,29943000000.0,12863000000.0,11698000000.0,0,112010000000.0,-25000000000.0,4481000000.0,-10932000000.0,6,21,14,3,2,9,"Financial Advisors Love Warren Buffett, but They Don’t Always Agree With Him"
2026-08-07 19:25:00+00:00,313.2200012207,313.3900146484,313.1900024414,313.2774963379,438243,0.0,0.0,AAPL,苹果,Apple Inc.,USD,19,25,AAPL,305.59,4459835424768,35.044724,32.14128,1.086,0.35,1.08,0.1204,223.78,344.57,150000,7.36,41.52038,0.27618998,0.27082002,1.4875101,31.707,62399000576,84343996416,466822987776,167959003136,0.48653,0.32623002,78.445,0.812,1.003,0.66483,0.01648,2.58,14594180000,14569223952,322.2844,400.0,215.0,2.13043,41,416161000000.0,220960000000.0,195201000000.0,133050000000.0,112010000000.0,7.46,7.49,0,27601000000.0,20719000000.0,132729000000.0,144748000000.0,133050000000.0,144748000000.0,112010000000.0,11698000000.0,15004697000.0,14948500000.0,359241000000.0,285508000000.0,73733000000.0,98657000000.0,62723000000.0,35934000000.0,54697000000.0,5718000000.0,39777000000.0,49834000000.0,125848000000.0,-76014000000.0,0,0,78328000000.0,165631000000.0,147957000000.0,-17674000000.0,-14264000000.0,93568000000.0,93568000000.0,73733000000.0,73733000000.0,172390000000.0,152061000000.0,111482000000.0,98767000000.0,-12715000000.0,-15421000000.0,-90711000000.0,-120686000000.0,15195000000.0,5991000000.0,35934000000.0,29943000000.0,12863000000.0,11698000000.0,0,112010000000.0,-25000000000.0,4481000000.0,-10932000000.0,6,21,14,3,2,9,"Financial Advisors Love Warren Buffett, but They Don’t Always Agree With Him"
2026-08-07 19:30:00+00:00,313.2799987793,313.3099975586,313.0299987793,313.125,400642,0.0,0.0,AAPL,苹果,Apple Inc.,USD,19,30,AAPL,305.59,4459835424768,35.044724,32.14128,1.086,0.35,1.08,0.1204,223.78,344.57,150000,7.36,41.52038,0.27618998,0.27082002,1.4875101,31.707,62399000576,84343996416,466822987776,167959003136,0.48653,0.32623002,78.445,0.812,1.003,0.66483,0.01648,2.58,14594180000,14569223952,322.2844,400.0,215.0,2.13043,41,416161000000.0,220960000000.0,195201000000.0,133050000000.0,112010000000.0,7.46,7.49,0,27601000000.0,20719000000.0,132729000000.0,144748000000.0,133050000000.0,144748000000.0,112010000000.0,11698000000.0,15004697000.0,14948500000.0,359241000000.0,285508000000.0,73733000000.0,98657000000.0,62723000000.0,35934000000.0,54697000000.0,5718000000.0,39777000000.0,49834000000.0,125848000000.0,-76014000000.0,0,0,78328000000.0,165631000000.0,147957000000.0,-17674000000.0,-14264000000.0,93568000000.0,93568000000.0,73733000000.0,73733000000.0,172390000000.0,152061000000.0,111482000000.0,98767000000.0,-12715000000.0,-15421000000.0,-90711000000.0,-120686000000.0,15195000000.0,5991000000.0,35934000000.0,29943000000.0,12863000000.0,11698000000.0,0,112010000000.0,-25000000000.0,4481000000.0,-10932000000.0,6,21,14,3,2,9,"Financial Advisors Love Warren Buffett, but They Don’t Always Agree With Him"
2026-08-07 19:35:00+00:00,313.125,313.270690918,313.0,313.2149963379,282845,0.0,0.0,AAPL,苹果,Apple Inc.,USD,19,35,AAPL,305.59,4459835424768,35.044724,32.14128,1.086,0.35,1.08,0.1204,223.78,344.57,150000,7.36,41.52038,0.27618998,0.27082002,1.4875101,31.707,62399000576,84343996416,466822987776,167959003136,0.48653,0.32623002,78.445,0.812,1.003,0.66483,0.01648,2.58,14594180000,14569223952,322.2844,400.0,215.0,2.13043,41,416161000000.0,220960000000.0,195201000000.0,133050000000.0,112010000000.0,7.46,7.49,0,27601000000.0,20719000000.0,132729000000.0,144748000000.0,133050000000.0,144748000000.0,112010000000.0,11698000000.0,15004697000.0,14948500000.0,359241000000.0,285508000000.0,73733000000.0,98657000000.0,62723000000.0,35934000000.0,54697000000.0,5718000000.0,39777000000.0,49834000000.0,125848000000.0,-76014000000.0,0,0,78328000000.0,165631000000.0,147957000000.0,-17674000000.0,-14264000000.0,93568000000.0,93568000000.0,73733000000.0,73733000000.0,172390000000.0,152061000000.0,111482000000.0,98767000000.0,-12715000000.0,-15421000000.0,-90711000000.0,-120686000000.0,15195000000.0,5991000000.0,35934000000.0,29943000000.0,12863000000.0,11698000000.0,0,112010000000.0,-25000000000.0,4481000000.0,-10932000000.0,6,21,14,3,2,9,"Financial Advisors Love Warren Buffett, but They Don’t Always Agree With Him"
2026-08-07 19:40:00+00:00,313.2200012207,313.3340148926,313.1000061035,313.2600097656,383606,0.0,0.0,AAPL,苹果,Apple Inc.,USD,19,40,AAPL,305.59,4459835424768,35.044724,32.14128,1.086,0.35,1.08,0.1204,223.78,344.57,150000,7.36,41.52038,0.27618998,0.27082002,1.4875101,31.707,62399000576,84343996416,466822987776,167959003136,0.48653,0.32623002,78.445,0.812,1.003,0.66483,0.01648,2.58,14594180000,14569223952,322.2844,400.0,215.0,2.13043,41,416161000000.0,220960000000.0,195201000000.0,133050000000.0,112010000000.0,7.46,7.49,0,27601000000.0,20719000000.0,132729000000.0,144748000000.0,133050000000.0,144748000000.0,112010000000.0,11698000000.0,15004697000.0,14948500000.0,359241000000.0,285508000000.0,73733000000.0,98657000000.0,62723000000.0,35934000000.0,54697000000.0,5718000000.0,39777000000.0,49834000000.0,125848000000.0,-76014000000.0,0,0,78328000000.0,165631000000.0,147957000000.0,-17674000000.0,-14264000000.0,93568000000.0,93568000000.0,73733000000.0,73733000000.0,172390000000.0,152061000000.0,111482000000.0,98767000000.0,-12715000000.0,-15421000000.0,-90711000000.0,-120686000000.0,15195000000.0,5991000000.0,35934000000.0,29943000000.0,12863000000.0,11698000000.0,0,112010000000.0,-25000000000.0,4481000000.0,-10932000000.0,6,21,14,3,2,9,"Financial Advisors Love Warren Buffett, but They Don’t Always Agree With Him"
2026-08-07 19:45:00+00:00,313.25,313.3099975586,313.049987793,313.1050109863,257149,0.0,0.0,AAPL,苹果,Apple Inc.,USD,19,45,AAPL,305.59,4459835424768,35.044724,32.14128,1.086,0.35,1.08,0.1204,223.78,344.57,150000,7.36,41.52038,0.27618998,0.27082002,1.4875101,31.707,62399000576,84343996416,466822987776,167959003136,0.48653,0.32623002,78.445,0.812,1.003,0.66483,0.01648,2.58,14594180000,14569223952,322.2844,400.0,215.0,2.13043,41,416161000000.0,220960000000.0,195201000000.0,133050000000.0,112010000000.0,7.46,7.49,0,27601000000.0,20719000000.0,132729000000.0,144748000000.0,133050000000.0,144748000000.0,112010000000.0,11698000000.0,15004697000.0,14948500000.0,359241000000.0,285508000000.0,73733000000.0,98657000000.0,62723000000.0,35934000000.0,54697000000.0,5718000000.0,39777000000.0,49834000000.0,125848000000.0,-76014000000.0,0,0,78328000000.0,165631000000.0,147957000000.0,-17674000000.0,-14264000000.0,93568000000.0,93568000000.0,73733000000.0,73733000000.0,172390000000.0,152061000000.0,111482000000.0,98767000000.0,-12715000000.0,-15421000000.0,-90711000000.0,-120686000000.0,15195000000.0,5991000000.0,35934000000.0,29943000000.0,12863000000.0,11698000000.0,0,112010000000.0,-25000000000.0,4481000000.0,-10932000000.0,6,21,14,3,2,9,"Financial Advisors Love Warren Buffett, but They Don’t Always Agree With Him"
2026-08-07 19:50:00+00:00,313.1000061035,313.6000061035,312.924987793,313.2300109863,731339,0.0,0.0,AAPL,苹果,Apple Inc.,USD,19,50,AAPL,305.59,4459835424768,35.044724,32.14128,1.086,0.35,1.08,0.1204,223.78,344.57,150000,7.36,41.52038,0.27618998,0.27082002,1.4875101,31.707,62399000576,84343996416,466822987776,167959003136,0.48653,0.32623002,78.445,0.812,1.003,0.66483,0.01648,2.58,14594180000,14569223952,322.2844,400.0,215.0,2.13043,41,416161000000.0,220960000000.0,195201000000.0,133050000000.0,112010000000.0,7.46,7.49,0,27601000000.0,20719000000.0,132729000000.0,144748000000.0,133050000000.0,144748000000.0,112010000000.0,11698000000.0,15004697000.0,14948500000.0,359241000000.0,285508000000.0,73733000000.0,98657000000.0,62723000000.0,35934000000.0,54697000000.0,5718000000.0,39777000000.0,49834000000.0,125848000000.0,-76014000000.0,0,0,78328000000.0,165631000000.0,147957000000.0,-17674000000.0,-14264000000.0,93568000000.0,93568000000.0,73733000000.0,73733000000.0,172390000000.0,152061000000.0,111482000000.0,98767000000.0,-12715000000.0,-15421000000.0,-90711000000.0,-120686000000.0,15195000000.0,5991000000.0,35934000000.0,29943000000.0,12863000000.0,11698000000.0,0,112010000000.0,-25000000000.0,4481000000.0,-10932000000.0,6,21,14,3,2,9,"Financial Advisors Love Warren Buffett, but They Don’t Always Agree With Him"
2026-08-07 19:55:00+00:00,313.2250061035,314.1799926758,313.200012207,313.299987793,2197847,0.0,0.0,AAPL,苹果,Apple Inc.,USD,19,55,AAPL,305.59,4459835424768,35.044724,32.14128,1.086,0.35,1.08,0.1204,223.78,344.57,150000,7.36,41.52038,0.27618998,0.27082002,1.4875101,31.707,62399000576,84343996416,466822987776,167959003136,0.48653,0.32623002,78.445,0.812,1.003,0.66483,0.01648,2.58,14594180000,14569223952,322.2844,400.0,215.0,2.13043,41,416161000000.0,220960000000.0,195201000000.0,133050000000.0,112010000000.0,7.46,7.49,0,27601000000.0,20719000000.0,132729000000.0,144748000000.0,133050000000.0,144748000000.0,112010000000.0,11698000000.0,15004697000.0,14948500000.0,359241000000.0,285508000000.0,73733000000.0,98657000000.0,62723000000.0,35934000000.0,54697000000.0,5718000000.0,39777000000.0,49834000000.0,125848000000.0,-76014000000.0,0,0,78328000000.0,165631000000.0,147957000000.0,-17674000000.0,-14264000000.0,93568000000.0,93568000000.0,73733000000.0,73733000000.0,172390000000.0,152061000000.0,111482000000.0,98767000000.0,-12715000000.0,-15421000000.0,-90711000000.0,-120686000000.0,15195000000.0,5991000000.0,35934000000.0,29943000000.0,12863000000.0,11698000000.0,0,112010000000.0,-25000000000.0,4481000000.0,-10932000000.0,6,21,14,3,2,9,"Financial Advisors Love Warren Buffett, but They Don’t Always Agree With Him"
