timestamp,open,high,low,close,volume,Dividends,Stock Splits,thscode,thsname_cn,thsname_en,currency,hour,minute,ticker,si_current_price,si_market_cap,si_pe_trailing,si_pe_forward,si_beta,si_dividend_yield,si_dividend_rate,si_payout_ratio,si_52w_low,si_52w_high,si_employees,si_book_value,si_price_to_book,si_profit_margin,si_roa,si_roe,si_revenue_per_share,si_total_cash,si_total_debt,si_total_revenue,si_ebitda,si_gross_margins,si_operating_margins,si_debt_to_equity,si_quick_ratio,si_current_ratio,si_inst_pct,si_insider_pct,si_short_ratio,si_shares_outstanding,si_float_shares,si_target_mean,si_target_high,si_target_low,si_recommendation_mean,si_num_analysts,inc_total_revenue,inc_cost_of_revenue,inc_gross_profit,inc_operating_income,inc_net_income,inc_diluted_eps,inc_basic_eps,inc_rd,inc_sga,inc_tax_provision,inc_pretax_income,inc_ebitda,inc_ebit,inc_norm_ebitda,inc_norm_income,inc_depreciation,inc_diluted_shares,inc_basic_shares,bs_total_assets,bs_total_liabilities,bs_stockholders_equity,bs_total_debt,bs_net_debt,bs_cash,bs_cash_short_inv,bs_inventory,bs_receivables,bs_net_ppe,bs_gross_ppe,bs_accum_depreciation,bs_goodwill,bs_intangible_assets,bs_long_term_debt,bs_current_liabilities,bs_current_assets,bs_working_capital,bs_retained_earnings,bs_common_stock,bs_capital_stock,bs_total_equity,bs_tangible_book_value,bs_invested_capital,bs_total_capitalization,cf_operating,cf_free,cf_capex,cf_dividends_paid,cf_stock_repurchases,cf_financing,cf_investing,cf_net_change,cf_end_cash,cf_begin_cash,cf_stock_comp,cf_depreciation,cf_deferred_tax,cf_net_income_ops,cf_change_wc,cf_issuance_debt,cf_repayment_debt,rec_strong_buy,rec_buy,rec_hold,rec_sell,rec_strong_sell,news_count,news_latest_headline
2026-08-12 13:30:00+00:00,305.1300048828,305.6600036621,302.1799926758,303.0299987793,2660889,0.0,0.0,AAPL,苹果,Apple Inc.,USD,13,30,AAPL,305.59,4459835424768,35.044724,32.14128,1.086,0.35,1.08,0.1204,223.78,344.57,150000,7.36,41.52038,0.27618998,0.27082002,1.4875101,31.707,62399000576,84343996416,466822987776,167959003136,0.48653,0.32623002,78.445,0.812,1.003,0.66483,0.01648,2.58,14594180000,14569223952,322.2844,400.0,215.0,2.13043,41,416161000000.0,220960000000.0,195201000000.0,133050000000.0,112010000000.0,7.46,7.49,0,27601000000.0,20719000000.0,132729000000.0,144748000000.0,133050000000.0,144748000000.0,112010000000.0,11698000000.0,15004697000.0,14948500000.0,359241000000.0,285508000000.0,73733000000.0,98657000000.0,62723000000.0,35934000000.0,54697000000.0,5718000000.0,39777000000.0,49834000000.0,125848000000.0,-76014000000.0,0,0,78328000000.0,165631000000.0,147957000000.0,-17674000000.0,-14264000000.0,93568000000.0,93568000000.0,73733000000.0,73733000000.0,172390000000.0,152061000000.0,111482000000.0,98767000000.0,-12715000000.0,-15421000000.0,-90711000000.0,-120686000000.0,15195000000.0,5991000000.0,35934000000.0,29943000000.0,12863000000.0,11698000000.0,0,112010000000.0,-25000000000.0,4481000000.0,-10932000000.0,6,21,14,3,2,9,"Financial Advisors Love Warren Buffett, but They Don’t Always Agree With Him"
2026-08-12 13:35:00+00:00,303.0299987793,303.7200012207,302.7399902344,303.5360107422,480935,0.0,0.0,AAPL,苹果,Apple Inc.,USD,13,35,AAPL,305.59,4459835424768,35.044724,32.14128,1.086,0.35,1.08,0.1204,223.78,344.57,150000,7.36,41.52038,0.27618998,0.27082002,1.4875101,31.707,62399000576,84343996416,466822987776,167959003136,0.48653,0.32623002,78.445,0.812,1.003,0.66483,0.01648,2.58,14594180000,14569223952,322.2844,400.0,215.0,2.13043,41,416161000000.0,220960000000.0,195201000000.0,133050000000.0,112010000000.0,7.46,7.49,0,27601000000.0,20719000000.0,132729000000.0,144748000000.0,133050000000.0,144748000000.0,112010000000.0,11698000000.0,15004697000.0,14948500000.0,359241000000.0,285508000000.0,73733000000.0,98657000000.0,62723000000.0,35934000000.0,54697000000.0,5718000000.0,39777000000.0,49834000000.0,125848000000.0,-76014000000.0,0,0,78328000000.0,165631000000.0,147957000000.0,-17674000000.0,-14264000000.0,93568000000.0,93568000000.0,73733000000.0,73733000000.0,172390000000.0,152061000000.0,111482000000.0,98767000000.0,-12715000000.0,-15421000000.0,-90711000000.0,-120686000000.0,15195000000.0,5991000000.0,35934000000.0,29943000000.0,12863000000.0,11698000000.0,0,112010000000.0,-25000000000.0,4481000000.0,-10932000000.0,6,21,14,3,2,9,"Financial Advisors Love Warren Buffett, but They Don’t Always Agree With Him"
2026-08-12 13:40:00+00:00,303.549987793,303.7300109863,303.1600036621,303.3699951172,373081,0.0,0.0,AAPL,苹果,Apple Inc.,USD,13,40,AAPL,305.59,4459835424768,35.044724,32.14128,1.086,0.35,1.08,0.1204,223.78,344.57,150000,7.36,41.52038,0.27618998,0.27082002,1.4875101,31.707,62399000576,84343996416,466822987776,167959003136,0.48653,0.32623002,78.445,0.812,1.003,0.66483,0.01648,2.58,14594180000,14569223952,322.2844,400.0,215.0,2.13043,41,416161000000.0,220960000000.0,195201000000.0,133050000000.0,112010000000.0,7.46,7.49,0,27601000000.0,20719000000.0,132729000000.0,144748000000.0,133050000000.0,144748000000.0,112010000000.0,11698000000.0,15004697000.0,14948500000.0,359241000000.0,285508000000.0,73733000000.0,98657000000.0,62723000000.0,35934000000.0,54697000000.0,5718000000.0,39777000000.0,49834000000.0,125848000000.0,-76014000000.0,0,0,78328000000.0,165631000000.0,147957000000.0,-17674000000.0,-14264000000.0,93568000000.0,93568000000.0,73733000000.0,73733000000.0,172390000000.0,152061000000.0,111482000000.0,98767000000.0,-12715000000.0,-15421000000.0,-90711000000.0,-120686000000.0,15195000000.0,5991000000.0,35934000000.0,29943000000.0,12863000000.0,11698000000.0,0,112010000000.0,-25000000000.0,4481000000.0,-10932000000.0,6,21,14,3,2,9,"Financial Advisors Love Warren Buffett, but They Don’t Always Agree With Him"
2026-08-12 13:45:00+00:00,303.3800048828,303.6099853516,302.9599914551,302.9749145508,478940,0.0,0.0,AAPL,苹果,Apple Inc.,USD,13,45,AAPL,305.59,4459835424768,35.044724,32.14128,1.086,0.35,1.08,0.1204,223.78,344.57,150000,7.36,41.52038,0.27618998,0.27082002,1.4875101,31.707,62399000576,84343996416,466822987776,167959003136,0.48653,0.32623002,78.445,0.812,1.003,0.66483,0.01648,2.58,14594180000,14569223952,322.2844,400.0,215.0,2.13043,41,416161000000.0,220960000000.0,195201000000.0,133050000000.0,112010000000.0,7.46,7.49,0,27601000000.0,20719000000.0,132729000000.0,144748000000.0,133050000000.0,144748000000.0,112010000000.0,11698000000.0,15004697000.0,14948500000.0,359241000000.0,285508000000.0,73733000000.0,98657000000.0,62723000000.0,35934000000.0,54697000000.0,5718000000.0,39777000000.0,49834000000.0,125848000000.0,-76014000000.0,0,0,78328000000.0,165631000000.0,147957000000.0,-17674000000.0,-14264000000.0,93568000000.0,93568000000.0,73733000000.0,73733000000.0,172390000000.0,152061000000.0,111482000000.0,98767000000.0,-12715000000.0,-15421000000.0,-90711000000.0,-120686000000.0,15195000000.0,5991000000.0,35934000000.0,29943000000.0,12863000000.0,11698000000.0,0,112010000000.0,-25000000000.0,4481000000.0,-10932000000.0,6,21,14,3,2,9,"Financial Advisors Love Warren Buffett, but They Don’t Always Agree With Him"
2026-08-12 13:50:00+00:00,302.9800109863,303.200012207,302.5799865723,303.0950012207,545680,0.0,0.0,AAPL,苹果,Apple Inc.,USD,13,50,AAPL,305.59,4459835424768,35.044724,32.14128,1.086,0.35,1.08,0.1204,223.78,344.57,150000,7.36,41.52038,0.27618998,0.27082002,1.4875101,31.707,62399000576,84343996416,466822987776,167959003136,0.48653,0.32623002,78.445,0.812,1.003,0.66483,0.01648,2.58,14594180000,14569223952,322.2844,400.0,215.0,2.13043,41,416161000000.0,220960000000.0,195201000000.0,133050000000.0,112010000000.0,7.46,7.49,0,27601000000.0,20719000000.0,132729000000.0,144748000000.0,133050000000.0,144748000000.0,112010000000.0,11698000000.0,15004697000.0,14948500000.0,359241000000.0,285508000000.0,73733000000.0,98657000000.0,62723000000.0,35934000000.0,54697000000.0,5718000000.0,39777000000.0,49834000000.0,125848000000.0,-76014000000.0,0,0,78328000000.0,165631000000.0,147957000000.0,-17674000000.0,-14264000000.0,93568000000.0,93568000000.0,73733000000.0,73733000000.0,172390000000.0,152061000000.0,111482000000.0,98767000000.0,-12715000000.0,-15421000000.0,-90711000000.0,-120686000000.0,15195000000.0,5991000000.0,35934000000.0,29943000000.0,12863000000.0,11698000000.0,0,112010000000.0,-25000000000.0,4481000000.0,-10932000000.0,6,21,14,3,2,9,"Financial Advisors Love Warren Buffett, but They Don’t Always Agree With Him"
2026-08-12 13:55:00+00:00,303.0899963379,303.469909668,303.0199890137,303.3699951172,376811,0.0,0.0,AAPL,苹果,Apple Inc.,USD,13,55,AAPL,305.59,4459835424768,35.044724,32.14128,1.086,0.35,1.08,0.1204,223.78,344.57,150000,7.36,41.52038,0.27618998,0.27082002,1.4875101,31.707,62399000576,84343996416,466822987776,167959003136,0.48653,0.32623002,78.445,0.812,1.003,0.66483,0.01648,2.58,14594180000,14569223952,322.2844,400.0,215.0,2.13043,41,416161000000.0,220960000000.0,195201000000.0,133050000000.0,112010000000.0,7.46,7.49,0,27601000000.0,20719000000.0,132729000000.0,144748000000.0,133050000000.0,144748000000.0,112010000000.0,11698000000.0,15004697000.0,14948500000.0,359241000000.0,285508000000.0,73733000000.0,98657000000.0,62723000000.0,35934000000.0,54697000000.0,5718000000.0,39777000000.0,49834000000.0,125848000000.0,-76014000000.0,0,0,78328000000.0,165631000000.0,147957000000.0,-17674000000.0,-14264000000.0,93568000000.0,93568000000.0,73733000000.0,73733000000.0,172390000000.0,152061000000.0,111482000000.0,98767000000.0,-12715000000.0,-15421000000.0,-90711000000.0,-120686000000.0,15195000000.0,5991000000.0,35934000000.0,29943000000.0,12863000000.0,11698000000.0,0,112010000000.0,-25000000000.0,4481000000.0,-10932000000.0,6,21,14,3,2,9,"Financial Advisors Love Warren Buffett, but They Don’t Always Agree With Him"
2026-08-12 14:00:00+00:00,303.3850097656,304.3200073242,303.1600036621,303.5899963379,691238,0.0,0.0,AAPL,苹果,Apple Inc.,USD,14,0,AAPL,305.59,4459835424768,35.044724,32.14128,1.086,0.35,1.08,0.1204,223.78,344.57,150000,7.36,41.52038,0.27618998,0.27082002,1.4875101,31.707,62399000576,84343996416,466822987776,167959003136,0.48653,0.32623002,78.445,0.812,1.003,0.66483,0.01648,2.58,14594180000,14569223952,322.2844,400.0,215.0,2.13043,41,416161000000.0,220960000000.0,195201000000.0,133050000000.0,112010000000.0,7.46,7.49,0,27601000000.0,20719000000.0,132729000000.0,144748000000.0,133050000000.0,144748000000.0,112010000000.0,11698000000.0,15004697000.0,14948500000.0,359241000000.0,285508000000.0,73733000000.0,98657000000.0,62723000000.0,35934000000.0,54697000000.0,5718000000.0,39777000000.0,49834000000.0,125848000000.0,-76014000000.0,0,0,78328000000.0,165631000000.0,147957000000.0,-17674000000.0,-14264000000.0,93568000000.0,93568000000.0,73733000000.0,73733000000.0,172390000000.0,152061000000.0,111482000000.0,98767000000.0,-12715000000.0,-15421000000.0,-90711000000.0,-120686000000.0,15195000000.0,5991000000.0,35934000000.0,29943000000.0,12863000000.0,11698000000.0,0,112010000000.0,-25000000000.0,4481000000.0,-10932000000.0,6,21,14,3,2,9,"Financial Advisors Love Warren Buffett, but They Don’t Always Agree With Him"
2026-08-12 14:05:00+00:00,303.6149902344,303.8190002441,303.0599975586,303.1600036621,372982,0.0,0.0,AAPL,苹果,Apple Inc.,USD,14,5,AAPL,305.59,4459835424768,35.044724,32.14128,1.086,0.35,1.08,0.1204,223.78,344.57,150000,7.36,41.52038,0.27618998,0.27082002,1.4875101,31.707,62399000576,84343996416,466822987776,167959003136,0.48653,0.32623002,78.445,0.812,1.003,0.66483,0.01648,2.58,14594180000,14569223952,322.2844,400.0,215.0,2.13043,41,416161000000.0,220960000000.0,195201000000.0,133050000000.0,112010000000.0,7.46,7.49,0,27601000000.0,20719000000.0,132729000000.0,144748000000.0,133050000000.0,144748000000.0,112010000000.0,11698000000.0,15004697000.0,14948500000.0,359241000000.0,285508000000.0,73733000000.0,98657000000.0,62723000000.0,35934000000.0,54697000000.0,5718000000.0,39777000000.0,49834000000.0,125848000000.0,-76014000000.0,0,0,78328000000.0,165631000000.0,147957000000.0,-17674000000.0,-14264000000.0,93568000000.0,93568000000.0,73733000000.0,73733000000.0,172390000000.0,152061000000.0,111482000000.0,98767000000.0,-12715000000.0,-15421000000.0,-90711000000.0,-120686000000.0,15195000000.0,5991000000.0,35934000000.0,29943000000.0,12863000000.0,11698000000.0,0,112010000000.0,-25000000000.0,4481000000.0,-10932000000.0,6,21,14,3,2,9,"Financial Advisors Love Warren Buffett, but They Don’t Always Agree With Him"
2026-08-12 14:10:00+00:00,303.174987793,303.3099975586,302.2600097656,302.4750061035,659176,0.0,0.0,AAPL,苹果,Apple Inc.,USD,14,10,AAPL,305.59,4459835424768,35.044724,32.14128,1.086,0.35,1.08,0.1204,223.78,344.57,150000,7.36,41.52038,0.27618998,0.27082002,1.4875101,31.707,62399000576,84343996416,466822987776,167959003136,0.48653,0.32623002,78.445,0.812,1.003,0.66483,0.01648,2.58,14594180000,14569223952,322.2844,400.0,215.0,2.13043,41,416161000000.0,220960000000.0,195201000000.0,133050000000.0,112010000000.0,7.46,7.49,0,27601000000.0,20719000000.0,132729000000.0,144748000000.0,133050000000.0,144748000000.0,112010000000.0,11698000000.0,15004697000.0,14948500000.0,359241000000.0,285508000000.0,73733000000.0,98657000000.0,62723000000.0,35934000000.0,54697000000.0,5718000000.0,39777000000.0,49834000000.0,125848000000.0,-76014000000.0,0,0,78328000000.0,165631000000.0,147957000000.0,-17674000000.0,-14264000000.0,93568000000.0,93568000000.0,73733000000.0,73733000000.0,172390000000.0,152061000000.0,111482000000.0,98767000000.0,-12715000000.0,-15421000000.0,-90711000000.0,-120686000000.0,15195000000.0,5991000000.0,35934000000.0,29943000000.0,12863000000.0,11698000000.0,0,112010000000.0,-25000000000.0,4481000000.0,-10932000000.0,6,21,14,3,2,9,"Financial Advisors Love Warren Buffett, but They Don’t Always Agree With Him"
2026-08-12 14:15:00+00:00,302.4750061035,302.7090148926,302.3200073242,302.3349914551,396815,0.0,0.0,AAPL,苹果,Apple Inc.,USD,14,15,AAPL,305.59,4459835424768,35.044724,32.14128,1.086,0.35,1.08,0.1204,223.78,344.57,150000,7.36,41.52038,0.27618998,0.27082002,1.4875101,31.707,62399000576,84343996416,466822987776,167959003136,0.48653,0.32623002,78.445,0.812,1.003,0.66483,0.01648,2.58,14594180000,14569223952,322.2844,400.0,215.0,2.13043,41,416161000000.0,220960000000.0,195201000000.0,133050000000.0,112010000000.0,7.46,7.49,0,27601000000.0,20719000000.0,132729000000.0,144748000000.0,133050000000.0,144748000000.0,112010000000.0,11698000000.0,15004697000.0,14948500000.0,359241000000.0,285508000000.0,73733000000.0,98657000000.0,62723000000.0,35934000000.0,54697000000.0,5718000000.0,39777000000.0,49834000000.0,125848000000.0,-76014000000.0,0,0,78328000000.0,165631000000.0,147957000000.0,-17674000000.0,-14264000000.0,93568000000.0,93568000000.0,73733000000.0,73733000000.0,172390000000.0,152061000000.0,111482000000.0,98767000000.0,-12715000000.0,-15421000000.0,-90711000000.0,-120686000000.0,15195000000.0,5991000000.0,35934000000.0,29943000000.0,12863000000.0,11698000000.0,0,112010000000.0,-25000000000.0,4481000000.0,-10932000000.0,6,21,14,3,2,9,"Financial Advisors Love Warren Buffett, but They Don’t Always Agree With Him"
2026-08-12 14:20:00+00:00,302.3399963379,302.799987793,302.299987793,302.6300048828,413930,0.0,0.0,AAPL,苹果,Apple Inc.,USD,14,20,AAPL,305.59,4459835424768,35.044724,32.14128,1.086,0.35,1.08,0.1204,223.78,344.57,150000,7.36,41.52038,0.27618998,0.27082002,1.4875101,31.707,62399000576,84343996416,466822987776,167959003136,0.48653,0.32623002,78.445,0.812,1.003,0.66483,0.01648,2.58,14594180000,14569223952,322.2844,400.0,215.0,2.13043,41,416161000000.0,220960000000.0,195201000000.0,133050000000.0,112010000000.0,7.46,7.49,0,27601000000.0,20719000000.0,132729000000.0,144748000000.0,133050000000.0,144748000000.0,112010000000.0,11698000000.0,15004697000.0,14948500000.0,359241000000.0,285508000000.0,73733000000.0,98657000000.0,62723000000.0,35934000000.0,54697000000.0,5718000000.0,39777000000.0,49834000000.0,125848000000.0,-76014000000.0,0,0,78328000000.0,165631000000.0,147957000000.0,-17674000000.0,-14264000000.0,93568000000.0,93568000000.0,73733000000.0,73733000000.0,172390000000.0,152061000000.0,111482000000.0,98767000000.0,-12715000000.0,-15421000000.0,-90711000000.0,-120686000000.0,15195000000.0,5991000000.0,35934000000.0,29943000000.0,12863000000.0,11698000000.0,0,112010000000.0,-25000000000.0,4481000000.0,-10932000000.0,6,21,14,3,2,9,"Financial Advisors Love Warren Buffett, but They Don’t Always Agree With Him"
2026-08-12 14:25:00+00:00,302.6021118164,302.7900085449,302.3099975586,302.3450012207,268781,0.0,0.0,AAPL,苹果,Apple Inc.,USD,14,25,AAPL,305.59,4459835424768,35.044724,32.14128,1.086,0.35,1.08,0.1204,223.78,344.57,150000,7.36,41.52038,0.27618998,0.27082002,1.4875101,31.707,62399000576,84343996416,466822987776,167959003136,0.48653,0.32623002,78.445,0.812,1.003,0.66483,0.01648,2.58,14594180000,14569223952,322.2844,400.0,215.0,2.13043,41,416161000000.0,220960000000.0,195201000000.0,133050000000.0,112010000000.0,7.46,7.49,0,27601000000.0,20719000000.0,132729000000.0,144748000000.0,133050000000.0,144748000000.0,112010000000.0,11698000000.0,15004697000.0,14948500000.0,359241000000.0,285508000000.0,73733000000.0,98657000000.0,62723000000.0,35934000000.0,54697000000.0,5718000000.0,39777000000.0,49834000000.0,125848000000.0,-76014000000.0,0,0,78328000000.0,165631000000.0,147957000000.0,-17674000000.0,-14264000000.0,93568000000.0,93568000000.0,73733000000.0,73733000000.0,172390000000.0,152061000000.0,111482000000.0,98767000000.0,-12715000000.0,-15421000000.0,-90711000000.0,-120686000000.0,15195000000.0,5991000000.0,35934000000.0,29943000000.0,12863000000.0,11698000000.0,0,112010000000.0,-25000000000.0,4481000000.0,-10932000000.0,6,21,14,3,2,9,"Financial Advisors Love Warren Buffett, but They Don’t Always Agree With Him"
2026-08-12 14:30:00+00:00,302.3599853516,302.8599853516,302.3099975586,302.674987793,458950,0.0,0.0,AAPL,苹果,Apple Inc.,USD,14,30,AAPL,305.59,4459835424768,35.044724,32.14128,1.086,0.35,1.08,0.1204,223.78,344.57,150000,7.36,41.52038,0.27618998,0.27082002,1.4875101,31.707,62399000576,84343996416,466822987776,167959003136,0.48653,0.32623002,78.445,0.812,1.003,0.66483,0.01648,2.58,14594180000,14569223952,322.2844,400.0,215.0,2.13043,41,416161000000.0,220960000000.0,195201000000.0,133050000000.0,112010000000.0,7.46,7.49,0,27601000000.0,20719000000.0,132729000000.0,144748000000.0,133050000000.0,144748000000.0,112010000000.0,11698000000.0,15004697000.0,14948500000.0,359241000000.0,285508000000.0,73733000000.0,98657000000.0,62723000000.0,35934000000.0,54697000000.0,5718000000.0,39777000000.0,49834000000.0,125848000000.0,-76014000000.0,0,0,78328000000.0,165631000000.0,147957000000.0,-17674000000.0,-14264000000.0,93568000000.0,93568000000.0,73733000000.0,73733000000.0,172390000000.0,152061000000.0,111482000000.0,98767000000.0,-12715000000.0,-15421000000.0,-90711000000.0,-120686000000.0,15195000000.0,5991000000.0,35934000000.0,29943000000.0,12863000000.0,11698000000.0,0,112010000000.0,-25000000000.0,4481000000.0,-10932000000.0,6,21,14,3,2,9,"Financial Advisors Love Warren Buffett, but They Don’t Always Agree With Him"
2026-08-12 14:35:00+00:00,302.6650085449,302.950012207,302.530090332,302.6900024414,326753,0.0,0.0,AAPL,苹果,Apple Inc.,USD,14,35,AAPL,305.59,4459835424768,35.044724,32.14128,1.086,0.35,1.08,0.1204,223.78,344.57,150000,7.36,41.52038,0.27618998,0.27082002,1.4875101,31.707,62399000576,84343996416,466822987776,167959003136,0.48653,0.32623002,78.445,0.812,1.003,0.66483,0.01648,2.58,14594180000,14569223952,322.2844,400.0,215.0,2.13043,41,416161000000.0,220960000000.0,195201000000.0,133050000000.0,112010000000.0,7.46,7.49,0,27601000000.0,20719000000.0,132729000000.0,144748000000.0,133050000000.0,144748000000.0,112010000000.0,11698000000.0,15004697000.0,14948500000.0,359241000000.0,285508000000.0,73733000000.0,98657000000.0,62723000000.0,35934000000.0,54697000000.0,5718000000.0,39777000000.0,49834000000.0,125848000000.0,-76014000000.0,0,0,78328000000.0,165631000000.0,147957000000.0,-17674000000.0,-14264000000.0,93568000000.0,93568000000.0,73733000000.0,73733000000.0,172390000000.0,152061000000.0,111482000000.0,98767000000.0,-12715000000.0,-15421000000.0,-90711000000.0,-120686000000.0,15195000000.0,5991000000.0,35934000000.0,29943000000.0,12863000000.0,11698000000.0,0,112010000000.0,-25000000000.0,4481000000.0,-10932000000.0,6,21,14,3,2,9,"Financial Advisors Love Warren Buffett, but They Don’t Always Agree With Him"
2026-08-12 14:40:00+00:00,302.6950073242,302.9400024414,302.5799865723,302.9400024414,323633,0.0,0.0,AAPL,苹果,Apple Inc.,USD,14,40,AAPL,305.59,4459835424768,35.044724,32.14128,1.086,0.35,1.08,0.1204,223.78,344.57,150000,7.36,41.52038,0.27618998,0.27082002,1.4875101,31.707,62399000576,84343996416,466822987776,167959003136,0.48653,0.32623002,78.445,0.812,1.003,0.66483,0.01648,2.58,14594180000,14569223952,322.2844,400.0,215.0,2.13043,41,416161000000.0,220960000000.0,195201000000.0,133050000000.0,112010000000.0,7.46,7.49,0,27601000000.0,20719000000.0,132729000000.0,144748000000.0,133050000000.0,144748000000.0,112010000000.0,11698000000.0,15004697000.0,14948500000.0,359241000000.0,285508000000.0,73733000000.0,98657000000.0,62723000000.0,35934000000.0,54697000000.0,5718000000.0,39777000000.0,49834000000.0,125848000000.0,-76014000000.0,0,0,78328000000.0,165631000000.0,147957000000.0,-17674000000.0,-14264000000.0,93568000000.0,93568000000.0,73733000000.0,73733000000.0,172390000000.0,152061000000.0,111482000000.0,98767000000.0,-12715000000.0,-15421000000.0,-90711000000.0,-120686000000.0,15195000000.0,5991000000.0,35934000000.0,29943000000.0,12863000000.0,11698000000.0,0,112010000000.0,-25000000000.0,4481000000.0,-10932000000.0,6,21,14,3,2,9,"Financial Advisors Love Warren Buffett, but They Don’t Always Agree With Him"
2026-08-12 14:45:00+00:00,302.9400024414,303.0299987793,302.3800048828,302.4049987793,381845,0.0,0.0,AAPL,苹果,Apple Inc.,USD,14,45,AAPL,305.59,4459835424768,35.044724,32.14128,1.086,0.35,1.08,0.1204,223.78,344.57,150000,7.36,41.52038,0.27618998,0.27082002,1.4875101,31.707,62399000576,84343996416,466822987776,167959003136,0.48653,0.32623002,78.445,0.812,1.003,0.66483,0.01648,2.58,14594180000,14569223952,322.2844,400.0,215.0,2.13043,41,416161000000.0,220960000000.0,195201000000.0,133050000000.0,112010000000.0,7.46,7.49,0,27601000000.0,20719000000.0,132729000000.0,144748000000.0,133050000000.0,144748000000.0,112010000000.0,11698000000.0,15004697000.0,14948500000.0,359241000000.0,285508000000.0,73733000000.0,98657000000.0,62723000000.0,35934000000.0,54697000000.0,5718000000.0,39777000000.0,49834000000.0,125848000000.0,-76014000000.0,0,0,78328000000.0,165631000000.0,147957000000.0,-17674000000.0,-14264000000.0,93568000000.0,93568000000.0,73733000000.0,73733000000.0,172390000000.0,152061000000.0,111482000000.0,98767000000.0,-12715000000.0,-15421000000.0,-90711000000.0,-120686000000.0,15195000000.0,5991000000.0,35934000000.0,29943000000.0,12863000000.0,11698000000.0,0,112010000000.0,-25000000000.0,4481000000.0,-10932000000.0,6,21,14,3,2,9,"Financial Advisors Love Warren Buffett, but They Don’t Always Agree With Him"
2026-08-12 14:50:00+00:00,302.3900146484,302.8399963379,302.0599975586,302.799987793,464421,0.0,0.0,AAPL,苹果,Apple Inc.,USD,14,50,AAPL,305.59,4459835424768,35.044724,32.14128,1.086,0.35,1.08,0.1204,223.78,344.57,150000,7.36,41.52038,0.27618998,0.27082002,1.4875101,31.707,62399000576,84343996416,466822987776,167959003136,0.48653,0.32623002,78.445,0.812,1.003,0.66483,0.01648,2.58,14594180000,14569223952,322.2844,400.0,215.0,2.13043,41,416161000000.0,220960000000.0,195201000000.0,133050000000.0,112010000000.0,7.46,7.49,0,27601000000.0,20719000000.0,132729000000.0,144748000000.0,133050000000.0,144748000000.0,112010000000.0,11698000000.0,15004697000.0,14948500000.0,359241000000.0,285508000000.0,73733000000.0,98657000000.0,62723000000.0,35934000000.0,54697000000.0,5718000000.0,39777000000.0,49834000000.0,125848000000.0,-76014000000.0,0,0,78328000000.0,165631000000.0,147957000000.0,-17674000000.0,-14264000000.0,93568000000.0,93568000000.0,73733000000.0,73733000000.0,172390000000.0,152061000000.0,111482000000.0,98767000000.0,-12715000000.0,-15421000000.0,-90711000000.0,-120686000000.0,15195000000.0,5991000000.0,35934000000.0,29943000000.0,12863000000.0,11698000000.0,0,112010000000.0,-25000000000.0,4481000000.0,-10932000000.0,6,21,14,3,2,9,"Financial Advisors Love Warren Buffett, but They Don’t Always Agree With Him"
2026-08-12 14:55:00+00:00,302.780090332,303.1900024414,302.4100036621,302.4299926758,546405,0.0,0.0,AAPL,苹果,Apple Inc.,USD,14,55,AAPL,305.59,4459835424768,35.044724,32.14128,1.086,0.35,1.08,0.1204,223.78,344.57,150000,7.36,41.52038,0.27618998,0.27082002,1.4875101,31.707,62399000576,84343996416,466822987776,167959003136,0.48653,0.32623002,78.445,0.812,1.003,0.66483,0.01648,2.58,14594180000,14569223952,322.2844,400.0,215.0,2.13043,41,416161000000.0,220960000000.0,195201000000.0,133050000000.0,112010000000.0,7.46,7.49,0,27601000000.0,20719000000.0,132729000000.0,144748000000.0,133050000000.0,144748000000.0,112010000000.0,11698000000.0,15004697000.0,14948500000.0,359241000000.0,285508000000.0,73733000000.0,98657000000.0,62723000000.0,35934000000.0,54697000000.0,5718000000.0,39777000000.0,49834000000.0,125848000000.0,-76014000000.0,0,0,78328000000.0,165631000000.0,147957000000.0,-17674000000.0,-14264000000.0,93568000000.0,93568000000.0,73733000000.0,73733000000.0,172390000000.0,152061000000.0,111482000000.0,98767000000.0,-12715000000.0,-15421000000.0,-90711000000.0,-120686000000.0,15195000000.0,5991000000.0,35934000000.0,29943000000.0,12863000000.0,11698000000.0,0,112010000000.0,-25000000000.0,4481000000.0,-10932000000.0,6,21,14,3,2,9,"Financial Advisors Love Warren Buffett, but They Don’t Always Agree With Him"
2026-08-12 15:00:00+00:00,302.4299926758,302.8299865723,302.2200012207,302.2300109863,288291,0.0,0.0,AAPL,苹果,Apple Inc.,USD,15,0,AAPL,305.59,4459835424768,35.044724,32.14128,1.086,0.35,1.08,0.1204,223.78,344.57,150000,7.36,41.52038,0.27618998,0.27082002,1.4875101,31.707,62399000576,84343996416,466822987776,167959003136,0.48653,0.32623002,78.445,0.812,1.003,0.66483,0.01648,2.58,14594180000,14569223952,322.2844,400.0,215.0,2.13043,41,416161000000.0,220960000000.0,195201000000.0,133050000000.0,112010000000.0,7.46,7.49,0,27601000000.0,20719000000.0,132729000000.0,144748000000.0,133050000000.0,144748000000.0,112010000000.0,11698000000.0,15004697000.0,14948500000.0,359241000000.0,285508000000.0,73733000000.0,98657000000.0,62723000000.0,35934000000.0,54697000000.0,5718000000.0,39777000000.0,49834000000.0,125848000000.0,-76014000000.0,0,0,78328000000.0,165631000000.0,147957000000.0,-17674000000.0,-14264000000.0,93568000000.0,93568000000.0,73733000000.0,73733000000.0,172390000000.0,152061000000.0,111482000000.0,98767000000.0,-12715000000.0,-15421000000.0,-90711000000.0,-120686000000.0,15195000000.0,5991000000.0,35934000000.0,29943000000.0,12863000000.0,11698000000.0,0,112010000000.0,-25000000000.0,4481000000.0,-10932000000.0,6,21,14,3,2,9,"Financial Advisors Love Warren Buffett, but They Don’t Always Agree With Him"
2026-08-12 15:05:00+00:00,302.2200012207,302.4800109863,302.200012207,302.333404541,292973,0.0,0.0,AAPL,苹果,Apple Inc.,USD,15,5,AAPL,305.59,4459835424768,35.044724,32.14128,1.086,0.35,1.08,0.1204,223.78,344.57,150000,7.36,41.52038,0.27618998,0.27082002,1.4875101,31.707,62399000576,84343996416,466822987776,167959003136,0.48653,0.32623002,78.445,0.812,1.003,0.66483,0.01648,2.58,14594180000,14569223952,322.2844,400.0,215.0,2.13043,41,416161000000.0,220960000000.0,195201000000.0,133050000000.0,112010000000.0,7.46,7.49,0,27601000000.0,20719000000.0,132729000000.0,144748000000.0,133050000000.0,144748000000.0,112010000000.0,11698000000.0,15004697000.0,14948500000.0,359241000000.0,285508000000.0,73733000000.0,98657000000.0,62723000000.0,35934000000.0,54697000000.0,5718000000.0,39777000000.0,49834000000.0,125848000000.0,-76014000000.0,0,0,78328000000.0,165631000000.0,147957000000.0,-17674000000.0,-14264000000.0,93568000000.0,93568000000.0,73733000000.0,73733000000.0,172390000000.0,152061000000.0,111482000000.0,98767000000.0,-12715000000.0,-15421000000.0,-90711000000.0,-120686000000.0,15195000000.0,5991000000.0,35934000000.0,29943000000.0,12863000000.0,11698000000.0,0,112010000000.0,-25000000000.0,4481000000.0,-10932000000.0,6,21,14,3,2,9,"Financial Advisors Love Warren Buffett, but They Don’t Always Agree With Him"
2026-08-12 15:10:00+00:00,302.3398132324,302.3399963379,301.5700073242,301.7149963379,493616,0.0,0.0,AAPL,苹果,Apple Inc.,USD,15,10,AAPL,305.59,4459835424768,35.044724,32.14128,1.086,0.35,1.08,0.1204,223.78,344.57,150000,7.36,41.52038,0.27618998,0.27082002,1.4875101,31.707,62399000576,84343996416,466822987776,167959003136,0.48653,0.32623002,78.445,0.812,1.003,0.66483,0.01648,2.58,14594180000,14569223952,322.2844,400.0,215.0,2.13043,41,416161000000.0,220960000000.0,195201000000.0,133050000000.0,112010000000.0,7.46,7.49,0,27601000000.0,20719000000.0,132729000000.0,144748000000.0,133050000000.0,144748000000.0,112010000000.0,11698000000.0,15004697000.0,14948500000.0,359241000000.0,285508000000.0,73733000000.0,98657000000.0,62723000000.0,35934000000.0,54697000000.0,5718000000.0,39777000000.0,49834000000.0,125848000000.0,-76014000000.0,0,0,78328000000.0,165631000000.0,147957000000.0,-17674000000.0,-14264000000.0,93568000000.0,93568000000.0,73733000000.0,73733000000.0,172390000000.0,152061000000.0,111482000000.0,98767000000.0,-12715000000.0,-15421000000.0,-90711000000.0,-120686000000.0,15195000000.0,5991000000.0,35934000000.0,29943000000.0,12863000000.0,11698000000.0,0,112010000000.0,-25000000000.0,4481000000.0,-10932000000.0,6,21,14,3,2,9,"Financial Advisors Love Warren Buffett, but They Don’t Always Agree With Him"
2026-08-12 15:15:00+00:00,301.6820068359,301.7446899414,301.4649963379,301.6477050781,434285,0.0,0.0,AAPL,苹果,Apple Inc.,USD,15,15,AAPL,305.59,4459835424768,35.044724,32.14128,1.086,0.35,1.08,0.1204,223.78,344.57,150000,7.36,41.52038,0.27618998,0.27082002,1.4875101,31.707,62399000576,84343996416,466822987776,167959003136,0.48653,0.32623002,78.445,0.812,1.003,0.66483,0.01648,2.58,14594180000,14569223952,322.2844,400.0,215.0,2.13043,41,416161000000.0,220960000000.0,195201000000.0,133050000000.0,112010000000.0,7.46,7.49,0,27601000000.0,20719000000.0,132729000000.0,144748000000.0,133050000000.0,144748000000.0,112010000000.0,11698000000.0,15004697000.0,14948500000.0,359241000000.0,285508000000.0,73733000000.0,98657000000.0,62723000000.0,35934000000.0,54697000000.0,5718000000.0,39777000000.0,49834000000.0,125848000000.0,-76014000000.0,0,0,78328000000.0,165631000000.0,147957000000.0,-17674000000.0,-14264000000.0,93568000000.0,93568000000.0,73733000000.0,73733000000.0,172390000000.0,152061000000.0,111482000000.0,98767000000.0,-12715000000.0,-15421000000.0,-90711000000.0,-120686000000.0,15195000000.0,5991000000.0,35934000000.0,29943000000.0,12863000000.0,11698000000.0,0,112010000000.0,-25000000000.0,4481000000.0,-10932000000.0,6,21,14,3,2,9,"Financial Advisors Love Warren Buffett, but They Don’t Always Agree With Him"
2026-08-12 15:20:00+00:00,301.6491088867,301.6499938965,301.0400085449,301.0409851074,469147,0.0,0.0,AAPL,苹果,Apple Inc.,USD,15,20,AAPL,305.59,4459835424768,35.044724,32.14128,1.086,0.35,1.08,0.1204,223.78,344.57,150000,7.36,41.52038,0.27618998,0.27082002,1.4875101,31.707,62399000576,84343996416,466822987776,167959003136,0.48653,0.32623002,78.445,0.812,1.003,0.66483,0.01648,2.58,14594180000,14569223952,322.2844,400.0,215.0,2.13043,41,416161000000.0,220960000000.0,195201000000.0,133050000000.0,112010000000.0,7.46,7.49,0,27601000000.0,20719000000.0,132729000000.0,144748000000.0,133050000000.0,144748000000.0,112010000000.0,11698000000.0,15004697000.0,14948500000.0,359241000000.0,285508000000.0,73733000000.0,98657000000.0,62723000000.0,35934000000.0,54697000000.0,5718000000.0,39777000000.0,49834000000.0,125848000000.0,-76014000000.0,0,0,78328000000.0,165631000000.0,147957000000.0,-17674000000.0,-14264000000.0,93568000000.0,93568000000.0,73733000000.0,73733000000.0,172390000000.0,152061000000.0,111482000000.0,98767000000.0,-12715000000.0,-15421000000.0,-90711000000.0,-120686000000.0,15195000000.0,5991000000.0,35934000000.0,29943000000.0,12863000000.0,11698000000.0,0,112010000000.0,-25000000000.0,4481000000.0,-10932000000.0,6,21,14,3,2,9,"Financial Advisors Love Warren Buffett, but They Don’t Always Agree With Him"
2026-08-12 15:25:00+00:00,301.0400085449,301.299987793,301.0299987793,301.0799865723,368676,0.0,0.0,AAPL,苹果,Apple Inc.,USD,15,25,AAPL,305.59,4459835424768,35.044724,32.14128,1.086,0.35,1.08,0.1204,223.78,344.57,150000,7.36,41.52038,0.27618998,0.27082002,1.4875101,31.707,62399000576,84343996416,466822987776,167959003136,0.48653,0.32623002,78.445,0.812,1.003,0.66483,0.01648,2.58,14594180000,14569223952,322.2844,400.0,215.0,2.13043,41,416161000000.0,220960000000.0,195201000000.0,133050000000.0,112010000000.0,7.46,7.49,0,27601000000.0,20719000000.0,132729000000.0,144748000000.0,133050000000.0,144748000000.0,112010000000.0,11698000000.0,15004697000.0,14948500000.0,359241000000.0,285508000000.0,73733000000.0,98657000000.0,62723000000.0,35934000000.0,54697000000.0,5718000000.0,39777000000.0,49834000000.0,125848000000.0,-76014000000.0,0,0,78328000000.0,165631000000.0,147957000000.0,-17674000000.0,-14264000000.0,93568000000.0,93568000000.0,73733000000.0,73733000000.0,172390000000.0,152061000000.0,111482000000.0,98767000000.0,-12715000000.0,-15421000000.0,-90711000000.0,-120686000000.0,15195000000.0,5991000000.0,35934000000.0,29943000000.0,12863000000.0,11698000000.0,0,112010000000.0,-25000000000.0,4481000000.0,-10932000000.0,6,21,14,3,2,9,"Financial Advisors Love Warren Buffett, but They Don’t Always Agree With Him"
2026-08-12 15:30:00+00:00,301.0899047852,301.1000061035,300.5700073242,300.9494934082,590098,0.0,0.0,AAPL,苹果,Apple Inc.,USD,15,30,AAPL,305.59,4459835424768,35.044724,32.14128,1.086,0.35,1.08,0.1204,223.78,344.57,150000,7.36,41.52038,0.27618998,0.27082002,1.4875101,31.707,62399000576,84343996416,466822987776,167959003136,0.48653,0.32623002,78.445,0.812,1.003,0.66483,0.01648,2.58,14594180000,14569223952,322.2844,400.0,215.0,2.13043,41,416161000000.0,220960000000.0,195201000000.0,133050000000.0,112010000000.0,7.46,7.49,0,27601000000.0,20719000000.0,132729000000.0,144748000000.0,133050000000.0,144748000000.0,112010000000.0,11698000000.0,15004697000.0,14948500000.0,359241000000.0,285508000000.0,73733000000.0,98657000000.0,62723000000.0,35934000000.0,54697000000.0,5718000000.0,39777000000.0,49834000000.0,125848000000.0,-76014000000.0,0,0,78328000000.0,165631000000.0,147957000000.0,-17674000000.0,-14264000000.0,93568000000.0,93568000000.0,73733000000.0,73733000000.0,172390000000.0,152061000000.0,111482000000.0,98767000000.0,-12715000000.0,-15421000000.0,-90711000000.0,-120686000000.0,15195000000.0,5991000000.0,35934000000.0,29943000000.0,12863000000.0,11698000000.0,0,112010000000.0,-25000000000.0,4481000000.0,-10932000000.0,6,21,14,3,2,9,"Financial Advisors Love Warren Buffett, but They Don’t Always Agree With Him"
2026-08-12 15:35:00+00:00,300.9899902344,301.2900085449,300.8800048828,300.9800109863,315405,0.0,0.0,AAPL,苹果,Apple Inc.,USD,15,35,AAPL,305.59,4459835424768,35.044724,32.14128,1.086,0.35,1.08,0.1204,223.78,344.57,150000,7.36,41.52038,0.27618998,0.27082002,1.4875101,31.707,62399000576,84343996416,466822987776,167959003136,0.48653,0.32623002,78.445,0.812,1.003,0.66483,0.01648,2.58,14594180000,14569223952,322.2844,400.0,215.0,2.13043,41,416161000000.0,220960000000.0,195201000000.0,133050000000.0,112010000000.0,7.46,7.49,0,27601000000.0,20719000000.0,132729000000.0,144748000000.0,133050000000.0,144748000000.0,112010000000.0,11698000000.0,15004697000.0,14948500000.0,359241000000.0,285508000000.0,73733000000.0,98657000000.0,62723000000.0,35934000000.0,54697000000.0,5718000000.0,39777000000.0,49834000000.0,125848000000.0,-76014000000.0,0,0,78328000000.0,165631000000.0,147957000000.0,-17674000000.0,-14264000000.0,93568000000.0,93568000000.0,73733000000.0,73733000000.0,172390000000.0,152061000000.0,111482000000.0,98767000000.0,-12715000000.0,-15421000000.0,-90711000000.0,-120686000000.0,15195000000.0,5991000000.0,35934000000.0,29943000000.0,12863000000.0,11698000000.0,0,112010000000.0,-25000000000.0,4481000000.0,-10932000000.0,6,21,14,3,2,9,"Financial Advisors Love Warren Buffett, but They Don’t Always Agree With Him"
2026-08-12 15:40:00+00:00,300.9899902344,301.0280151367,300.7699890137,300.8450012207,280025,0.0,0.0,AAPL,苹果,Apple Inc.,USD,15,40,AAPL,305.59,4459835424768,35.044724,32.14128,1.086,0.35,1.08,0.1204,223.78,344.57,150000,7.36,41.52038,0.27618998,0.27082002,1.4875101,31.707,62399000576,84343996416,466822987776,167959003136,0.48653,0.32623002,78.445,0.812,1.003,0.66483,0.01648,2.58,14594180000,14569223952,322.2844,400.0,215.0,2.13043,41,416161000000.0,220960000000.0,195201000000.0,133050000000.0,112010000000.0,7.46,7.49,0,27601000000.0,20719000000.0,132729000000.0,144748000000.0,133050000000.0,144748000000.0,112010000000.0,11698000000.0,15004697000.0,14948500000.0,359241000000.0,285508000000.0,73733000000.0,98657000000.0,62723000000.0,35934000000.0,54697000000.0,5718000000.0,39777000000.0,49834000000.0,125848000000.0,-76014000000.0,0,0,78328000000.0,165631000000.0,147957000000.0,-17674000000.0,-14264000000.0,93568000000.0,93568000000.0,73733000000.0,73733000000.0,172390000000.0,152061000000.0,111482000000.0,98767000000.0,-12715000000.0,-15421000000.0,-90711000000.0,-120686000000.0,15195000000.0,5991000000.0,35934000000.0,29943000000.0,12863000000.0,11698000000.0,0,112010000000.0,-25000000000.0,4481000000.0,-10932000000.0,6,21,14,3,2,9,"Financial Advisors Love Warren Buffett, but They Don’t Always Agree With Him"
2026-08-12 15:45:00+00:00,300.8299865723,300.9899902344,300.6799926758,300.9649963379,261277,0.0,0.0,AAPL,苹果,Apple Inc.,USD,15,45,AAPL,305.59,4459835424768,35.044724,32.14128,1.086,0.35,1.08,0.1204,223.78,344.57,150000,7.36,41.52038,0.27618998,0.27082002,1.4875101,31.707,62399000576,84343996416,466822987776,167959003136,0.48653,0.32623002,78.445,0.812,1.003,0.66483,0.01648,2.58,14594180000,14569223952,322.2844,400.0,215.0,2.13043,41,416161000000.0,220960000000.0,195201000000.0,133050000000.0,112010000000.0,7.46,7.49,0,27601000000.0,20719000000.0,132729000000.0,144748000000.0,133050000000.0,144748000000.0,112010000000.0,11698000000.0,15004697000.0,14948500000.0,359241000000.0,285508000000.0,73733000000.0,98657000000.0,62723000000.0,35934000000.0,54697000000.0,5718000000.0,39777000000.0,49834000000.0,125848000000.0,-76014000000.0,0,0,78328000000.0,165631000000.0,147957000000.0,-17674000000.0,-14264000000.0,93568000000.0,93568000000.0,73733000000.0,73733000000.0,172390000000.0,152061000000.0,111482000000.0,98767000000.0,-12715000000.0,-15421000000.0,-90711000000.0,-120686000000.0,15195000000.0,5991000000.0,35934000000.0,29943000000.0,12863000000.0,11698000000.0,0,112010000000.0,-25000000000.0,4481000000.0,-10932000000.0,6,21,14,3,2,9,"Financial Advisors Love Warren Buffett, but They Don’t Always Agree With Him"
2026-08-12 15:50:00+00:00,300.9800109863,301.0899963379,300.6199951172,300.9100036621,243947,0.0,0.0,AAPL,苹果,Apple Inc.,USD,15,50,AAPL,305.59,4459835424768,35.044724,32.14128,1.086,0.35,1.08,0.1204,223.78,344.57,150000,7.36,41.52038,0.27618998,0.27082002,1.4875101,31.707,62399000576,84343996416,466822987776,167959003136,0.48653,0.32623002,78.445,0.812,1.003,0.66483,0.01648,2.58,14594180000,14569223952,322.2844,400.0,215.0,2.13043,41,416161000000.0,220960000000.0,195201000000.0,133050000000.0,112010000000.0,7.46,7.49,0,27601000000.0,20719000000.0,132729000000.0,144748000000.0,133050000000.0,144748000000.0,112010000000.0,11698000000.0,15004697000.0,14948500000.0,359241000000.0,285508000000.0,73733000000.0,98657000000.0,62723000000.0,35934000000.0,54697000000.0,5718000000.0,39777000000.0,49834000000.0,125848000000.0,-76014000000.0,0,0,78328000000.0,165631000000.0,147957000000.0,-17674000000.0,-14264000000.0,93568000000.0,93568000000.0,73733000000.0,73733000000.0,172390000000.0,152061000000.0,111482000000.0,98767000000.0,-12715000000.0,-15421000000.0,-90711000000.0,-120686000000.0,15195000000.0,5991000000.0,35934000000.0,29943000000.0,12863000000.0,11698000000.0,0,112010000000.0,-25000000000.0,4481000000.0,-10932000000.0,6,21,14,3,2,9,"Financial Advisors Love Warren Buffett, but They Don’t Always Agree With Him"
2026-08-12 15:55:00+00:00,300.8999938965,301.25,300.8900146484,301.1700134277,265378,0.0,0.0,AAPL,苹果,Apple Inc.,USD,15,55,AAPL,305.59,4459835424768,35.044724,32.14128,1.086,0.35,1.08,0.1204,223.78,344.57,150000,7.36,41.52038,0.27618998,0.27082002,1.4875101,31.707,62399000576,84343996416,466822987776,167959003136,0.48653,0.32623002,78.445,0.812,1.003,0.66483,0.01648,2.58,14594180000,14569223952,322.2844,400.0,215.0,2.13043,41,416161000000.0,220960000000.0,195201000000.0,133050000000.0,112010000000.0,7.46,7.49,0,27601000000.0,20719000000.0,132729000000.0,144748000000.0,133050000000.0,144748000000.0,112010000000.0,11698000000.0,15004697000.0,14948500000.0,359241000000.0,285508000000.0,73733000000.0,98657000000.0,62723000000.0,35934000000.0,54697000000.0,5718000000.0,39777000000.0,49834000000.0,125848000000.0,-76014000000.0,0,0,78328000000.0,165631000000.0,147957000000.0,-17674000000.0,-14264000000.0,93568000000.0,93568000000.0,73733000000.0,73733000000.0,172390000000.0,152061000000.0,111482000000.0,98767000000.0,-12715000000.0,-15421000000.0,-90711000000.0,-120686000000.0,15195000000.0,5991000000.0,35934000000.0,29943000000.0,12863000000.0,11698000000.0,0,112010000000.0,-25000000000.0,4481000000.0,-10932000000.0,6,21,14,3,2,9,"Financial Advisors Love Warren Buffett, but They Don’t Always Agree With Him"
2026-08-12 16:00:00+00:00,301.1899108887,301.4457092285,301.1300048828,301.1549987793,302083,0.0,0.0,AAPL,苹果,Apple Inc.,USD,16,0,AAPL,305.59,4459835424768,35.044724,32.14128,1.086,0.35,1.08,0.1204,223.78,344.57,150000,7.36,41.52038,0.27618998,0.27082002,1.4875101,31.707,62399000576,84343996416,466822987776,167959003136,0.48653,0.32623002,78.445,0.812,1.003,0.66483,0.01648,2.58,14594180000,14569223952,322.2844,400.0,215.0,2.13043,41,416161000000.0,220960000000.0,195201000000.0,133050000000.0,112010000000.0,7.46,7.49,0,27601000000.0,20719000000.0,132729000000.0,144748000000.0,133050000000.0,144748000000.0,112010000000.0,11698000000.0,15004697000.0,14948500000.0,359241000000.0,285508000000.0,73733000000.0,98657000000.0,62723000000.0,35934000000.0,54697000000.0,5718000000.0,39777000000.0,49834000000.0,125848000000.0,-76014000000.0,0,0,78328000000.0,165631000000.0,147957000000.0,-17674000000.0,-14264000000.0,93568000000.0,93568000000.0,73733000000.0,73733000000.0,172390000000.0,152061000000.0,111482000000.0,98767000000.0,-12715000000.0,-15421000000.0,-90711000000.0,-120686000000.0,15195000000.0,5991000000.0,35934000000.0,29943000000.0,12863000000.0,11698000000.0,0,112010000000.0,-25000000000.0,4481000000.0,-10932000000.0,6,21,14,3,2,9,"Financial Advisors Love Warren Buffett, but They Don’t Always Agree With Him"
2026-08-12 16:05:00+00:00,301.1549987793,301.6499938965,301.0,301.5599975586,295371,0.0,0.0,AAPL,苹果,Apple Inc.,USD,16,5,AAPL,305.59,4459835424768,35.044724,32.14128,1.086,0.35,1.08,0.1204,223.78,344.57,150000,7.36,41.52038,0.27618998,0.27082002,1.4875101,31.707,62399000576,84343996416,466822987776,167959003136,0.48653,0.32623002,78.445,0.812,1.003,0.66483,0.01648,2.58,14594180000,14569223952,322.2844,400.0,215.0,2.13043,41,416161000000.0,220960000000.0,195201000000.0,133050000000.0,112010000000.0,7.46,7.49,0,27601000000.0,20719000000.0,132729000000.0,144748000000.0,133050000000.0,144748000000.0,112010000000.0,11698000000.0,15004697000.0,14948500000.0,359241000000.0,285508000000.0,73733000000.0,98657000000.0,62723000000.0,35934000000.0,54697000000.0,5718000000.0,39777000000.0,49834000000.0,125848000000.0,-76014000000.0,0,0,78328000000.0,165631000000.0,147957000000.0,-17674000000.0,-14264000000.0,93568000000.0,93568000000.0,73733000000.0,73733000000.0,172390000000.0,152061000000.0,111482000000.0,98767000000.0,-12715000000.0,-15421000000.0,-90711000000.0,-120686000000.0,15195000000.0,5991000000.0,35934000000.0,29943000000.0,12863000000.0,11698000000.0,0,112010000000.0,-25000000000.0,4481000000.0,-10932000000.0,6,21,14,3,2,9,"Financial Advisors Love Warren Buffett, but They Don’t Always Agree With Him"
2026-08-12 16:10:00+00:00,301.5599975586,301.8200073242,301.4899902344,301.7749938965,353158,0.0,0.0,AAPL,苹果,Apple Inc.,USD,16,10,AAPL,305.59,4459835424768,35.044724,32.14128,1.086,0.35,1.08,0.1204,223.78,344.57,150000,7.36,41.52038,0.27618998,0.27082002,1.4875101,31.707,62399000576,84343996416,466822987776,167959003136,0.48653,0.32623002,78.445,0.812,1.003,0.66483,0.01648,2.58,14594180000,14569223952,322.2844,400.0,215.0,2.13043,41,416161000000.0,220960000000.0,195201000000.0,133050000000.0,112010000000.0,7.46,7.49,0,27601000000.0,20719000000.0,132729000000.0,144748000000.0,133050000000.0,144748000000.0,112010000000.0,11698000000.0,15004697000.0,14948500000.0,359241000000.0,285508000000.0,73733000000.0,98657000000.0,62723000000.0,35934000000.0,54697000000.0,5718000000.0,39777000000.0,49834000000.0,125848000000.0,-76014000000.0,0,0,78328000000.0,165631000000.0,147957000000.0,-17674000000.0,-14264000000.0,93568000000.0,93568000000.0,73733000000.0,73733000000.0,172390000000.0,152061000000.0,111482000000.0,98767000000.0,-12715000000.0,-15421000000.0,-90711000000.0,-120686000000.0,15195000000.0,5991000000.0,35934000000.0,29943000000.0,12863000000.0,11698000000.0,0,112010000000.0,-25000000000.0,4481000000.0,-10932000000.0,6,21,14,3,2,9,"Financial Advisors Love Warren Buffett, but They Don’t Always Agree With Him"
2026-08-12 16:15:00+00:00,301.7749938965,301.8099975586,301.3900146484,301.450012207,211061,0.0,0.0,AAPL,苹果,Apple Inc.,USD,16,15,AAPL,305.59,4459835424768,35.044724,32.14128,1.086,0.35,1.08,0.1204,223.78,344.57,150000,7.36,41.52038,0.27618998,0.27082002,1.4875101,31.707,62399000576,84343996416,466822987776,167959003136,0.48653,0.32623002,78.445,0.812,1.003,0.66483,0.01648,2.58,14594180000,14569223952,322.2844,400.0,215.0,2.13043,41,416161000000.0,220960000000.0,195201000000.0,133050000000.0,112010000000.0,7.46,7.49,0,27601000000.0,20719000000.0,132729000000.0,144748000000.0,133050000000.0,144748000000.0,112010000000.0,11698000000.0,15004697000.0,14948500000.0,359241000000.0,285508000000.0,73733000000.0,98657000000.0,62723000000.0,35934000000.0,54697000000.0,5718000000.0,39777000000.0,49834000000.0,125848000000.0,-76014000000.0,0,0,78328000000.0,165631000000.0,147957000000.0,-17674000000.0,-14264000000.0,93568000000.0,93568000000.0,73733000000.0,73733000000.0,172390000000.0,152061000000.0,111482000000.0,98767000000.0,-12715000000.0,-15421000000.0,-90711000000.0,-120686000000.0,15195000000.0,5991000000.0,35934000000.0,29943000000.0,12863000000.0,11698000000.0,0,112010000000.0,-25000000000.0,4481000000.0,-10932000000.0,6,21,14,3,2,9,"Financial Advisors Love Warren Buffett, but They Don’t Always Agree With Him"
2026-08-12 16:20:00+00:00,301.4800109863,301.5,301.3399963379,301.4599914551,241572,0.0,0.0,AAPL,苹果,Apple Inc.,USD,16,20,AAPL,305.59,4459835424768,35.044724,32.14128,1.086,0.35,1.08,0.1204,223.78,344.57,150000,7.36,41.52038,0.27618998,0.27082002,1.4875101,31.707,62399000576,84343996416,466822987776,167959003136,0.48653,0.32623002,78.445,0.812,1.003,0.66483,0.01648,2.58,14594180000,14569223952,322.2844,400.0,215.0,2.13043,41,416161000000.0,220960000000.0,195201000000.0,133050000000.0,112010000000.0,7.46,7.49,0,27601000000.0,20719000000.0,132729000000.0,144748000000.0,133050000000.0,144748000000.0,112010000000.0,11698000000.0,15004697000.0,14948500000.0,359241000000.0,285508000000.0,73733000000.0,98657000000.0,62723000000.0,35934000000.0,54697000000.0,5718000000.0,39777000000.0,49834000000.0,125848000000.0,-76014000000.0,0,0,78328000000.0,165631000000.0,147957000000.0,-17674000000.0,-14264000000.0,93568000000.0,93568000000.0,73733000000.0,73733000000.0,172390000000.0,152061000000.0,111482000000.0,98767000000.0,-12715000000.0,-15421000000.0,-90711000000.0,-120686000000.0,15195000000.0,5991000000.0,35934000000.0,29943000000.0,12863000000.0,11698000000.0,0,112010000000.0,-25000000000.0,4481000000.0,-10932000000.0,6,21,14,3,2,9,"Financial Advisors Love Warren Buffett, but They Don’t Always Agree With Him"
2026-08-12 16:25:00+00:00,301.469909668,301.5646972656,301.2399902344,301.5100097656,212942,0.0,0.0,AAPL,苹果,Apple Inc.,USD,16,25,AAPL,305.59,4459835424768,35.044724,32.14128,1.086,0.35,1.08,0.1204,223.78,344.57,150000,7.36,41.52038,0.27618998,0.27082002,1.4875101,31.707,62399000576,84343996416,466822987776,167959003136,0.48653,0.32623002,78.445,0.812,1.003,0.66483,0.01648,2.58,14594180000,14569223952,322.2844,400.0,215.0,2.13043,41,416161000000.0,220960000000.0,195201000000.0,133050000000.0,112010000000.0,7.46,7.49,0,27601000000.0,20719000000.0,132729000000.0,144748000000.0,133050000000.0,144748000000.0,112010000000.0,11698000000.0,15004697000.0,14948500000.0,359241000000.0,285508000000.0,73733000000.0,98657000000.0,62723000000.0,35934000000.0,54697000000.0,5718000000.0,39777000000.0,49834000000.0,125848000000.0,-76014000000.0,0,0,78328000000.0,165631000000.0,147957000000.0,-17674000000.0,-14264000000.0,93568000000.0,93568000000.0,73733000000.0,73733000000.0,172390000000.0,152061000000.0,111482000000.0,98767000000.0,-12715000000.0,-15421000000.0,-90711000000.0,-120686000000.0,15195000000.0,5991000000.0,35934000000.0,29943000000.0,12863000000.0,11698000000.0,0,112010000000.0,-25000000000.0,4481000000.0,-10932000000.0,6,21,14,3,2,9,"Financial Advisors Love Warren Buffett, but They Don’t Always Agree With Him"
2026-08-12 16:30:00+00:00,301.5150146484,301.6099853516,301.4100036621,301.530090332,164051,0.0,0.0,AAPL,苹果,Apple Inc.,USD,16,30,AAPL,305.59,4459835424768,35.044724,32.14128,1.086,0.35,1.08,0.1204,223.78,344.57,150000,7.36,41.52038,0.27618998,0.27082002,1.4875101,31.707,62399000576,84343996416,466822987776,167959003136,0.48653,0.32623002,78.445,0.812,1.003,0.66483,0.01648,2.58,14594180000,14569223952,322.2844,400.0,215.0,2.13043,41,416161000000.0,220960000000.0,195201000000.0,133050000000.0,112010000000.0,7.46,7.49,0,27601000000.0,20719000000.0,132729000000.0,144748000000.0,133050000000.0,144748000000.0,112010000000.0,11698000000.0,15004697000.0,14948500000.0,359241000000.0,285508000000.0,73733000000.0,98657000000.0,62723000000.0,35934000000.0,54697000000.0,5718000000.0,39777000000.0,49834000000.0,125848000000.0,-76014000000.0,0,0,78328000000.0,165631000000.0,147957000000.0,-17674000000.0,-14264000000.0,93568000000.0,93568000000.0,73733000000.0,73733000000.0,172390000000.0,152061000000.0,111482000000.0,98767000000.0,-12715000000.0,-15421000000.0,-90711000000.0,-120686000000.0,15195000000.0,5991000000.0,35934000000.0,29943000000.0,12863000000.0,11698000000.0,0,112010000000.0,-25000000000.0,4481000000.0,-10932000000.0,6,21,14,3,2,9,"Financial Advisors Love Warren Buffett, but They Don’t Always Agree With Him"
2026-08-12 16:35:00+00:00,301.5299987793,301.7200012207,301.4599914551,301.7200012207,167347,0.0,0.0,AAPL,苹果,Apple Inc.,USD,16,35,AAPL,305.59,4459835424768,35.044724,32.14128,1.086,0.35,1.08,0.1204,223.78,344.57,150000,7.36,41.52038,0.27618998,0.27082002,1.4875101,31.707,62399000576,84343996416,466822987776,167959003136,0.48653,0.32623002,78.445,0.812,1.003,0.66483,0.01648,2.58,14594180000,14569223952,322.2844,400.0,215.0,2.13043,41,416161000000.0,220960000000.0,195201000000.0,133050000000.0,112010000000.0,7.46,7.49,0,27601000000.0,20719000000.0,132729000000.0,144748000000.0,133050000000.0,144748000000.0,112010000000.0,11698000000.0,15004697000.0,14948500000.0,359241000000.0,285508000000.0,73733000000.0,98657000000.0,62723000000.0,35934000000.0,54697000000.0,5718000000.0,39777000000.0,49834000000.0,125848000000.0,-76014000000.0,0,0,78328000000.0,165631000000.0,147957000000.0,-17674000000.0,-14264000000.0,93568000000.0,93568000000.0,73733000000.0,73733000000.0,172390000000.0,152061000000.0,111482000000.0,98767000000.0,-12715000000.0,-15421000000.0,-90711000000.0,-120686000000.0,15195000000.0,5991000000.0,35934000000.0,29943000000.0,12863000000.0,11698000000.0,0,112010000000.0,-25000000000.0,4481000000.0,-10932000000.0,6,21,14,3,2,9,"Financial Advisors Love Warren Buffett, but They Don’t Always Agree With Him"
2026-08-12 16:40:00+00:00,301.7099914551,301.8999938965,301.6400146484,301.8999938965,304575,0.0,0.0,AAPL,苹果,Apple Inc.,USD,16,40,AAPL,305.59,4459835424768,35.044724,32.14128,1.086,0.35,1.08,0.1204,223.78,344.57,150000,7.36,41.52038,0.27618998,0.27082002,1.4875101,31.707,62399000576,84343996416,466822987776,167959003136,0.48653,0.32623002,78.445,0.812,1.003,0.66483,0.01648,2.58,14594180000,14569223952,322.2844,400.0,215.0,2.13043,41,416161000000.0,220960000000.0,195201000000.0,133050000000.0,112010000000.0,7.46,7.49,0,27601000000.0,20719000000.0,132729000000.0,144748000000.0,133050000000.0,144748000000.0,112010000000.0,11698000000.0,15004697000.0,14948500000.0,359241000000.0,285508000000.0,73733000000.0,98657000000.0,62723000000.0,35934000000.0,54697000000.0,5718000000.0,39777000000.0,49834000000.0,125848000000.0,-76014000000.0,0,0,78328000000.0,165631000000.0,147957000000.0,-17674000000.0,-14264000000.0,93568000000.0,93568000000.0,73733000000.0,73733000000.0,172390000000.0,152061000000.0,111482000000.0,98767000000.0,-12715000000.0,-15421000000.0,-90711000000.0,-120686000000.0,15195000000.0,5991000000.0,35934000000.0,29943000000.0,12863000000.0,11698000000.0,0,112010000000.0,-25000000000.0,4481000000.0,-10932000000.0,6,21,14,3,2,9,"Financial Advisors Love Warren Buffett, but They Don’t Always Agree With Him"
2026-08-12 16:45:00+00:00,301.8999938965,301.9100036621,301.6300048828,301.7390136719,204974,0.0,0.0,AAPL,苹果,Apple Inc.,USD,16,45,AAPL,305.59,4459835424768,35.044724,32.14128,1.086,0.35,1.08,0.1204,223.78,344.57,150000,7.36,41.52038,0.27618998,0.27082002,1.4875101,31.707,62399000576,84343996416,466822987776,167959003136,0.48653,0.32623002,78.445,0.812,1.003,0.66483,0.01648,2.58,14594180000,14569223952,322.2844,400.0,215.0,2.13043,41,416161000000.0,220960000000.0,195201000000.0,133050000000.0,112010000000.0,7.46,7.49,0,27601000000.0,20719000000.0,132729000000.0,144748000000.0,133050000000.0,144748000000.0,112010000000.0,11698000000.0,15004697000.0,14948500000.0,359241000000.0,285508000000.0,73733000000.0,98657000000.0,62723000000.0,35934000000.0,54697000000.0,5718000000.0,39777000000.0,49834000000.0,125848000000.0,-76014000000.0,0,0,78328000000.0,165631000000.0,147957000000.0,-17674000000.0,-14264000000.0,93568000000.0,93568000000.0,73733000000.0,73733000000.0,172390000000.0,152061000000.0,111482000000.0,98767000000.0,-12715000000.0,-15421000000.0,-90711000000.0,-120686000000.0,15195000000.0,5991000000.0,35934000000.0,29943000000.0,12863000000.0,11698000000.0,0,112010000000.0,-25000000000.0,4481000000.0,-10932000000.0,6,21,14,3,2,9,"Financial Advisors Love Warren Buffett, but They Don’t Always Agree With Him"
2026-08-12 16:50:00+00:00,301.7349853516,302.1300048828,301.7349853516,302.0700073242,313370,0.0,0.0,AAPL,苹果,Apple Inc.,USD,16,50,AAPL,305.59,4459835424768,35.044724,32.14128,1.086,0.35,1.08,0.1204,223.78,344.57,150000,7.36,41.52038,0.27618998,0.27082002,1.4875101,31.707,62399000576,84343996416,466822987776,167959003136,0.48653,0.32623002,78.445,0.812,1.003,0.66483,0.01648,2.58,14594180000,14569223952,322.2844,400.0,215.0,2.13043,41,416161000000.0,220960000000.0,195201000000.0,133050000000.0,112010000000.0,7.46,7.49,0,27601000000.0,20719000000.0,132729000000.0,144748000000.0,133050000000.0,144748000000.0,112010000000.0,11698000000.0,15004697000.0,14948500000.0,359241000000.0,285508000000.0,73733000000.0,98657000000.0,62723000000.0,35934000000.0,54697000000.0,5718000000.0,39777000000.0,49834000000.0,125848000000.0,-76014000000.0,0,0,78328000000.0,165631000000.0,147957000000.0,-17674000000.0,-14264000000.0,93568000000.0,93568000000.0,73733000000.0,73733000000.0,172390000000.0,152061000000.0,111482000000.0,98767000000.0,-12715000000.0,-15421000000.0,-90711000000.0,-120686000000.0,15195000000.0,5991000000.0,35934000000.0,29943000000.0,12863000000.0,11698000000.0,0,112010000000.0,-25000000000.0,4481000000.0,-10932000000.0,6,21,14,3,2,9,"Financial Advisors Love Warren Buffett, but They Don’t Always Agree With Him"
2026-08-12 16:55:00+00:00,302.0599975586,302.2300109863,301.9700012207,302.1600036621,213090,0.0,0.0,AAPL,苹果,Apple Inc.,USD,16,55,AAPL,305.59,4459835424768,35.044724,32.14128,1.086,0.35,1.08,0.1204,223.78,344.57,150000,7.36,41.52038,0.27618998,0.27082002,1.4875101,31.707,62399000576,84343996416,466822987776,167959003136,0.48653,0.32623002,78.445,0.812,1.003,0.66483,0.01648,2.58,14594180000,14569223952,322.2844,400.0,215.0,2.13043,41,416161000000.0,220960000000.0,195201000000.0,133050000000.0,112010000000.0,7.46,7.49,0,27601000000.0,20719000000.0,132729000000.0,144748000000.0,133050000000.0,144748000000.0,112010000000.0,11698000000.0,15004697000.0,14948500000.0,359241000000.0,285508000000.0,73733000000.0,98657000000.0,62723000000.0,35934000000.0,54697000000.0,5718000000.0,39777000000.0,49834000000.0,125848000000.0,-76014000000.0,0,0,78328000000.0,165631000000.0,147957000000.0,-17674000000.0,-14264000000.0,93568000000.0,93568000000.0,73733000000.0,73733000000.0,172390000000.0,152061000000.0,111482000000.0,98767000000.0,-12715000000.0,-15421000000.0,-90711000000.0,-120686000000.0,15195000000.0,5991000000.0,35934000000.0,29943000000.0,12863000000.0,11698000000.0,0,112010000000.0,-25000000000.0,4481000000.0,-10932000000.0,6,21,14,3,2,9,"Financial Advisors Love Warren Buffett, but They Don’t Always Agree With Him"
2026-08-12 17:00:00+00:00,302.1650085449,302.200012207,302.0400085449,302.1900024414,137140,0.0,0.0,AAPL,苹果,Apple Inc.,USD,17,0,AAPL,305.59,4459835424768,35.044724,32.14128,1.086,0.35,1.08,0.1204,223.78,344.57,150000,7.36,41.52038,0.27618998,0.27082002,1.4875101,31.707,62399000576,84343996416,466822987776,167959003136,0.48653,0.32623002,78.445,0.812,1.003,0.66483,0.01648,2.58,14594180000,14569223952,322.2844,400.0,215.0,2.13043,41,416161000000.0,220960000000.0,195201000000.0,133050000000.0,112010000000.0,7.46,7.49,0,27601000000.0,20719000000.0,132729000000.0,144748000000.0,133050000000.0,144748000000.0,112010000000.0,11698000000.0,15004697000.0,14948500000.0,359241000000.0,285508000000.0,73733000000.0,98657000000.0,62723000000.0,35934000000.0,54697000000.0,5718000000.0,39777000000.0,49834000000.0,125848000000.0,-76014000000.0,0,0,78328000000.0,165631000000.0,147957000000.0,-17674000000.0,-14264000000.0,93568000000.0,93568000000.0,73733000000.0,73733000000.0,172390000000.0,152061000000.0,111482000000.0,98767000000.0,-12715000000.0,-15421000000.0,-90711000000.0,-120686000000.0,15195000000.0,5991000000.0,35934000000.0,29943000000.0,12863000000.0,11698000000.0,0,112010000000.0,-25000000000.0,4481000000.0,-10932000000.0,6,21,14,3,2,9,"Financial Advisors Love Warren Buffett, but They Don’t Always Agree With Him"
2026-08-12 17:05:00+00:00,302.200012207,302.3800048828,302.200012207,302.3049926758,211448,0.0,0.0,AAPL,苹果,Apple Inc.,USD,17,5,AAPL,305.59,4459835424768,35.044724,32.14128,1.086,0.35,1.08,0.1204,223.78,344.57,150000,7.36,41.52038,0.27618998,0.27082002,1.4875101,31.707,62399000576,84343996416,466822987776,167959003136,0.48653,0.32623002,78.445,0.812,1.003,0.66483,0.01648,2.58,14594180000,14569223952,322.2844,400.0,215.0,2.13043,41,416161000000.0,220960000000.0,195201000000.0,133050000000.0,112010000000.0,7.46,7.49,0,27601000000.0,20719000000.0,132729000000.0,144748000000.0,133050000000.0,144748000000.0,112010000000.0,11698000000.0,15004697000.0,14948500000.0,359241000000.0,285508000000.0,73733000000.0,98657000000.0,62723000000.0,35934000000.0,54697000000.0,5718000000.0,39777000000.0,49834000000.0,125848000000.0,-76014000000.0,0,0,78328000000.0,165631000000.0,147957000000.0,-17674000000.0,-14264000000.0,93568000000.0,93568000000.0,73733000000.0,73733000000.0,172390000000.0,152061000000.0,111482000000.0,98767000000.0,-12715000000.0,-15421000000.0,-90711000000.0,-120686000000.0,15195000000.0,5991000000.0,35934000000.0,29943000000.0,12863000000.0,11698000000.0,0,112010000000.0,-25000000000.0,4481000000.0,-10932000000.0,6,21,14,3,2,9,"Financial Advisors Love Warren Buffett, but They Don’t Always Agree With Him"
2026-08-12 17:10:00+00:00,302.3074951172,302.5100097656,302.1900024414,302.4400024414,231130,0.0,0.0,AAPL,苹果,Apple Inc.,USD,17,10,AAPL,305.59,4459835424768,35.044724,32.14128,1.086,0.35,1.08,0.1204,223.78,344.57,150000,7.36,41.52038,0.27618998,0.27082002,1.4875101,31.707,62399000576,84343996416,466822987776,167959003136,0.48653,0.32623002,78.445,0.812,1.003,0.66483,0.01648,2.58,14594180000,14569223952,322.2844,400.0,215.0,2.13043,41,416161000000.0,220960000000.0,195201000000.0,133050000000.0,112010000000.0,7.46,7.49,0,27601000000.0,20719000000.0,132729000000.0,144748000000.0,133050000000.0,144748000000.0,112010000000.0,11698000000.0,15004697000.0,14948500000.0,359241000000.0,285508000000.0,73733000000.0,98657000000.0,62723000000.0,35934000000.0,54697000000.0,5718000000.0,39777000000.0,49834000000.0,125848000000.0,-76014000000.0,0,0,78328000000.0,165631000000.0,147957000000.0,-17674000000.0,-14264000000.0,93568000000.0,93568000000.0,73733000000.0,73733000000.0,172390000000.0,152061000000.0,111482000000.0,98767000000.0,-12715000000.0,-15421000000.0,-90711000000.0,-120686000000.0,15195000000.0,5991000000.0,35934000000.0,29943000000.0,12863000000.0,11698000000.0,0,112010000000.0,-25000000000.0,4481000000.0,-10932000000.0,6,21,14,3,2,9,"Financial Advisors Love Warren Buffett, but They Don’t Always Agree With Him"
2026-08-12 17:15:00+00:00,302.4299926758,302.5,302.0599975586,302.1499938965,242777,0.0,0.0,AAPL,苹果,Apple Inc.,USD,17,15,AAPL,305.59,4459835424768,35.044724,32.14128,1.086,0.35,1.08,0.1204,223.78,344.57,150000,7.36,41.52038,0.27618998,0.27082002,1.4875101,31.707,62399000576,84343996416,466822987776,167959003136,0.48653,0.32623002,78.445,0.812,1.003,0.66483,0.01648,2.58,14594180000,14569223952,322.2844,400.0,215.0,2.13043,41,416161000000.0,220960000000.0,195201000000.0,133050000000.0,112010000000.0,7.46,7.49,0,27601000000.0,20719000000.0,132729000000.0,144748000000.0,133050000000.0,144748000000.0,112010000000.0,11698000000.0,15004697000.0,14948500000.0,359241000000.0,285508000000.0,73733000000.0,98657000000.0,62723000000.0,35934000000.0,54697000000.0,5718000000.0,39777000000.0,49834000000.0,125848000000.0,-76014000000.0,0,0,78328000000.0,165631000000.0,147957000000.0,-17674000000.0,-14264000000.0,93568000000.0,93568000000.0,73733000000.0,73733000000.0,172390000000.0,152061000000.0,111482000000.0,98767000000.0,-12715000000.0,-15421000000.0,-90711000000.0,-120686000000.0,15195000000.0,5991000000.0,35934000000.0,29943000000.0,12863000000.0,11698000000.0,0,112010000000.0,-25000000000.0,4481000000.0,-10932000000.0,6,21,14,3,2,9,"Financial Advisors Love Warren Buffett, but They Don’t Always Agree With Him"
2026-08-12 17:20:00+00:00,302.1400146484,302.4299926758,302.1300048828,302.4294128418,164503,0.0,0.0,AAPL,苹果,Apple Inc.,USD,17,20,AAPL,305.59,4459835424768,35.044724,32.14128,1.086,0.35,1.08,0.1204,223.78,344.57,150000,7.36,41.52038,0.27618998,0.27082002,1.4875101,31.707,62399000576,84343996416,466822987776,167959003136,0.48653,0.32623002,78.445,0.812,1.003,0.66483,0.01648,2.58,14594180000,14569223952,322.2844,400.0,215.0,2.13043,41,416161000000.0,220960000000.0,195201000000.0,133050000000.0,112010000000.0,7.46,7.49,0,27601000000.0,20719000000.0,132729000000.0,144748000000.0,133050000000.0,144748000000.0,112010000000.0,11698000000.0,15004697000.0,14948500000.0,359241000000.0,285508000000.0,73733000000.0,98657000000.0,62723000000.0,35934000000.0,54697000000.0,5718000000.0,39777000000.0,49834000000.0,125848000000.0,-76014000000.0,0,0,78328000000.0,165631000000.0,147957000000.0,-17674000000.0,-14264000000.0,93568000000.0,93568000000.0,73733000000.0,73733000000.0,172390000000.0,152061000000.0,111482000000.0,98767000000.0,-12715000000.0,-15421000000.0,-90711000000.0,-120686000000.0,15195000000.0,5991000000.0,35934000000.0,29943000000.0,12863000000.0,11698000000.0,0,112010000000.0,-25000000000.0,4481000000.0,-10932000000.0,6,21,14,3,2,9,"Financial Advisors Love Warren Buffett, but They Don’t Always Agree With Him"
2026-08-12 17:25:00+00:00,302.4122924805,302.4700012207,302.1500854492,302.1600952148,231187,0.0,0.0,AAPL,苹果,Apple Inc.,USD,17,25,AAPL,305.59,4459835424768,35.044724,32.14128,1.086,0.35,1.08,0.1204,223.78,344.57,150000,7.36,41.52038,0.27618998,0.27082002,1.4875101,31.707,62399000576,84343996416,466822987776,167959003136,0.48653,0.32623002,78.445,0.812,1.003,0.66483,0.01648,2.58,14594180000,14569223952,322.2844,400.0,215.0,2.13043,41,416161000000.0,220960000000.0,195201000000.0,133050000000.0,112010000000.0,7.46,7.49,0,27601000000.0,20719000000.0,132729000000.0,144748000000.0,133050000000.0,144748000000.0,112010000000.0,11698000000.0,15004697000.0,14948500000.0,359241000000.0,285508000000.0,73733000000.0,98657000000.0,62723000000.0,35934000000.0,54697000000.0,5718000000.0,39777000000.0,49834000000.0,125848000000.0,-76014000000.0,0,0,78328000000.0,165631000000.0,147957000000.0,-17674000000.0,-14264000000.0,93568000000.0,93568000000.0,73733000000.0,73733000000.0,172390000000.0,152061000000.0,111482000000.0,98767000000.0,-12715000000.0,-15421000000.0,-90711000000.0,-120686000000.0,15195000000.0,5991000000.0,35934000000.0,29943000000.0,12863000000.0,11698000000.0,0,112010000000.0,-25000000000.0,4481000000.0,-10932000000.0,6,21,14,3,2,9,"Financial Advisors Love Warren Buffett, but They Don’t Always Agree With Him"
2026-08-12 17:30:00+00:00,302.1700134277,302.2300109863,302.0400085449,302.1799926758,226283,0.0,0.0,AAPL,苹果,Apple Inc.,USD,17,30,AAPL,305.59,4459835424768,35.044724,32.14128,1.086,0.35,1.08,0.1204,223.78,344.57,150000,7.36,41.52038,0.27618998,0.27082002,1.4875101,31.707,62399000576,84343996416,466822987776,167959003136,0.48653,0.32623002,78.445,0.812,1.003,0.66483,0.01648,2.58,14594180000,14569223952,322.2844,400.0,215.0,2.13043,41,416161000000.0,220960000000.0,195201000000.0,133050000000.0,112010000000.0,7.46,7.49,0,27601000000.0,20719000000.0,132729000000.0,144748000000.0,133050000000.0,144748000000.0,112010000000.0,11698000000.0,15004697000.0,14948500000.0,359241000000.0,285508000000.0,73733000000.0,98657000000.0,62723000000.0,35934000000.0,54697000000.0,5718000000.0,39777000000.0,49834000000.0,125848000000.0,-76014000000.0,0,0,78328000000.0,165631000000.0,147957000000.0,-17674000000.0,-14264000000.0,93568000000.0,93568000000.0,73733000000.0,73733000000.0,172390000000.0,152061000000.0,111482000000.0,98767000000.0,-12715000000.0,-15421000000.0,-90711000000.0,-120686000000.0,15195000000.0,5991000000.0,35934000000.0,29943000000.0,12863000000.0,11698000000.0,0,112010000000.0,-25000000000.0,4481000000.0,-10932000000.0,6,21,14,3,2,9,"Financial Advisors Love Warren Buffett, but They Don’t Always Agree With Him"
2026-08-12 17:35:00+00:00,302.1799926758,302.2976989746,302.0199890137,302.1199951172,195195,0.0,0.0,AAPL,苹果,Apple Inc.,USD,17,35,AAPL,305.59,4459835424768,35.044724,32.14128,1.086,0.35,1.08,0.1204,223.78,344.57,150000,7.36,41.52038,0.27618998,0.27082002,1.4875101,31.707,62399000576,84343996416,466822987776,167959003136,0.48653,0.32623002,78.445,0.812,1.003,0.66483,0.01648,2.58,14594180000,14569223952,322.2844,400.0,215.0,2.13043,41,416161000000.0,220960000000.0,195201000000.0,133050000000.0,112010000000.0,7.46,7.49,0,27601000000.0,20719000000.0,132729000000.0,144748000000.0,133050000000.0,144748000000.0,112010000000.0,11698000000.0,15004697000.0,14948500000.0,359241000000.0,285508000000.0,73733000000.0,98657000000.0,62723000000.0,35934000000.0,54697000000.0,5718000000.0,39777000000.0,49834000000.0,125848000000.0,-76014000000.0,0,0,78328000000.0,165631000000.0,147957000000.0,-17674000000.0,-14264000000.0,93568000000.0,93568000000.0,73733000000.0,73733000000.0,172390000000.0,152061000000.0,111482000000.0,98767000000.0,-12715000000.0,-15421000000.0,-90711000000.0,-120686000000.0,15195000000.0,5991000000.0,35934000000.0,29943000000.0,12863000000.0,11698000000.0,0,112010000000.0,-25000000000.0,4481000000.0,-10932000000.0,6,21,14,3,2,9,"Financial Advisors Love Warren Buffett, but They Don’t Always Agree With Him"
2026-08-12 17:40:00+00:00,302.1300048828,302.1300048828,301.7399902344,301.7900085449,290041,0.0,0.0,AAPL,苹果,Apple Inc.,USD,17,40,AAPL,305.59,4459835424768,35.044724,32.14128,1.086,0.35,1.08,0.1204,223.78,344.57,150000,7.36,41.52038,0.27618998,0.27082002,1.4875101,31.707,62399000576,84343996416,466822987776,167959003136,0.48653,0.32623002,78.445,0.812,1.003,0.66483,0.01648,2.58,14594180000,14569223952,322.2844,400.0,215.0,2.13043,41,416161000000.0,220960000000.0,195201000000.0,133050000000.0,112010000000.0,7.46,7.49,0,27601000000.0,20719000000.0,132729000000.0,144748000000.0,133050000000.0,144748000000.0,112010000000.0,11698000000.0,15004697000.0,14948500000.0,359241000000.0,285508000000.0,73733000000.0,98657000000.0,62723000000.0,35934000000.0,54697000000.0,5718000000.0,39777000000.0,49834000000.0,125848000000.0,-76014000000.0,0,0,78328000000.0,165631000000.0,147957000000.0,-17674000000.0,-14264000000.0,93568000000.0,93568000000.0,73733000000.0,73733000000.0,172390000000.0,152061000000.0,111482000000.0,98767000000.0,-12715000000.0,-15421000000.0,-90711000000.0,-120686000000.0,15195000000.0,5991000000.0,35934000000.0,29943000000.0,12863000000.0,11698000000.0,0,112010000000.0,-25000000000.0,4481000000.0,-10932000000.0,6,21,14,3,2,9,"Financial Advisors Love Warren Buffett, but They Don’t Always Agree With Him"
2026-08-12 17:45:00+00:00,301.7900085449,301.799987793,301.549987793,301.5799865723,231514,0.0,0.0,AAPL,苹果,Apple Inc.,USD,17,45,AAPL,305.59,4459835424768,35.044724,32.14128,1.086,0.35,1.08,0.1204,223.78,344.57,150000,7.36,41.52038,0.27618998,0.27082002,1.4875101,31.707,62399000576,84343996416,466822987776,167959003136,0.48653,0.32623002,78.445,0.812,1.003,0.66483,0.01648,2.58,14594180000,14569223952,322.2844,400.0,215.0,2.13043,41,416161000000.0,220960000000.0,195201000000.0,133050000000.0,112010000000.0,7.46,7.49,0,27601000000.0,20719000000.0,132729000000.0,144748000000.0,133050000000.0,144748000000.0,112010000000.0,11698000000.0,15004697000.0,14948500000.0,359241000000.0,285508000000.0,73733000000.0,98657000000.0,62723000000.0,35934000000.0,54697000000.0,5718000000.0,39777000000.0,49834000000.0,125848000000.0,-76014000000.0,0,0,78328000000.0,165631000000.0,147957000000.0,-17674000000.0,-14264000000.0,93568000000.0,93568000000.0,73733000000.0,73733000000.0,172390000000.0,152061000000.0,111482000000.0,98767000000.0,-12715000000.0,-15421000000.0,-90711000000.0,-120686000000.0,15195000000.0,5991000000.0,35934000000.0,29943000000.0,12863000000.0,11698000000.0,0,112010000000.0,-25000000000.0,4481000000.0,-10932000000.0,6,21,14,3,2,9,"Financial Advisors Love Warren Buffett, but They Don’t Always Agree With Him"
2026-08-12 17:50:00+00:00,301.570098877,301.6199951172,301.2699890137,301.4570007324,358964,0.0,0.0,AAPL,苹果,Apple Inc.,USD,17,50,AAPL,305.59,4459835424768,35.044724,32.14128,1.086,0.35,1.08,0.1204,223.78,344.57,150000,7.36,41.52038,0.27618998,0.27082002,1.4875101,31.707,62399000576,84343996416,466822987776,167959003136,0.48653,0.32623002,78.445,0.812,1.003,0.66483,0.01648,2.58,14594180000,14569223952,322.2844,400.0,215.0,2.13043,41,416161000000.0,220960000000.0,195201000000.0,133050000000.0,112010000000.0,7.46,7.49,0,27601000000.0,20719000000.0,132729000000.0,144748000000.0,133050000000.0,144748000000.0,112010000000.0,11698000000.0,15004697000.0,14948500000.0,359241000000.0,285508000000.0,73733000000.0,98657000000.0,62723000000.0,35934000000.0,54697000000.0,5718000000.0,39777000000.0,49834000000.0,125848000000.0,-76014000000.0,0,0,78328000000.0,165631000000.0,147957000000.0,-17674000000.0,-14264000000.0,93568000000.0,93568000000.0,73733000000.0,73733000000.0,172390000000.0,152061000000.0,111482000000.0,98767000000.0,-12715000000.0,-15421000000.0,-90711000000.0,-120686000000.0,15195000000.0,5991000000.0,35934000000.0,29943000000.0,12863000000.0,11698000000.0,0,112010000000.0,-25000000000.0,4481000000.0,-10932000000.0,6,21,14,3,2,9,"Financial Advisors Love Warren Buffett, but They Don’t Always Agree With Him"
2026-08-12 17:55:00+00:00,301.4549865723,301.5700073242,301.4200134277,301.5050048828,297566,0.0,0.0,AAPL,苹果,Apple Inc.,USD,17,55,AAPL,305.59,4459835424768,35.044724,32.14128,1.086,0.35,1.08,0.1204,223.78,344.57,150000,7.36,41.52038,0.27618998,0.27082002,1.4875101,31.707,62399000576,84343996416,466822987776,167959003136,0.48653,0.32623002,78.445,0.812,1.003,0.66483,0.01648,2.58,14594180000,14569223952,322.2844,400.0,215.0,2.13043,41,416161000000.0,220960000000.0,195201000000.0,133050000000.0,112010000000.0,7.46,7.49,0,27601000000.0,20719000000.0,132729000000.0,144748000000.0,133050000000.0,144748000000.0,112010000000.0,11698000000.0,15004697000.0,14948500000.0,359241000000.0,285508000000.0,73733000000.0,98657000000.0,62723000000.0,35934000000.0,54697000000.0,5718000000.0,39777000000.0,49834000000.0,125848000000.0,-76014000000.0,0,0,78328000000.0,165631000000.0,147957000000.0,-17674000000.0,-14264000000.0,93568000000.0,93568000000.0,73733000000.0,73733000000.0,172390000000.0,152061000000.0,111482000000.0,98767000000.0,-12715000000.0,-15421000000.0,-90711000000.0,-120686000000.0,15195000000.0,5991000000.0,35934000000.0,29943000000.0,12863000000.0,11698000000.0,0,112010000000.0,-25000000000.0,4481000000.0,-10932000000.0,6,21,14,3,2,9,"Financial Advisors Love Warren Buffett, but They Don’t Always Agree With Him"
2026-08-12 18:00:00+00:00,301.5100097656,301.6600036621,301.5050048828,301.5899047852,204161,0.0,0.0,AAPL,苹果,Apple Inc.,USD,18,0,AAPL,305.59,4459835424768,35.044724,32.14128,1.086,0.35,1.08,0.1204,223.78,344.57,150000,7.36,41.52038,0.27618998,0.27082002,1.4875101,31.707,62399000576,84343996416,466822987776,167959003136,0.48653,0.32623002,78.445,0.812,1.003,0.66483,0.01648,2.58,14594180000,14569223952,322.2844,400.0,215.0,2.13043,41,416161000000.0,220960000000.0,195201000000.0,133050000000.0,112010000000.0,7.46,7.49,0,27601000000.0,20719000000.0,132729000000.0,144748000000.0,133050000000.0,144748000000.0,112010000000.0,11698000000.0,15004697000.0,14948500000.0,359241000000.0,285508000000.0,73733000000.0,98657000000.0,62723000000.0,35934000000.0,54697000000.0,5718000000.0,39777000000.0,49834000000.0,125848000000.0,-76014000000.0,0,0,78328000000.0,165631000000.0,147957000000.0,-17674000000.0,-14264000000.0,93568000000.0,93568000000.0,73733000000.0,73733000000.0,172390000000.0,152061000000.0,111482000000.0,98767000000.0,-12715000000.0,-15421000000.0,-90711000000.0,-120686000000.0,15195000000.0,5991000000.0,35934000000.0,29943000000.0,12863000000.0,11698000000.0,0,112010000000.0,-25000000000.0,4481000000.0,-10932000000.0,6,21,14,3,2,9,"Financial Advisors Love Warren Buffett, but They Don’t Always Agree With Him"
2026-08-12 18:05:00+00:00,301.5700073242,301.7900085449,301.5199890137,301.5799865723,291688,0.0,0.0,AAPL,苹果,Apple Inc.,USD,18,5,AAPL,305.59,4459835424768,35.044724,32.14128,1.086,0.35,1.08,0.1204,223.78,344.57,150000,7.36,41.52038,0.27618998,0.27082002,1.4875101,31.707,62399000576,84343996416,466822987776,167959003136,0.48653,0.32623002,78.445,0.812,1.003,0.66483,0.01648,2.58,14594180000,14569223952,322.2844,400.0,215.0,2.13043,41,416161000000.0,220960000000.0,195201000000.0,133050000000.0,112010000000.0,7.46,7.49,0,27601000000.0,20719000000.0,132729000000.0,144748000000.0,133050000000.0,144748000000.0,112010000000.0,11698000000.0,15004697000.0,14948500000.0,359241000000.0,285508000000.0,73733000000.0,98657000000.0,62723000000.0,35934000000.0,54697000000.0,5718000000.0,39777000000.0,49834000000.0,125848000000.0,-76014000000.0,0,0,78328000000.0,165631000000.0,147957000000.0,-17674000000.0,-14264000000.0,93568000000.0,93568000000.0,73733000000.0,73733000000.0,172390000000.0,152061000000.0,111482000000.0,98767000000.0,-12715000000.0,-15421000000.0,-90711000000.0,-120686000000.0,15195000000.0,5991000000.0,35934000000.0,29943000000.0,12863000000.0,11698000000.0,0,112010000000.0,-25000000000.0,4481000000.0,-10932000000.0,6,21,14,3,2,9,"Financial Advisors Love Warren Buffett, but They Don’t Always Agree With Him"
2026-08-12 18:10:00+00:00,301.5799865723,301.6600036621,301.5299987793,301.5700073242,223587,0.0,0.0,AAPL,苹果,Apple Inc.,USD,18,10,AAPL,305.59,4459835424768,35.044724,32.14128,1.086,0.35,1.08,0.1204,223.78,344.57,150000,7.36,41.52038,0.27618998,0.27082002,1.4875101,31.707,62399000576,84343996416,466822987776,167959003136,0.48653,0.32623002,78.445,0.812,1.003,0.66483,0.01648,2.58,14594180000,14569223952,322.2844,400.0,215.0,2.13043,41,416161000000.0,220960000000.0,195201000000.0,133050000000.0,112010000000.0,7.46,7.49,0,27601000000.0,20719000000.0,132729000000.0,144748000000.0,133050000000.0,144748000000.0,112010000000.0,11698000000.0,15004697000.0,14948500000.0,359241000000.0,285508000000.0,73733000000.0,98657000000.0,62723000000.0,35934000000.0,54697000000.0,5718000000.0,39777000000.0,49834000000.0,125848000000.0,-76014000000.0,0,0,78328000000.0,165631000000.0,147957000000.0,-17674000000.0,-14264000000.0,93568000000.0,93568000000.0,73733000000.0,73733000000.0,172390000000.0,152061000000.0,111482000000.0,98767000000.0,-12715000000.0,-15421000000.0,-90711000000.0,-120686000000.0,15195000000.0,5991000000.0,35934000000.0,29943000000.0,12863000000.0,11698000000.0,0,112010000000.0,-25000000000.0,4481000000.0,-10932000000.0,6,21,14,3,2,9,"Financial Advisors Love Warren Buffett, but They Don’t Always Agree With Him"
2026-08-12 18:15:00+00:00,301.5549926758,301.5799865723,301.2723083496,301.3900146484,277543,0.0,0.0,AAPL,苹果,Apple Inc.,USD,18,15,AAPL,305.59,4459835424768,35.044724,32.14128,1.086,0.35,1.08,0.1204,223.78,344.57,150000,7.36,41.52038,0.27618998,0.27082002,1.4875101,31.707,62399000576,84343996416,466822987776,167959003136,0.48653,0.32623002,78.445,0.812,1.003,0.66483,0.01648,2.58,14594180000,14569223952,322.2844,400.0,215.0,2.13043,41,416161000000.0,220960000000.0,195201000000.0,133050000000.0,112010000000.0,7.46,7.49,0,27601000000.0,20719000000.0,132729000000.0,144748000000.0,133050000000.0,144748000000.0,112010000000.0,11698000000.0,15004697000.0,14948500000.0,359241000000.0,285508000000.0,73733000000.0,98657000000.0,62723000000.0,35934000000.0,54697000000.0,5718000000.0,39777000000.0,49834000000.0,125848000000.0,-76014000000.0,0,0,78328000000.0,165631000000.0,147957000000.0,-17674000000.0,-14264000000.0,93568000000.0,93568000000.0,73733000000.0,73733000000.0,172390000000.0,152061000000.0,111482000000.0,98767000000.0,-12715000000.0,-15421000000.0,-90711000000.0,-120686000000.0,15195000000.0,5991000000.0,35934000000.0,29943000000.0,12863000000.0,11698000000.0,0,112010000000.0,-25000000000.0,4481000000.0,-10932000000.0,6,21,14,3,2,9,"Financial Advisors Love Warren Buffett, but They Don’t Always Agree With Him"
2026-08-12 18:20:00+00:00,301.3999938965,301.4599914551,301.1400146484,301.2399902344,276710,0.0,0.0,AAPL,苹果,Apple Inc.,USD,18,20,AAPL,305.59,4459835424768,35.044724,32.14128,1.086,0.35,1.08,0.1204,223.78,344.57,150000,7.36,41.52038,0.27618998,0.27082002,1.4875101,31.707,62399000576,84343996416,466822987776,167959003136,0.48653,0.32623002,78.445,0.812,1.003,0.66483,0.01648,2.58,14594180000,14569223952,322.2844,400.0,215.0,2.13043,41,416161000000.0,220960000000.0,195201000000.0,133050000000.0,112010000000.0,7.46,7.49,0,27601000000.0,20719000000.0,132729000000.0,144748000000.0,133050000000.0,144748000000.0,112010000000.0,11698000000.0,15004697000.0,14948500000.0,359241000000.0,285508000000.0,73733000000.0,98657000000.0,62723000000.0,35934000000.0,54697000000.0,5718000000.0,39777000000.0,49834000000.0,125848000000.0,-76014000000.0,0,0,78328000000.0,165631000000.0,147957000000.0,-17674000000.0,-14264000000.0,93568000000.0,93568000000.0,73733000000.0,73733000000.0,172390000000.0,152061000000.0,111482000000.0,98767000000.0,-12715000000.0,-15421000000.0,-90711000000.0,-120686000000.0,15195000000.0,5991000000.0,35934000000.0,29943000000.0,12863000000.0,11698000000.0,0,112010000000.0,-25000000000.0,4481000000.0,-10932000000.0,6,21,14,3,2,9,"Financial Advisors Love Warren Buffett, but They Don’t Always Agree With Him"
2026-08-12 18:25:00+00:00,301.2479858398,301.3099975586,301.0599975586,301.125,240646,0.0,0.0,AAPL,苹果,Apple Inc.,USD,18,25,AAPL,305.59,4459835424768,35.044724,32.14128,1.086,0.35,1.08,0.1204,223.78,344.57,150000,7.36,41.52038,0.27618998,0.27082002,1.4875101,31.707,62399000576,84343996416,466822987776,167959003136,0.48653,0.32623002,78.445,0.812,1.003,0.66483,0.01648,2.58,14594180000,14569223952,322.2844,400.0,215.0,2.13043,41,416161000000.0,220960000000.0,195201000000.0,133050000000.0,112010000000.0,7.46,7.49,0,27601000000.0,20719000000.0,132729000000.0,144748000000.0,133050000000.0,144748000000.0,112010000000.0,11698000000.0,15004697000.0,14948500000.0,359241000000.0,285508000000.0,73733000000.0,98657000000.0,62723000000.0,35934000000.0,54697000000.0,5718000000.0,39777000000.0,49834000000.0,125848000000.0,-76014000000.0,0,0,78328000000.0,165631000000.0,147957000000.0,-17674000000.0,-14264000000.0,93568000000.0,93568000000.0,73733000000.0,73733000000.0,172390000000.0,152061000000.0,111482000000.0,98767000000.0,-12715000000.0,-15421000000.0,-90711000000.0,-120686000000.0,15195000000.0,5991000000.0,35934000000.0,29943000000.0,12863000000.0,11698000000.0,0,112010000000.0,-25000000000.0,4481000000.0,-10932000000.0,6,21,14,3,2,9,"Financial Advisors Love Warren Buffett, but They Don’t Always Agree With Him"
2026-08-12 18:30:00+00:00,301.1199951172,301.3500061035,301.0400085449,301.2449951172,347514,0.0,0.0,AAPL,苹果,Apple Inc.,USD,18,30,AAPL,305.59,4459835424768,35.044724,32.14128,1.086,0.35,1.08,0.1204,223.78,344.57,150000,7.36,41.52038,0.27618998,0.27082002,1.4875101,31.707,62399000576,84343996416,466822987776,167959003136,0.48653,0.32623002,78.445,0.812,1.003,0.66483,0.01648,2.58,14594180000,14569223952,322.2844,400.0,215.0,2.13043,41,416161000000.0,220960000000.0,195201000000.0,133050000000.0,112010000000.0,7.46,7.49,0,27601000000.0,20719000000.0,132729000000.0,144748000000.0,133050000000.0,144748000000.0,112010000000.0,11698000000.0,15004697000.0,14948500000.0,359241000000.0,285508000000.0,73733000000.0,98657000000.0,62723000000.0,35934000000.0,54697000000.0,5718000000.0,39777000000.0,49834000000.0,125848000000.0,-76014000000.0,0,0,78328000000.0,165631000000.0,147957000000.0,-17674000000.0,-14264000000.0,93568000000.0,93568000000.0,73733000000.0,73733000000.0,172390000000.0,152061000000.0,111482000000.0,98767000000.0,-12715000000.0,-15421000000.0,-90711000000.0,-120686000000.0,15195000000.0,5991000000.0,35934000000.0,29943000000.0,12863000000.0,11698000000.0,0,112010000000.0,-25000000000.0,4481000000.0,-10932000000.0,6,21,14,3,2,9,"Financial Advisors Love Warren Buffett, but They Don’t Always Agree With Him"
2026-08-12 18:35:00+00:00,301.25,301.3299865723,301.1000061035,301.1199951172,276754,0.0,0.0,AAPL,苹果,Apple Inc.,USD,18,35,AAPL,305.59,4459835424768,35.044724,32.14128,1.086,0.35,1.08,0.1204,223.78,344.57,150000,7.36,41.52038,0.27618998,0.27082002,1.4875101,31.707,62399000576,84343996416,466822987776,167959003136,0.48653,0.32623002,78.445,0.812,1.003,0.66483,0.01648,2.58,14594180000,14569223952,322.2844,400.0,215.0,2.13043,41,416161000000.0,220960000000.0,195201000000.0,133050000000.0,112010000000.0,7.46,7.49,0,27601000000.0,20719000000.0,132729000000.0,144748000000.0,133050000000.0,144748000000.0,112010000000.0,11698000000.0,15004697000.0,14948500000.0,359241000000.0,285508000000.0,73733000000.0,98657000000.0,62723000000.0,35934000000.0,54697000000.0,5718000000.0,39777000000.0,49834000000.0,125848000000.0,-76014000000.0,0,0,78328000000.0,165631000000.0,147957000000.0,-17674000000.0,-14264000000.0,93568000000.0,93568000000.0,73733000000.0,73733000000.0,172390000000.0,152061000000.0,111482000000.0,98767000000.0,-12715000000.0,-15421000000.0,-90711000000.0,-120686000000.0,15195000000.0,5991000000.0,35934000000.0,29943000000.0,12863000000.0,11698000000.0,0,112010000000.0,-25000000000.0,4481000000.0,-10932000000.0,6,21,14,3,2,9,"Financial Advisors Love Warren Buffett, but They Don’t Always Agree With Him"
2026-08-12 18:40:00+00:00,301.1199951172,301.5400085449,301.0799865723,301.424987793,735491,0.0,0.0,AAPL,苹果,Apple Inc.,USD,18,40,AAPL,305.59,4459835424768,35.044724,32.14128,1.086,0.35,1.08,0.1204,223.78,344.57,150000,7.36,41.52038,0.27618998,0.27082002,1.4875101,31.707,62399000576,84343996416,466822987776,167959003136,0.48653,0.32623002,78.445,0.812,1.003,0.66483,0.01648,2.58,14594180000,14569223952,322.2844,400.0,215.0,2.13043,41,416161000000.0,220960000000.0,195201000000.0,133050000000.0,112010000000.0,7.46,7.49,0,27601000000.0,20719000000.0,132729000000.0,144748000000.0,133050000000.0,144748000000.0,112010000000.0,11698000000.0,15004697000.0,14948500000.0,359241000000.0,285508000000.0,73733000000.0,98657000000.0,62723000000.0,35934000000.0,54697000000.0,5718000000.0,39777000000.0,49834000000.0,125848000000.0,-76014000000.0,0,0,78328000000.0,165631000000.0,147957000000.0,-17674000000.0,-14264000000.0,93568000000.0,93568000000.0,73733000000.0,73733000000.0,172390000000.0,152061000000.0,111482000000.0,98767000000.0,-12715000000.0,-15421000000.0,-90711000000.0,-120686000000.0,15195000000.0,5991000000.0,35934000000.0,29943000000.0,12863000000.0,11698000000.0,0,112010000000.0,-25000000000.0,4481000000.0,-10932000000.0,6,21,14,3,2,9,"Financial Advisors Love Warren Buffett, but They Don’t Always Agree With Him"
2026-08-12 18:45:00+00:00,301.424987793,302.0398864746,301.341003418,301.6900024414,760715,0.0,0.0,AAPL,苹果,Apple Inc.,USD,18,45,AAPL,305.59,4459835424768,35.044724,32.14128,1.086,0.35,1.08,0.1204,223.78,344.57,150000,7.36,41.52038,0.27618998,0.27082002,1.4875101,31.707,62399000576,84343996416,466822987776,167959003136,0.48653,0.32623002,78.445,0.812,1.003,0.66483,0.01648,2.58,14594180000,14569223952,322.2844,400.0,215.0,2.13043,41,416161000000.0,220960000000.0,195201000000.0,133050000000.0,112010000000.0,7.46,7.49,0,27601000000.0,20719000000.0,132729000000.0,144748000000.0,133050000000.0,144748000000.0,112010000000.0,11698000000.0,15004697000.0,14948500000.0,359241000000.0,285508000000.0,73733000000.0,98657000000.0,62723000000.0,35934000000.0,54697000000.0,5718000000.0,39777000000.0,49834000000.0,125848000000.0,-76014000000.0,0,0,78328000000.0,165631000000.0,147957000000.0,-17674000000.0,-14264000000.0,93568000000.0,93568000000.0,73733000000.0,73733000000.0,172390000000.0,152061000000.0,111482000000.0,98767000000.0,-12715000000.0,-15421000000.0,-90711000000.0,-120686000000.0,15195000000.0,5991000000.0,35934000000.0,29943000000.0,12863000000.0,11698000000.0,0,112010000000.0,-25000000000.0,4481000000.0,-10932000000.0,6,21,14,3,2,9,"Financial Advisors Love Warren Buffett, but They Don’t Always Agree With Him"
2026-08-12 18:50:00+00:00,301.6900024414,302.0,301.5,301.575012207,270820,0.0,0.0,AAPL,苹果,Apple Inc.,USD,18,50,AAPL,305.59,4459835424768,35.044724,32.14128,1.086,0.35,1.08,0.1204,223.78,344.57,150000,7.36,41.52038,0.27618998,0.27082002,1.4875101,31.707,62399000576,84343996416,466822987776,167959003136,0.48653,0.32623002,78.445,0.812,1.003,0.66483,0.01648,2.58,14594180000,14569223952,322.2844,400.0,215.0,2.13043,41,416161000000.0,220960000000.0,195201000000.0,133050000000.0,112010000000.0,7.46,7.49,0,27601000000.0,20719000000.0,132729000000.0,144748000000.0,133050000000.0,144748000000.0,112010000000.0,11698000000.0,15004697000.0,14948500000.0,359241000000.0,285508000000.0,73733000000.0,98657000000.0,62723000000.0,35934000000.0,54697000000.0,5718000000.0,39777000000.0,49834000000.0,125848000000.0,-76014000000.0,0,0,78328000000.0,165631000000.0,147957000000.0,-17674000000.0,-14264000000.0,93568000000.0,93568000000.0,73733000000.0,73733000000.0,172390000000.0,152061000000.0,111482000000.0,98767000000.0,-12715000000.0,-15421000000.0,-90711000000.0,-120686000000.0,15195000000.0,5991000000.0,35934000000.0,29943000000.0,12863000000.0,11698000000.0,0,112010000000.0,-25000000000.0,4481000000.0,-10932000000.0,6,21,14,3,2,9,"Financial Advisors Love Warren Buffett, but They Don’t Always Agree With Him"
2026-08-12 18:55:00+00:00,301.5700073242,301.8299865723,301.3399963379,301.4100036621,336215,0.0,0.0,AAPL,苹果,Apple Inc.,USD,18,55,AAPL,305.59,4459835424768,35.044724,32.14128,1.086,0.35,1.08,0.1204,223.78,344.57,150000,7.36,41.52038,0.27618998,0.27082002,1.4875101,31.707,62399000576,84343996416,466822987776,167959003136,0.48653,0.32623002,78.445,0.812,1.003,0.66483,0.01648,2.58,14594180000,14569223952,322.2844,400.0,215.0,2.13043,41,416161000000.0,220960000000.0,195201000000.0,133050000000.0,112010000000.0,7.46,7.49,0,27601000000.0,20719000000.0,132729000000.0,144748000000.0,133050000000.0,144748000000.0,112010000000.0,11698000000.0,15004697000.0,14948500000.0,359241000000.0,285508000000.0,73733000000.0,98657000000.0,62723000000.0,35934000000.0,54697000000.0,5718000000.0,39777000000.0,49834000000.0,125848000000.0,-76014000000.0,0,0,78328000000.0,165631000000.0,147957000000.0,-17674000000.0,-14264000000.0,93568000000.0,93568000000.0,73733000000.0,73733000000.0,172390000000.0,152061000000.0,111482000000.0,98767000000.0,-12715000000.0,-15421000000.0,-90711000000.0,-120686000000.0,15195000000.0,5991000000.0,35934000000.0,29943000000.0,12863000000.0,11698000000.0,0,112010000000.0,-25000000000.0,4481000000.0,-10932000000.0,6,21,14,3,2,9,"Financial Advisors Love Warren Buffett, but They Don’t Always Agree With Him"
2026-08-12 19:00:00+00:00,301.4191894531,301.5877075195,301.375,301.4100036621,246063,0.0,0.0,AAPL,苹果,Apple Inc.,USD,19,0,AAPL,305.59,4459835424768,35.044724,32.14128,1.086,0.35,1.08,0.1204,223.78,344.57,150000,7.36,41.52038,0.27618998,0.27082002,1.4875101,31.707,62399000576,84343996416,466822987776,167959003136,0.48653,0.32623002,78.445,0.812,1.003,0.66483,0.01648,2.58,14594180000,14569223952,322.2844,400.0,215.0,2.13043,41,416161000000.0,220960000000.0,195201000000.0,133050000000.0,112010000000.0,7.46,7.49,0,27601000000.0,20719000000.0,132729000000.0,144748000000.0,133050000000.0,144748000000.0,112010000000.0,11698000000.0,15004697000.0,14948500000.0,359241000000.0,285508000000.0,73733000000.0,98657000000.0,62723000000.0,35934000000.0,54697000000.0,5718000000.0,39777000000.0,49834000000.0,125848000000.0,-76014000000.0,0,0,78328000000.0,165631000000.0,147957000000.0,-17674000000.0,-14264000000.0,93568000000.0,93568000000.0,73733000000.0,73733000000.0,172390000000.0,152061000000.0,111482000000.0,98767000000.0,-12715000000.0,-15421000000.0,-90711000000.0,-120686000000.0,15195000000.0,5991000000.0,35934000000.0,29943000000.0,12863000000.0,11698000000.0,0,112010000000.0,-25000000000.0,4481000000.0,-10932000000.0,6,21,14,3,2,9,"Financial Advisors Love Warren Buffett, but They Don’t Always Agree With Him"
2026-08-12 19:05:00+00:00,301.3999938965,301.450012207,301.25,301.2799987793,397278,0.0,0.0,AAPL,苹果,Apple Inc.,USD,19,5,AAPL,305.59,4459835424768,35.044724,32.14128,1.086,0.35,1.08,0.1204,223.78,344.57,150000,7.36,41.52038,0.27618998,0.27082002,1.4875101,31.707,62399000576,84343996416,466822987776,167959003136,0.48653,0.32623002,78.445,0.812,1.003,0.66483,0.01648,2.58,14594180000,14569223952,322.2844,400.0,215.0,2.13043,41,416161000000.0,220960000000.0,195201000000.0,133050000000.0,112010000000.0,7.46,7.49,0,27601000000.0,20719000000.0,132729000000.0,144748000000.0,133050000000.0,144748000000.0,112010000000.0,11698000000.0,15004697000.0,14948500000.0,359241000000.0,285508000000.0,73733000000.0,98657000000.0,62723000000.0,35934000000.0,54697000000.0,5718000000.0,39777000000.0,49834000000.0,125848000000.0,-76014000000.0,0,0,78328000000.0,165631000000.0,147957000000.0,-17674000000.0,-14264000000.0,93568000000.0,93568000000.0,73733000000.0,73733000000.0,172390000000.0,152061000000.0,111482000000.0,98767000000.0,-12715000000.0,-15421000000.0,-90711000000.0,-120686000000.0,15195000000.0,5991000000.0,35934000000.0,29943000000.0,12863000000.0,11698000000.0,0,112010000000.0,-25000000000.0,4481000000.0,-10932000000.0,6,21,14,3,2,9,"Financial Advisors Love Warren Buffett, but They Don’t Always Agree With Him"
2026-08-12 19:10:00+00:00,301.2900085449,301.4299926758,301.1900024414,301.2699890137,294935,0.0,0.0,AAPL,苹果,Apple Inc.,USD,19,10,AAPL,305.59,4459835424768,35.044724,32.14128,1.086,0.35,1.08,0.1204,223.78,344.57,150000,7.36,41.52038,0.27618998,0.27082002,1.4875101,31.707,62399000576,84343996416,466822987776,167959003136,0.48653,0.32623002,78.445,0.812,1.003,0.66483,0.01648,2.58,14594180000,14569223952,322.2844,400.0,215.0,2.13043,41,416161000000.0,220960000000.0,195201000000.0,133050000000.0,112010000000.0,7.46,7.49,0,27601000000.0,20719000000.0,132729000000.0,144748000000.0,133050000000.0,144748000000.0,112010000000.0,11698000000.0,15004697000.0,14948500000.0,359241000000.0,285508000000.0,73733000000.0,98657000000.0,62723000000.0,35934000000.0,54697000000.0,5718000000.0,39777000000.0,49834000000.0,125848000000.0,-76014000000.0,0,0,78328000000.0,165631000000.0,147957000000.0,-17674000000.0,-14264000000.0,93568000000.0,93568000000.0,73733000000.0,73733000000.0,172390000000.0,152061000000.0,111482000000.0,98767000000.0,-12715000000.0,-15421000000.0,-90711000000.0,-120686000000.0,15195000000.0,5991000000.0,35934000000.0,29943000000.0,12863000000.0,11698000000.0,0,112010000000.0,-25000000000.0,4481000000.0,-10932000000.0,6,21,14,3,2,9,"Financial Advisors Love Warren Buffett, but They Don’t Always Agree With Him"
2026-08-12 19:15:00+00:00,301.2749938965,301.299987793,301.1700134277,301.2799987793,279821,0.0,0.0,AAPL,苹果,Apple Inc.,USD,19,15,AAPL,305.59,4459835424768,35.044724,32.14128,1.086,0.35,1.08,0.1204,223.78,344.57,150000,7.36,41.52038,0.27618998,0.27082002,1.4875101,31.707,62399000576,84343996416,466822987776,167959003136,0.48653,0.32623002,78.445,0.812,1.003,0.66483,0.01648,2.58,14594180000,14569223952,322.2844,400.0,215.0,2.13043,41,416161000000.0,220960000000.0,195201000000.0,133050000000.0,112010000000.0,7.46,7.49,0,27601000000.0,20719000000.0,132729000000.0,144748000000.0,133050000000.0,144748000000.0,112010000000.0,11698000000.0,15004697000.0,14948500000.0,359241000000.0,285508000000.0,73733000000.0,98657000000.0,62723000000.0,35934000000.0,54697000000.0,5718000000.0,39777000000.0,49834000000.0,125848000000.0,-76014000000.0,0,0,78328000000.0,165631000000.0,147957000000.0,-17674000000.0,-14264000000.0,93568000000.0,93568000000.0,73733000000.0,73733000000.0,172390000000.0,152061000000.0,111482000000.0,98767000000.0,-12715000000.0,-15421000000.0,-90711000000.0,-120686000000.0,15195000000.0,5991000000.0,35934000000.0,29943000000.0,12863000000.0,11698000000.0,0,112010000000.0,-25000000000.0,4481000000.0,-10932000000.0,6,21,14,3,2,9,"Financial Advisors Love Warren Buffett, but They Don’t Always Agree With Him"
2026-08-12 19:20:00+00:00,301.2699890137,301.4400024414,301.2300109863,301.3699951172,294359,0.0,0.0,AAPL,苹果,Apple Inc.,USD,19,20,AAPL,305.59,4459835424768,35.044724,32.14128,1.086,0.35,1.08,0.1204,223.78,344.57,150000,7.36,41.52038,0.27618998,0.27082002,1.4875101,31.707,62399000576,84343996416,466822987776,167959003136,0.48653,0.32623002,78.445,0.812,1.003,0.66483,0.01648,2.58,14594180000,14569223952,322.2844,400.0,215.0,2.13043,41,416161000000.0,220960000000.0,195201000000.0,133050000000.0,112010000000.0,7.46,7.49,0,27601000000.0,20719000000.0,132729000000.0,144748000000.0,133050000000.0,144748000000.0,112010000000.0,11698000000.0,15004697000.0,14948500000.0,359241000000.0,285508000000.0,73733000000.0,98657000000.0,62723000000.0,35934000000.0,54697000000.0,5718000000.0,39777000000.0,49834000000.0,125848000000.0,-76014000000.0,0,0,78328000000.0,165631000000.0,147957000000.0,-17674000000.0,-14264000000.0,93568000000.0,93568000000.0,73733000000.0,73733000000.0,172390000000.0,152061000000.0,111482000000.0,98767000000.0,-12715000000.0,-15421000000.0,-90711000000.0,-120686000000.0,15195000000.0,5991000000.0,35934000000.0,29943000000.0,12863000000.0,11698000000.0,0,112010000000.0,-25000000000.0,4481000000.0,-10932000000.0,6,21,14,3,2,9,"Financial Advisors Love Warren Buffett, but They Don’t Always Agree With Him"
2026-08-12 19:25:00+00:00,301.3699951172,301.7099914551,301.3500061035,301.6799926758,414621,0.0,0.0,AAPL,苹果,Apple Inc.,USD,19,25,AAPL,305.59,4459835424768,35.044724,32.14128,1.086,0.35,1.08,0.1204,223.78,344.57,150000,7.36,41.52038,0.27618998,0.27082002,1.4875101,31.707,62399000576,84343996416,466822987776,167959003136,0.48653,0.32623002,78.445,0.812,1.003,0.66483,0.01648,2.58,14594180000,14569223952,322.2844,400.0,215.0,2.13043,41,416161000000.0,220960000000.0,195201000000.0,133050000000.0,112010000000.0,7.46,7.49,0,27601000000.0,20719000000.0,132729000000.0,144748000000.0,133050000000.0,144748000000.0,112010000000.0,11698000000.0,15004697000.0,14948500000.0,359241000000.0,285508000000.0,73733000000.0,98657000000.0,62723000000.0,35934000000.0,54697000000.0,5718000000.0,39777000000.0,49834000000.0,125848000000.0,-76014000000.0,0,0,78328000000.0,165631000000.0,147957000000.0,-17674000000.0,-14264000000.0,93568000000.0,93568000000.0,73733000000.0,73733000000.0,172390000000.0,152061000000.0,111482000000.0,98767000000.0,-12715000000.0,-15421000000.0,-90711000000.0,-120686000000.0,15195000000.0,5991000000.0,35934000000.0,29943000000.0,12863000000.0,11698000000.0,0,112010000000.0,-25000000000.0,4481000000.0,-10932000000.0,6,21,14,3,2,9,"Financial Advisors Love Warren Buffett, but They Don’t Always Agree With Him"
2026-08-12 19:30:00+00:00,301.6700134277,302.0397949219,301.6099853516,301.8949890137,524761,0.0,0.0,AAPL,苹果,Apple Inc.,USD,19,30,AAPL,305.59,4459835424768,35.044724,32.14128,1.086,0.35,1.08,0.1204,223.78,344.57,150000,7.36,41.52038,0.27618998,0.27082002,1.4875101,31.707,62399000576,84343996416,466822987776,167959003136,0.48653,0.32623002,78.445,0.812,1.003,0.66483,0.01648,2.58,14594180000,14569223952,322.2844,400.0,215.0,2.13043,41,416161000000.0,220960000000.0,195201000000.0,133050000000.0,112010000000.0,7.46,7.49,0,27601000000.0,20719000000.0,132729000000.0,144748000000.0,133050000000.0,144748000000.0,112010000000.0,11698000000.0,15004697000.0,14948500000.0,359241000000.0,285508000000.0,73733000000.0,98657000000.0,62723000000.0,35934000000.0,54697000000.0,5718000000.0,39777000000.0,49834000000.0,125848000000.0,-76014000000.0,0,0,78328000000.0,165631000000.0,147957000000.0,-17674000000.0,-14264000000.0,93568000000.0,93568000000.0,73733000000.0,73733000000.0,172390000000.0,152061000000.0,111482000000.0,98767000000.0,-12715000000.0,-15421000000.0,-90711000000.0,-120686000000.0,15195000000.0,5991000000.0,35934000000.0,29943000000.0,12863000000.0,11698000000.0,0,112010000000.0,-25000000000.0,4481000000.0,-10932000000.0,6,21,14,3,2,9,"Financial Advisors Love Warren Buffett, but They Don’t Always Agree With Him"
2026-08-12 19:35:00+00:00,301.8949890137,301.9599914551,301.5400085449,301.6000061035,517948,0.0,0.0,AAPL,苹果,Apple Inc.,USD,19,35,AAPL,305.59,4459835424768,35.044724,32.14128,1.086,0.35,1.08,0.1204,223.78,344.57,150000,7.36,41.52038,0.27618998,0.27082002,1.4875101,31.707,62399000576,84343996416,466822987776,167959003136,0.48653,0.32623002,78.445,0.812,1.003,0.66483,0.01648,2.58,14594180000,14569223952,322.2844,400.0,215.0,2.13043,41,416161000000.0,220960000000.0,195201000000.0,133050000000.0,112010000000.0,7.46,7.49,0,27601000000.0,20719000000.0,132729000000.0,144748000000.0,133050000000.0,144748000000.0,112010000000.0,11698000000.0,15004697000.0,14948500000.0,359241000000.0,285508000000.0,73733000000.0,98657000000.0,62723000000.0,35934000000.0,54697000000.0,5718000000.0,39777000000.0,49834000000.0,125848000000.0,-76014000000.0,0,0,78328000000.0,165631000000.0,147957000000.0,-17674000000.0,-14264000000.0,93568000000.0,93568000000.0,73733000000.0,73733000000.0,172390000000.0,152061000000.0,111482000000.0,98767000000.0,-12715000000.0,-15421000000.0,-90711000000.0,-120686000000.0,15195000000.0,5991000000.0,35934000000.0,29943000000.0,12863000000.0,11698000000.0,0,112010000000.0,-25000000000.0,4481000000.0,-10932000000.0,6,21,14,3,2,9,"Financial Advisors Love Warren Buffett, but They Don’t Always Agree With Him"
2026-08-12 19:40:00+00:00,301.5999145508,301.5999145508,301.0,301.5950012207,774315,0.0,0.0,AAPL,苹果,Apple Inc.,USD,19,40,AAPL,305.59,4459835424768,35.044724,32.14128,1.086,0.35,1.08,0.1204,223.78,344.57,150000,7.36,41.52038,0.27618998,0.27082002,1.4875101,31.707,62399000576,84343996416,466822987776,167959003136,0.48653,0.32623002,78.445,0.812,1.003,0.66483,0.01648,2.58,14594180000,14569223952,322.2844,400.0,215.0,2.13043,41,416161000000.0,220960000000.0,195201000000.0,133050000000.0,112010000000.0,7.46,7.49,0,27601000000.0,20719000000.0,132729000000.0,144748000000.0,133050000000.0,144748000000.0,112010000000.0,11698000000.0,15004697000.0,14948500000.0,359241000000.0,285508000000.0,73733000000.0,98657000000.0,62723000000.0,35934000000.0,54697000000.0,5718000000.0,39777000000.0,49834000000.0,125848000000.0,-76014000000.0,0,0,78328000000.0,165631000000.0,147957000000.0,-17674000000.0,-14264000000.0,93568000000.0,93568000000.0,73733000000.0,73733000000.0,172390000000.0,152061000000.0,111482000000.0,98767000000.0,-12715000000.0,-15421000000.0,-90711000000.0,-120686000000.0,15195000000.0,5991000000.0,35934000000.0,29943000000.0,12863000000.0,11698000000.0,0,112010000000.0,-25000000000.0,4481000000.0,-10932000000.0,6,21,14,3,2,9,"Financial Advisors Love Warren Buffett, but They Don’t Always Agree With Him"
2026-08-12 19:45:00+00:00,301.6000061035,301.6700134277,301.2600097656,301.5599975586,741002,0.0,0.0,AAPL,苹果,Apple Inc.,USD,19,45,AAPL,305.59,4459835424768,35.044724,32.14128,1.086,0.35,1.08,0.1204,223.78,344.57,150000,7.36,41.52038,0.27618998,0.27082002,1.4875101,31.707,62399000576,84343996416,466822987776,167959003136,0.48653,0.32623002,78.445,0.812,1.003,0.66483,0.01648,2.58,14594180000,14569223952,322.2844,400.0,215.0,2.13043,41,416161000000.0,220960000000.0,195201000000.0,133050000000.0,112010000000.0,7.46,7.49,0,27601000000.0,20719000000.0,132729000000.0,144748000000.0,133050000000.0,144748000000.0,112010000000.0,11698000000.0,15004697000.0,14948500000.0,359241000000.0,285508000000.0,73733000000.0,98657000000.0,62723000000.0,35934000000.0,54697000000.0,5718000000.0,39777000000.0,49834000000.0,125848000000.0,-76014000000.0,0,0,78328000000.0,165631000000.0,147957000000.0,-17674000000.0,-14264000000.0,93568000000.0,93568000000.0,73733000000.0,73733000000.0,172390000000.0,152061000000.0,111482000000.0,98767000000.0,-12715000000.0,-15421000000.0,-90711000000.0,-120686000000.0,15195000000.0,5991000000.0,35934000000.0,29943000000.0,12863000000.0,11698000000.0,0,112010000000.0,-25000000000.0,4481000000.0,-10932000000.0,6,21,14,3,2,9,"Financial Advisors Love Warren Buffett, but They Don’t Always Agree With Him"
2026-08-12 19:50:00+00:00,301.5700073242,301.8500061035,301.1499938965,301.3699951172,804715,0.0,0.0,AAPL,苹果,Apple Inc.,USD,19,50,AAPL,305.59,4459835424768,35.044724,32.14128,1.086,0.35,1.08,0.1204,223.78,344.57,150000,7.36,41.52038,0.27618998,0.27082002,1.4875101,31.707,62399000576,84343996416,466822987776,167959003136,0.48653,0.32623002,78.445,0.812,1.003,0.66483,0.01648,2.58,14594180000,14569223952,322.2844,400.0,215.0,2.13043,41,416161000000.0,220960000000.0,195201000000.0,133050000000.0,112010000000.0,7.46,7.49,0,27601000000.0,20719000000.0,132729000000.0,144748000000.0,133050000000.0,144748000000.0,112010000000.0,11698000000.0,15004697000.0,14948500000.0,359241000000.0,285508000000.0,73733000000.0,98657000000.0,62723000000.0,35934000000.0,54697000000.0,5718000000.0,39777000000.0,49834000000.0,125848000000.0,-76014000000.0,0,0,78328000000.0,165631000000.0,147957000000.0,-17674000000.0,-14264000000.0,93568000000.0,93568000000.0,73733000000.0,73733000000.0,172390000000.0,152061000000.0,111482000000.0,98767000000.0,-12715000000.0,-15421000000.0,-90711000000.0,-120686000000.0,15195000000.0,5991000000.0,35934000000.0,29943000000.0,12863000000.0,11698000000.0,0,112010000000.0,-25000000000.0,4481000000.0,-10932000000.0,6,21,14,3,2,9,"Financial Advisors Love Warren Buffett, but They Don’t Always Agree With Him"
2026-08-12 19:55:00+00:00,301.3599853516,302.25,301.3200073242,302.2250061035,2121688,0.0,0.0,AAPL,苹果,Apple Inc.,USD,19,55,AAPL,305.59,4459835424768,35.044724,32.14128,1.086,0.35,1.08,0.1204,223.78,344.57,150000,7.36,41.52038,0.27618998,0.27082002,1.4875101,31.707,62399000576,84343996416,466822987776,167959003136,0.48653,0.32623002,78.445,0.812,1.003,0.66483,0.01648,2.58,14594180000,14569223952,322.2844,400.0,215.0,2.13043,41,416161000000.0,220960000000.0,195201000000.0,133050000000.0,112010000000.0,7.46,7.49,0,27601000000.0,20719000000.0,132729000000.0,144748000000.0,133050000000.0,144748000000.0,112010000000.0,11698000000.0,15004697000.0,14948500000.0,359241000000.0,285508000000.0,73733000000.0,98657000000.0,62723000000.0,35934000000.0,54697000000.0,5718000000.0,39777000000.0,49834000000.0,125848000000.0,-76014000000.0,0,0,78328000000.0,165631000000.0,147957000000.0,-17674000000.0,-14264000000.0,93568000000.0,93568000000.0,73733000000.0,73733000000.0,172390000000.0,152061000000.0,111482000000.0,98767000000.0,-12715000000.0,-15421000000.0,-90711000000.0,-120686000000.0,15195000000.0,5991000000.0,35934000000.0,29943000000.0,12863000000.0,11698000000.0,0,112010000000.0,-25000000000.0,4481000000.0,-10932000000.0,6,21,14,3,2,9,"Financial Advisors Love Warren Buffett, but They Don’t Always Agree With Him"
