timestamp,open,high,low,close,volume,Dividends,Stock Splits,thscode,thsname_cn,thsname_en,currency,hour,minute,ticker,si_current_price,si_market_cap,si_pe_trailing,si_pe_forward,si_beta,si_dividend_yield,si_dividend_rate,si_payout_ratio,si_52w_low,si_52w_high,si_employees,si_book_value,si_price_to_book,si_profit_margin,si_roa,si_roe,si_revenue_per_share,si_total_cash,si_total_debt,si_total_revenue,si_ebitda,si_gross_margins,si_operating_margins,si_debt_to_equity,si_quick_ratio,si_current_ratio,si_inst_pct,si_insider_pct,si_short_ratio,si_shares_outstanding,si_float_shares,si_target_mean,si_target_high,si_target_low,si_recommendation_mean,si_num_analysts,inc_total_revenue,inc_cost_of_revenue,inc_gross_profit,inc_operating_income,inc_net_income,inc_diluted_eps,inc_basic_eps,inc_rd,inc_sga,inc_tax_provision,inc_pretax_income,inc_ebitda,inc_ebit,inc_norm_ebitda,inc_norm_income,inc_depreciation,inc_diluted_shares,inc_basic_shares,bs_total_assets,bs_total_liabilities,bs_stockholders_equity,bs_total_debt,bs_net_debt,bs_cash,bs_cash_short_inv,bs_inventory,bs_receivables,bs_net_ppe,bs_gross_ppe,bs_accum_depreciation,bs_goodwill,bs_intangible_assets,bs_long_term_debt,bs_current_liabilities,bs_current_assets,bs_working_capital,bs_retained_earnings,bs_common_stock,bs_capital_stock,bs_total_equity,bs_tangible_book_value,bs_invested_capital,bs_total_capitalization,cf_operating,cf_free,cf_capex,cf_dividends_paid,cf_stock_repurchases,cf_financing,cf_investing,cf_net_change,cf_end_cash,cf_begin_cash,cf_stock_comp,cf_depreciation,cf_deferred_tax,cf_net_income_ops,cf_change_wc,cf_issuance_debt,cf_repayment_debt,rec_strong_buy,rec_buy,rec_hold,rec_sell,rec_strong_sell,news_count,news_latest_headline
2026-08-03 13:30:00+00:00,476.3949890137,486.2099914551,475.174987793,484.4100036621,6388264,0.0,0.0,MSFT,微软,Microsoft Corporation,USD,13,30,MSFT,480.35,3566861025280,26.790295,20.376884,1.099,0.73,3.64,0.1983,349.2,553.72,223000,59.565,8.0643,0.40305,0.14088,0.34039003,44.668,76842999808,128812998656,331839012864,194237005824,0.67944,0.45111,29.118,1.099,1.23,0.7593,0.00090000004,2.17,7425545491,7414481428,569.5583,870.0,400.0,1.35714,53,331839000000.0,106374000000.0,225465000000.0,155237000000.0,133749000000.0,17.95,18.0,0,34666000000.0,32185000000.0,165934000000.0,207519000000.0,168985000000.0,201794000000.0,129134650000.0,38534000000.0,7453000000.0,7429000000.0,758376000000.0,315989000000.0,442387000000.0,56826000000.0,19359000000.0,20935000000.0,76651000000.0,1397000000.0,80876000000.0,337253000000.0,455944000000.0,-118691000000.0,119651000000.0,0,31067000000.0,168825000000.0,207710000000.0,38885000000.0,328265000000.0,117406000000.0,117406000000.0,442387000000.0,304127000000.0,482681000000.0,473454000000.0,182935000000.0,66987000000.0,-115948000000.0,-26445000000.0,-22271000000.0,-52546000000.0,-139500000000.0,-9111000000.0,20935000000.0,30242000000.0,12405000000.0,38534000000.0,14189000000.0,133749000000.0,-4895000000.0,0.0,-3000000000.0,14,39,3,0,0,0,
2026-08-03 13:35:00+00:00,484.450012207,489.2200012207,484.0101013184,488.8399963379,2991685,0.0,0.0,MSFT,微软,Microsoft Corporation,USD,13,35,MSFT,480.35,3566861025280,26.790295,20.376884,1.099,0.73,3.64,0.1983,349.2,553.72,223000,59.565,8.0643,0.40305,0.14088,0.34039003,44.668,76842999808,128812998656,331839012864,194237005824,0.67944,0.45111,29.118,1.099,1.23,0.7593,0.00090000004,2.17,7425545491,7414481428,569.5583,870.0,400.0,1.35714,53,331839000000.0,106374000000.0,225465000000.0,155237000000.0,133749000000.0,17.95,18.0,0,34666000000.0,32185000000.0,165934000000.0,207519000000.0,168985000000.0,201794000000.0,129134650000.0,38534000000.0,7453000000.0,7429000000.0,758376000000.0,315989000000.0,442387000000.0,56826000000.0,19359000000.0,20935000000.0,76651000000.0,1397000000.0,80876000000.0,337253000000.0,455944000000.0,-118691000000.0,119651000000.0,0,31067000000.0,168825000000.0,207710000000.0,38885000000.0,328265000000.0,117406000000.0,117406000000.0,442387000000.0,304127000000.0,482681000000.0,473454000000.0,182935000000.0,66987000000.0,-115948000000.0,-26445000000.0,-22271000000.0,-52546000000.0,-139500000000.0,-9111000000.0,20935000000.0,30242000000.0,12405000000.0,38534000000.0,14189000000.0,133749000000.0,-4895000000.0,0.0,-3000000000.0,14,39,3,0,0,0,
2026-08-03 13:40:00+00:00,488.8900146484,489.9400024414,487.25,489.7399902344,1954105,0.0,0.0,MSFT,微软,Microsoft Corporation,USD,13,40,MSFT,480.35,3566861025280,26.790295,20.376884,1.099,0.73,3.64,0.1983,349.2,553.72,223000,59.565,8.0643,0.40305,0.14088,0.34039003,44.668,76842999808,128812998656,331839012864,194237005824,0.67944,0.45111,29.118,1.099,1.23,0.7593,0.00090000004,2.17,7425545491,7414481428,569.5583,870.0,400.0,1.35714,53,331839000000.0,106374000000.0,225465000000.0,155237000000.0,133749000000.0,17.95,18.0,0,34666000000.0,32185000000.0,165934000000.0,207519000000.0,168985000000.0,201794000000.0,129134650000.0,38534000000.0,7453000000.0,7429000000.0,758376000000.0,315989000000.0,442387000000.0,56826000000.0,19359000000.0,20935000000.0,76651000000.0,1397000000.0,80876000000.0,337253000000.0,455944000000.0,-118691000000.0,119651000000.0,0,31067000000.0,168825000000.0,207710000000.0,38885000000.0,328265000000.0,117406000000.0,117406000000.0,442387000000.0,304127000000.0,482681000000.0,473454000000.0,182935000000.0,66987000000.0,-115948000000.0,-26445000000.0,-22271000000.0,-52546000000.0,-139500000000.0,-9111000000.0,20935000000.0,30242000000.0,12405000000.0,38534000000.0,14189000000.0,133749000000.0,-4895000000.0,0.0,-3000000000.0,14,39,3,0,0,0,
2026-08-03 13:45:00+00:00,489.6499938965,490.7998962402,487.5,488.5599975586,1705566,0.0,0.0,MSFT,微软,Microsoft Corporation,USD,13,45,MSFT,480.35,3566861025280,26.790295,20.376884,1.099,0.73,3.64,0.1983,349.2,553.72,223000,59.565,8.0643,0.40305,0.14088,0.34039003,44.668,76842999808,128812998656,331839012864,194237005824,0.67944,0.45111,29.118,1.099,1.23,0.7593,0.00090000004,2.17,7425545491,7414481428,569.5583,870.0,400.0,1.35714,53,331839000000.0,106374000000.0,225465000000.0,155237000000.0,133749000000.0,17.95,18.0,0,34666000000.0,32185000000.0,165934000000.0,207519000000.0,168985000000.0,201794000000.0,129134650000.0,38534000000.0,7453000000.0,7429000000.0,758376000000.0,315989000000.0,442387000000.0,56826000000.0,19359000000.0,20935000000.0,76651000000.0,1397000000.0,80876000000.0,337253000000.0,455944000000.0,-118691000000.0,119651000000.0,0,31067000000.0,168825000000.0,207710000000.0,38885000000.0,328265000000.0,117406000000.0,117406000000.0,442387000000.0,304127000000.0,482681000000.0,473454000000.0,182935000000.0,66987000000.0,-115948000000.0,-26445000000.0,-22271000000.0,-52546000000.0,-139500000000.0,-9111000000.0,20935000000.0,30242000000.0,12405000000.0,38534000000.0,14189000000.0,133749000000.0,-4895000000.0,0.0,-3000000000.0,14,39,3,0,0,0,
2026-08-03 13:50:00+00:00,488.5599975586,490.5700073242,487.049987793,489.9750061035,1585797,0.0,0.0,MSFT,微软,Microsoft Corporation,USD,13,50,MSFT,480.35,3566861025280,26.790295,20.376884,1.099,0.73,3.64,0.1983,349.2,553.72,223000,59.565,8.0643,0.40305,0.14088,0.34039003,44.668,76842999808,128812998656,331839012864,194237005824,0.67944,0.45111,29.118,1.099,1.23,0.7593,0.00090000004,2.17,7425545491,7414481428,569.5583,870.0,400.0,1.35714,53,331839000000.0,106374000000.0,225465000000.0,155237000000.0,133749000000.0,17.95,18.0,0,34666000000.0,32185000000.0,165934000000.0,207519000000.0,168985000000.0,201794000000.0,129134650000.0,38534000000.0,7453000000.0,7429000000.0,758376000000.0,315989000000.0,442387000000.0,56826000000.0,19359000000.0,20935000000.0,76651000000.0,1397000000.0,80876000000.0,337253000000.0,455944000000.0,-118691000000.0,119651000000.0,0,31067000000.0,168825000000.0,207710000000.0,38885000000.0,328265000000.0,117406000000.0,117406000000.0,442387000000.0,304127000000.0,482681000000.0,473454000000.0,182935000000.0,66987000000.0,-115948000000.0,-26445000000.0,-22271000000.0,-52546000000.0,-139500000000.0,-9111000000.0,20935000000.0,30242000000.0,12405000000.0,38534000000.0,14189000000.0,133749000000.0,-4895000000.0,0.0,-3000000000.0,14,39,3,0,0,0,
2026-08-03 13:55:00+00:00,489.9100036621,490.8800048828,488.8699951172,489.8999023438,1474447,0.0,0.0,MSFT,微软,Microsoft Corporation,USD,13,55,MSFT,480.35,3566861025280,26.790295,20.376884,1.099,0.73,3.64,0.1983,349.2,553.72,223000,59.565,8.0643,0.40305,0.14088,0.34039003,44.668,76842999808,128812998656,331839012864,194237005824,0.67944,0.45111,29.118,1.099,1.23,0.7593,0.00090000004,2.17,7425545491,7414481428,569.5583,870.0,400.0,1.35714,53,331839000000.0,106374000000.0,225465000000.0,155237000000.0,133749000000.0,17.95,18.0,0,34666000000.0,32185000000.0,165934000000.0,207519000000.0,168985000000.0,201794000000.0,129134650000.0,38534000000.0,7453000000.0,7429000000.0,758376000000.0,315989000000.0,442387000000.0,56826000000.0,19359000000.0,20935000000.0,76651000000.0,1397000000.0,80876000000.0,337253000000.0,455944000000.0,-118691000000.0,119651000000.0,0,31067000000.0,168825000000.0,207710000000.0,38885000000.0,328265000000.0,117406000000.0,117406000000.0,442387000000.0,304127000000.0,482681000000.0,473454000000.0,182935000000.0,66987000000.0,-115948000000.0,-26445000000.0,-22271000000.0,-52546000000.0,-139500000000.0,-9111000000.0,20935000000.0,30242000000.0,12405000000.0,38534000000.0,14189000000.0,133749000000.0,-4895000000.0,0.0,-3000000000.0,14,39,3,0,0,0,
2026-08-03 14:00:00+00:00,489.7799987793,491.1400146484,488.3099975586,490.4299926758,1670868,0.0,0.0,MSFT,微软,Microsoft Corporation,USD,14,0,MSFT,480.35,3566861025280,26.790295,20.376884,1.099,0.73,3.64,0.1983,349.2,553.72,223000,59.565,8.0643,0.40305,0.14088,0.34039003,44.668,76842999808,128812998656,331839012864,194237005824,0.67944,0.45111,29.118,1.099,1.23,0.7593,0.00090000004,2.17,7425545491,7414481428,569.5583,870.0,400.0,1.35714,53,331839000000.0,106374000000.0,225465000000.0,155237000000.0,133749000000.0,17.95,18.0,0,34666000000.0,32185000000.0,165934000000.0,207519000000.0,168985000000.0,201794000000.0,129134650000.0,38534000000.0,7453000000.0,7429000000.0,758376000000.0,315989000000.0,442387000000.0,56826000000.0,19359000000.0,20935000000.0,76651000000.0,1397000000.0,80876000000.0,337253000000.0,455944000000.0,-118691000000.0,119651000000.0,0,31067000000.0,168825000000.0,207710000000.0,38885000000.0,328265000000.0,117406000000.0,117406000000.0,442387000000.0,304127000000.0,482681000000.0,473454000000.0,182935000000.0,66987000000.0,-115948000000.0,-26445000000.0,-22271000000.0,-52546000000.0,-139500000000.0,-9111000000.0,20935000000.0,30242000000.0,12405000000.0,38534000000.0,14189000000.0,133749000000.0,-4895000000.0,0.0,-3000000000.0,14,39,3,0,0,0,
2026-08-03 14:05:00+00:00,490.4299926758,491.3699951172,488.7301025391,489.0199890137,1127525,0.0,0.0,MSFT,微软,Microsoft Corporation,USD,14,5,MSFT,480.35,3566861025280,26.790295,20.376884,1.099,0.73,3.64,0.1983,349.2,553.72,223000,59.565,8.0643,0.40305,0.14088,0.34039003,44.668,76842999808,128812998656,331839012864,194237005824,0.67944,0.45111,29.118,1.099,1.23,0.7593,0.00090000004,2.17,7425545491,7414481428,569.5583,870.0,400.0,1.35714,53,331839000000.0,106374000000.0,225465000000.0,155237000000.0,133749000000.0,17.95,18.0,0,34666000000.0,32185000000.0,165934000000.0,207519000000.0,168985000000.0,201794000000.0,129134650000.0,38534000000.0,7453000000.0,7429000000.0,758376000000.0,315989000000.0,442387000000.0,56826000000.0,19359000000.0,20935000000.0,76651000000.0,1397000000.0,80876000000.0,337253000000.0,455944000000.0,-118691000000.0,119651000000.0,0,31067000000.0,168825000000.0,207710000000.0,38885000000.0,328265000000.0,117406000000.0,117406000000.0,442387000000.0,304127000000.0,482681000000.0,473454000000.0,182935000000.0,66987000000.0,-115948000000.0,-26445000000.0,-22271000000.0,-52546000000.0,-139500000000.0,-9111000000.0,20935000000.0,30242000000.0,12405000000.0,38534000000.0,14189000000.0,133749000000.0,-4895000000.0,0.0,-3000000000.0,14,39,3,0,0,0,
2026-08-03 14:10:00+00:00,488.9100036621,489.1300048828,486.2300109863,486.6199951172,1121245,0.0,0.0,MSFT,微软,Microsoft Corporation,USD,14,10,MSFT,480.35,3566861025280,26.790295,20.376884,1.099,0.73,3.64,0.1983,349.2,553.72,223000,59.565,8.0643,0.40305,0.14088,0.34039003,44.668,76842999808,128812998656,331839012864,194237005824,0.67944,0.45111,29.118,1.099,1.23,0.7593,0.00090000004,2.17,7425545491,7414481428,569.5583,870.0,400.0,1.35714,53,331839000000.0,106374000000.0,225465000000.0,155237000000.0,133749000000.0,17.95,18.0,0,34666000000.0,32185000000.0,165934000000.0,207519000000.0,168985000000.0,201794000000.0,129134650000.0,38534000000.0,7453000000.0,7429000000.0,758376000000.0,315989000000.0,442387000000.0,56826000000.0,19359000000.0,20935000000.0,76651000000.0,1397000000.0,80876000000.0,337253000000.0,455944000000.0,-118691000000.0,119651000000.0,0,31067000000.0,168825000000.0,207710000000.0,38885000000.0,328265000000.0,117406000000.0,117406000000.0,442387000000.0,304127000000.0,482681000000.0,473454000000.0,182935000000.0,66987000000.0,-115948000000.0,-26445000000.0,-22271000000.0,-52546000000.0,-139500000000.0,-9111000000.0,20935000000.0,30242000000.0,12405000000.0,38534000000.0,14189000000.0,133749000000.0,-4895000000.0,0.0,-3000000000.0,14,39,3,0,0,0,
2026-08-03 14:15:00+00:00,486.6000061035,487.5599975586,486.1199951172,486.3550109863,750996,0.0,0.0,MSFT,微软,Microsoft Corporation,USD,14,15,MSFT,480.35,3566861025280,26.790295,20.376884,1.099,0.73,3.64,0.1983,349.2,553.72,223000,59.565,8.0643,0.40305,0.14088,0.34039003,44.668,76842999808,128812998656,331839012864,194237005824,0.67944,0.45111,29.118,1.099,1.23,0.7593,0.00090000004,2.17,7425545491,7414481428,569.5583,870.0,400.0,1.35714,53,331839000000.0,106374000000.0,225465000000.0,155237000000.0,133749000000.0,17.95,18.0,0,34666000000.0,32185000000.0,165934000000.0,207519000000.0,168985000000.0,201794000000.0,129134650000.0,38534000000.0,7453000000.0,7429000000.0,758376000000.0,315989000000.0,442387000000.0,56826000000.0,19359000000.0,20935000000.0,76651000000.0,1397000000.0,80876000000.0,337253000000.0,455944000000.0,-118691000000.0,119651000000.0,0,31067000000.0,168825000000.0,207710000000.0,38885000000.0,328265000000.0,117406000000.0,117406000000.0,442387000000.0,304127000000.0,482681000000.0,473454000000.0,182935000000.0,66987000000.0,-115948000000.0,-26445000000.0,-22271000000.0,-52546000000.0,-139500000000.0,-9111000000.0,20935000000.0,30242000000.0,12405000000.0,38534000000.0,14189000000.0,133749000000.0,-4895000000.0,0.0,-3000000000.0,14,39,3,0,0,0,
2026-08-03 14:20:00+00:00,486.299987793,487.1300048828,486.0100097656,486.1149902344,581759,0.0,0.0,MSFT,微软,Microsoft Corporation,USD,14,20,MSFT,480.35,3566861025280,26.790295,20.376884,1.099,0.73,3.64,0.1983,349.2,553.72,223000,59.565,8.0643,0.40305,0.14088,0.34039003,44.668,76842999808,128812998656,331839012864,194237005824,0.67944,0.45111,29.118,1.099,1.23,0.7593,0.00090000004,2.17,7425545491,7414481428,569.5583,870.0,400.0,1.35714,53,331839000000.0,106374000000.0,225465000000.0,155237000000.0,133749000000.0,17.95,18.0,0,34666000000.0,32185000000.0,165934000000.0,207519000000.0,168985000000.0,201794000000.0,129134650000.0,38534000000.0,7453000000.0,7429000000.0,758376000000.0,315989000000.0,442387000000.0,56826000000.0,19359000000.0,20935000000.0,76651000000.0,1397000000.0,80876000000.0,337253000000.0,455944000000.0,-118691000000.0,119651000000.0,0,31067000000.0,168825000000.0,207710000000.0,38885000000.0,328265000000.0,117406000000.0,117406000000.0,442387000000.0,304127000000.0,482681000000.0,473454000000.0,182935000000.0,66987000000.0,-115948000000.0,-26445000000.0,-22271000000.0,-52546000000.0,-139500000000.0,-9111000000.0,20935000000.0,30242000000.0,12405000000.0,38534000000.0,14189000000.0,133749000000.0,-4895000000.0,0.0,-3000000000.0,14,39,3,0,0,0,
2026-08-03 14:25:00+00:00,486.1700134277,487.25,484.7699890137,484.7900085449,719175,0.0,0.0,MSFT,微软,Microsoft Corporation,USD,14,25,MSFT,480.35,3566861025280,26.790295,20.376884,1.099,0.73,3.64,0.1983,349.2,553.72,223000,59.565,8.0643,0.40305,0.14088,0.34039003,44.668,76842999808,128812998656,331839012864,194237005824,0.67944,0.45111,29.118,1.099,1.23,0.7593,0.00090000004,2.17,7425545491,7414481428,569.5583,870.0,400.0,1.35714,53,331839000000.0,106374000000.0,225465000000.0,155237000000.0,133749000000.0,17.95,18.0,0,34666000000.0,32185000000.0,165934000000.0,207519000000.0,168985000000.0,201794000000.0,129134650000.0,38534000000.0,7453000000.0,7429000000.0,758376000000.0,315989000000.0,442387000000.0,56826000000.0,19359000000.0,20935000000.0,76651000000.0,1397000000.0,80876000000.0,337253000000.0,455944000000.0,-118691000000.0,119651000000.0,0,31067000000.0,168825000000.0,207710000000.0,38885000000.0,328265000000.0,117406000000.0,117406000000.0,442387000000.0,304127000000.0,482681000000.0,473454000000.0,182935000000.0,66987000000.0,-115948000000.0,-26445000000.0,-22271000000.0,-52546000000.0,-139500000000.0,-9111000000.0,20935000000.0,30242000000.0,12405000000.0,38534000000.0,14189000000.0,133749000000.0,-4895000000.0,0.0,-3000000000.0,14,39,3,0,0,0,
2026-08-03 14:30:00+00:00,484.8599853516,485.2799987793,484.049987793,484.1000061035,699253,0.0,0.0,MSFT,微软,Microsoft Corporation,USD,14,30,MSFT,480.35,3566861025280,26.790295,20.376884,1.099,0.73,3.64,0.1983,349.2,553.72,223000,59.565,8.0643,0.40305,0.14088,0.34039003,44.668,76842999808,128812998656,331839012864,194237005824,0.67944,0.45111,29.118,1.099,1.23,0.7593,0.00090000004,2.17,7425545491,7414481428,569.5583,870.0,400.0,1.35714,53,331839000000.0,106374000000.0,225465000000.0,155237000000.0,133749000000.0,17.95,18.0,0,34666000000.0,32185000000.0,165934000000.0,207519000000.0,168985000000.0,201794000000.0,129134650000.0,38534000000.0,7453000000.0,7429000000.0,758376000000.0,315989000000.0,442387000000.0,56826000000.0,19359000000.0,20935000000.0,76651000000.0,1397000000.0,80876000000.0,337253000000.0,455944000000.0,-118691000000.0,119651000000.0,0,31067000000.0,168825000000.0,207710000000.0,38885000000.0,328265000000.0,117406000000.0,117406000000.0,442387000000.0,304127000000.0,482681000000.0,473454000000.0,182935000000.0,66987000000.0,-115948000000.0,-26445000000.0,-22271000000.0,-52546000000.0,-139500000000.0,-9111000000.0,20935000000.0,30242000000.0,12405000000.0,38534000000.0,14189000000.0,133749000000.0,-4895000000.0,0.0,-3000000000.0,14,39,3,0,0,0,
2026-08-03 14:35:00+00:00,484.0799865723,486.5999145508,484.049987793,486.0700073242,738343,0.0,0.0,MSFT,微软,Microsoft Corporation,USD,14,35,MSFT,480.35,3566861025280,26.790295,20.376884,1.099,0.73,3.64,0.1983,349.2,553.72,223000,59.565,8.0643,0.40305,0.14088,0.34039003,44.668,76842999808,128812998656,331839012864,194237005824,0.67944,0.45111,29.118,1.099,1.23,0.7593,0.00090000004,2.17,7425545491,7414481428,569.5583,870.0,400.0,1.35714,53,331839000000.0,106374000000.0,225465000000.0,155237000000.0,133749000000.0,17.95,18.0,0,34666000000.0,32185000000.0,165934000000.0,207519000000.0,168985000000.0,201794000000.0,129134650000.0,38534000000.0,7453000000.0,7429000000.0,758376000000.0,315989000000.0,442387000000.0,56826000000.0,19359000000.0,20935000000.0,76651000000.0,1397000000.0,80876000000.0,337253000000.0,455944000000.0,-118691000000.0,119651000000.0,0,31067000000.0,168825000000.0,207710000000.0,38885000000.0,328265000000.0,117406000000.0,117406000000.0,442387000000.0,304127000000.0,482681000000.0,473454000000.0,182935000000.0,66987000000.0,-115948000000.0,-26445000000.0,-22271000000.0,-52546000000.0,-139500000000.0,-9111000000.0,20935000000.0,30242000000.0,12405000000.0,38534000000.0,14189000000.0,133749000000.0,-4895000000.0,0.0,-3000000000.0,14,39,3,0,0,0,
2026-08-03 14:40:00+00:00,486.0799865723,487.6000061035,485.9700012207,486.4649963379,581734,0.0,0.0,MSFT,微软,Microsoft Corporation,USD,14,40,MSFT,480.35,3566861025280,26.790295,20.376884,1.099,0.73,3.64,0.1983,349.2,553.72,223000,59.565,8.0643,0.40305,0.14088,0.34039003,44.668,76842999808,128812998656,331839012864,194237005824,0.67944,0.45111,29.118,1.099,1.23,0.7593,0.00090000004,2.17,7425545491,7414481428,569.5583,870.0,400.0,1.35714,53,331839000000.0,106374000000.0,225465000000.0,155237000000.0,133749000000.0,17.95,18.0,0,34666000000.0,32185000000.0,165934000000.0,207519000000.0,168985000000.0,201794000000.0,129134650000.0,38534000000.0,7453000000.0,7429000000.0,758376000000.0,315989000000.0,442387000000.0,56826000000.0,19359000000.0,20935000000.0,76651000000.0,1397000000.0,80876000000.0,337253000000.0,455944000000.0,-118691000000.0,119651000000.0,0,31067000000.0,168825000000.0,207710000000.0,38885000000.0,328265000000.0,117406000000.0,117406000000.0,442387000000.0,304127000000.0,482681000000.0,473454000000.0,182935000000.0,66987000000.0,-115948000000.0,-26445000000.0,-22271000000.0,-52546000000.0,-139500000000.0,-9111000000.0,20935000000.0,30242000000.0,12405000000.0,38534000000.0,14189000000.0,133749000000.0,-4895000000.0,0.0,-3000000000.0,14,39,3,0,0,0,
2026-08-03 14:45:00+00:00,486.5299987793,486.8500061035,483.8099975586,484.0599975586,715838,0.0,0.0,MSFT,微软,Microsoft Corporation,USD,14,45,MSFT,480.35,3566861025280,26.790295,20.376884,1.099,0.73,3.64,0.1983,349.2,553.72,223000,59.565,8.0643,0.40305,0.14088,0.34039003,44.668,76842999808,128812998656,331839012864,194237005824,0.67944,0.45111,29.118,1.099,1.23,0.7593,0.00090000004,2.17,7425545491,7414481428,569.5583,870.0,400.0,1.35714,53,331839000000.0,106374000000.0,225465000000.0,155237000000.0,133749000000.0,17.95,18.0,0,34666000000.0,32185000000.0,165934000000.0,207519000000.0,168985000000.0,201794000000.0,129134650000.0,38534000000.0,7453000000.0,7429000000.0,758376000000.0,315989000000.0,442387000000.0,56826000000.0,19359000000.0,20935000000.0,76651000000.0,1397000000.0,80876000000.0,337253000000.0,455944000000.0,-118691000000.0,119651000000.0,0,31067000000.0,168825000000.0,207710000000.0,38885000000.0,328265000000.0,117406000000.0,117406000000.0,442387000000.0,304127000000.0,482681000000.0,473454000000.0,182935000000.0,66987000000.0,-115948000000.0,-26445000000.0,-22271000000.0,-52546000000.0,-139500000000.0,-9111000000.0,20935000000.0,30242000000.0,12405000000.0,38534000000.0,14189000000.0,133749000000.0,-4895000000.0,0.0,-3000000000.0,14,39,3,0,0,0,
2026-08-03 14:50:00+00:00,484.0599975586,484.1700134277,482.8540039062,483.5,508172,0.0,0.0,MSFT,微软,Microsoft Corporation,USD,14,50,MSFT,480.35,3566861025280,26.790295,20.376884,1.099,0.73,3.64,0.1983,349.2,553.72,223000,59.565,8.0643,0.40305,0.14088,0.34039003,44.668,76842999808,128812998656,331839012864,194237005824,0.67944,0.45111,29.118,1.099,1.23,0.7593,0.00090000004,2.17,7425545491,7414481428,569.5583,870.0,400.0,1.35714,53,331839000000.0,106374000000.0,225465000000.0,155237000000.0,133749000000.0,17.95,18.0,0,34666000000.0,32185000000.0,165934000000.0,207519000000.0,168985000000.0,201794000000.0,129134650000.0,38534000000.0,7453000000.0,7429000000.0,758376000000.0,315989000000.0,442387000000.0,56826000000.0,19359000000.0,20935000000.0,76651000000.0,1397000000.0,80876000000.0,337253000000.0,455944000000.0,-118691000000.0,119651000000.0,0,31067000000.0,168825000000.0,207710000000.0,38885000000.0,328265000000.0,117406000000.0,117406000000.0,442387000000.0,304127000000.0,482681000000.0,473454000000.0,182935000000.0,66987000000.0,-115948000000.0,-26445000000.0,-22271000000.0,-52546000000.0,-139500000000.0,-9111000000.0,20935000000.0,30242000000.0,12405000000.0,38534000000.0,14189000000.0,133749000000.0,-4895000000.0,0.0,-3000000000.0,14,39,3,0,0,0,
2026-08-03 14:55:00+00:00,483.4649963379,484.1000061035,482.9899902344,483.9299926758,411583,0.0,0.0,MSFT,微软,Microsoft Corporation,USD,14,55,MSFT,480.35,3566861025280,26.790295,20.376884,1.099,0.73,3.64,0.1983,349.2,553.72,223000,59.565,8.0643,0.40305,0.14088,0.34039003,44.668,76842999808,128812998656,331839012864,194237005824,0.67944,0.45111,29.118,1.099,1.23,0.7593,0.00090000004,2.17,7425545491,7414481428,569.5583,870.0,400.0,1.35714,53,331839000000.0,106374000000.0,225465000000.0,155237000000.0,133749000000.0,17.95,18.0,0,34666000000.0,32185000000.0,165934000000.0,207519000000.0,168985000000.0,201794000000.0,129134650000.0,38534000000.0,7453000000.0,7429000000.0,758376000000.0,315989000000.0,442387000000.0,56826000000.0,19359000000.0,20935000000.0,76651000000.0,1397000000.0,80876000000.0,337253000000.0,455944000000.0,-118691000000.0,119651000000.0,0,31067000000.0,168825000000.0,207710000000.0,38885000000.0,328265000000.0,117406000000.0,117406000000.0,442387000000.0,304127000000.0,482681000000.0,473454000000.0,182935000000.0,66987000000.0,-115948000000.0,-26445000000.0,-22271000000.0,-52546000000.0,-139500000000.0,-9111000000.0,20935000000.0,30242000000.0,12405000000.0,38534000000.0,14189000000.0,133749000000.0,-4895000000.0,0.0,-3000000000.0,14,39,3,0,0,0,
2026-08-03 15:00:00+00:00,483.9899902344,484.9299926758,482.25,482.875,664538,0.0,0.0,MSFT,微软,Microsoft Corporation,USD,15,0,MSFT,480.35,3566861025280,26.790295,20.376884,1.099,0.73,3.64,0.1983,349.2,553.72,223000,59.565,8.0643,0.40305,0.14088,0.34039003,44.668,76842999808,128812998656,331839012864,194237005824,0.67944,0.45111,29.118,1.099,1.23,0.7593,0.00090000004,2.17,7425545491,7414481428,569.5583,870.0,400.0,1.35714,53,331839000000.0,106374000000.0,225465000000.0,155237000000.0,133749000000.0,17.95,18.0,0,34666000000.0,32185000000.0,165934000000.0,207519000000.0,168985000000.0,201794000000.0,129134650000.0,38534000000.0,7453000000.0,7429000000.0,758376000000.0,315989000000.0,442387000000.0,56826000000.0,19359000000.0,20935000000.0,76651000000.0,1397000000.0,80876000000.0,337253000000.0,455944000000.0,-118691000000.0,119651000000.0,0,31067000000.0,168825000000.0,207710000000.0,38885000000.0,328265000000.0,117406000000.0,117406000000.0,442387000000.0,304127000000.0,482681000000.0,473454000000.0,182935000000.0,66987000000.0,-115948000000.0,-26445000000.0,-22271000000.0,-52546000000.0,-139500000000.0,-9111000000.0,20935000000.0,30242000000.0,12405000000.0,38534000000.0,14189000000.0,133749000000.0,-4895000000.0,0.0,-3000000000.0,14,39,3,0,0,0,
2026-08-03 15:05:00+00:00,482.8308105469,484.5,482.4800109863,483.5100097656,517274,0.0,0.0,MSFT,微软,Microsoft Corporation,USD,15,5,MSFT,480.35,3566861025280,26.790295,20.376884,1.099,0.73,3.64,0.1983,349.2,553.72,223000,59.565,8.0643,0.40305,0.14088,0.34039003,44.668,76842999808,128812998656,331839012864,194237005824,0.67944,0.45111,29.118,1.099,1.23,0.7593,0.00090000004,2.17,7425545491,7414481428,569.5583,870.0,400.0,1.35714,53,331839000000.0,106374000000.0,225465000000.0,155237000000.0,133749000000.0,17.95,18.0,0,34666000000.0,32185000000.0,165934000000.0,207519000000.0,168985000000.0,201794000000.0,129134650000.0,38534000000.0,7453000000.0,7429000000.0,758376000000.0,315989000000.0,442387000000.0,56826000000.0,19359000000.0,20935000000.0,76651000000.0,1397000000.0,80876000000.0,337253000000.0,455944000000.0,-118691000000.0,119651000000.0,0,31067000000.0,168825000000.0,207710000000.0,38885000000.0,328265000000.0,117406000000.0,117406000000.0,442387000000.0,304127000000.0,482681000000.0,473454000000.0,182935000000.0,66987000000.0,-115948000000.0,-26445000000.0,-22271000000.0,-52546000000.0,-139500000000.0,-9111000000.0,20935000000.0,30242000000.0,12405000000.0,38534000000.0,14189000000.0,133749000000.0,-4895000000.0,0.0,-3000000000.0,14,39,3,0,0,0,
2026-08-03 15:10:00+00:00,483.5899963379,483.6000061035,481.6000976562,481.8299865723,476196,0.0,0.0,MSFT,微软,Microsoft Corporation,USD,15,10,MSFT,480.35,3566861025280,26.790295,20.376884,1.099,0.73,3.64,0.1983,349.2,553.72,223000,59.565,8.0643,0.40305,0.14088,0.34039003,44.668,76842999808,128812998656,331839012864,194237005824,0.67944,0.45111,29.118,1.099,1.23,0.7593,0.00090000004,2.17,7425545491,7414481428,569.5583,870.0,400.0,1.35714,53,331839000000.0,106374000000.0,225465000000.0,155237000000.0,133749000000.0,17.95,18.0,0,34666000000.0,32185000000.0,165934000000.0,207519000000.0,168985000000.0,201794000000.0,129134650000.0,38534000000.0,7453000000.0,7429000000.0,758376000000.0,315989000000.0,442387000000.0,56826000000.0,19359000000.0,20935000000.0,76651000000.0,1397000000.0,80876000000.0,337253000000.0,455944000000.0,-118691000000.0,119651000000.0,0,31067000000.0,168825000000.0,207710000000.0,38885000000.0,328265000000.0,117406000000.0,117406000000.0,442387000000.0,304127000000.0,482681000000.0,473454000000.0,182935000000.0,66987000000.0,-115948000000.0,-26445000000.0,-22271000000.0,-52546000000.0,-139500000000.0,-9111000000.0,20935000000.0,30242000000.0,12405000000.0,38534000000.0,14189000000.0,133749000000.0,-4895000000.0,0.0,-3000000000.0,14,39,3,0,0,0,
2026-08-03 15:15:00+00:00,481.8349914551,482.4695129395,481.6300048828,482.1650085449,429128,0.0,0.0,MSFT,微软,Microsoft Corporation,USD,15,15,MSFT,480.35,3566861025280,26.790295,20.376884,1.099,0.73,3.64,0.1983,349.2,553.72,223000,59.565,8.0643,0.40305,0.14088,0.34039003,44.668,76842999808,128812998656,331839012864,194237005824,0.67944,0.45111,29.118,1.099,1.23,0.7593,0.00090000004,2.17,7425545491,7414481428,569.5583,870.0,400.0,1.35714,53,331839000000.0,106374000000.0,225465000000.0,155237000000.0,133749000000.0,17.95,18.0,0,34666000000.0,32185000000.0,165934000000.0,207519000000.0,168985000000.0,201794000000.0,129134650000.0,38534000000.0,7453000000.0,7429000000.0,758376000000.0,315989000000.0,442387000000.0,56826000000.0,19359000000.0,20935000000.0,76651000000.0,1397000000.0,80876000000.0,337253000000.0,455944000000.0,-118691000000.0,119651000000.0,0,31067000000.0,168825000000.0,207710000000.0,38885000000.0,328265000000.0,117406000000.0,117406000000.0,442387000000.0,304127000000.0,482681000000.0,473454000000.0,182935000000.0,66987000000.0,-115948000000.0,-26445000000.0,-22271000000.0,-52546000000.0,-139500000000.0,-9111000000.0,20935000000.0,30242000000.0,12405000000.0,38534000000.0,14189000000.0,133749000000.0,-4895000000.0,0.0,-3000000000.0,14,39,3,0,0,0,
2026-08-03 15:20:00+00:00,482.1700134277,485.1700134277,482.0899963379,484.9635925293,686481,0.0,0.0,MSFT,微软,Microsoft Corporation,USD,15,20,MSFT,480.35,3566861025280,26.790295,20.376884,1.099,0.73,3.64,0.1983,349.2,553.72,223000,59.565,8.0643,0.40305,0.14088,0.34039003,44.668,76842999808,128812998656,331839012864,194237005824,0.67944,0.45111,29.118,1.099,1.23,0.7593,0.00090000004,2.17,7425545491,7414481428,569.5583,870.0,400.0,1.35714,53,331839000000.0,106374000000.0,225465000000.0,155237000000.0,133749000000.0,17.95,18.0,0,34666000000.0,32185000000.0,165934000000.0,207519000000.0,168985000000.0,201794000000.0,129134650000.0,38534000000.0,7453000000.0,7429000000.0,758376000000.0,315989000000.0,442387000000.0,56826000000.0,19359000000.0,20935000000.0,76651000000.0,1397000000.0,80876000000.0,337253000000.0,455944000000.0,-118691000000.0,119651000000.0,0,31067000000.0,168825000000.0,207710000000.0,38885000000.0,328265000000.0,117406000000.0,117406000000.0,442387000000.0,304127000000.0,482681000000.0,473454000000.0,182935000000.0,66987000000.0,-115948000000.0,-26445000000.0,-22271000000.0,-52546000000.0,-139500000000.0,-9111000000.0,20935000000.0,30242000000.0,12405000000.0,38534000000.0,14189000000.0,133749000000.0,-4895000000.0,0.0,-3000000000.0,14,39,3,0,0,0,
2026-08-03 15:25:00+00:00,484.9700012207,485.6998901367,484.0,485.625,494691,0.0,0.0,MSFT,微软,Microsoft Corporation,USD,15,25,MSFT,480.35,3566861025280,26.790295,20.376884,1.099,0.73,3.64,0.1983,349.2,553.72,223000,59.565,8.0643,0.40305,0.14088,0.34039003,44.668,76842999808,128812998656,331839012864,194237005824,0.67944,0.45111,29.118,1.099,1.23,0.7593,0.00090000004,2.17,7425545491,7414481428,569.5583,870.0,400.0,1.35714,53,331839000000.0,106374000000.0,225465000000.0,155237000000.0,133749000000.0,17.95,18.0,0,34666000000.0,32185000000.0,165934000000.0,207519000000.0,168985000000.0,201794000000.0,129134650000.0,38534000000.0,7453000000.0,7429000000.0,758376000000.0,315989000000.0,442387000000.0,56826000000.0,19359000000.0,20935000000.0,76651000000.0,1397000000.0,80876000000.0,337253000000.0,455944000000.0,-118691000000.0,119651000000.0,0,31067000000.0,168825000000.0,207710000000.0,38885000000.0,328265000000.0,117406000000.0,117406000000.0,442387000000.0,304127000000.0,482681000000.0,473454000000.0,182935000000.0,66987000000.0,-115948000000.0,-26445000000.0,-22271000000.0,-52546000000.0,-139500000000.0,-9111000000.0,20935000000.0,30242000000.0,12405000000.0,38534000000.0,14189000000.0,133749000000.0,-4895000000.0,0.0,-3000000000.0,14,39,3,0,0,0,
2026-08-03 15:30:00+00:00,485.6300048828,488.2799987793,485.2699890137,487.7399902344,893432,0.0,0.0,MSFT,微软,Microsoft Corporation,USD,15,30,MSFT,480.35,3566861025280,26.790295,20.376884,1.099,0.73,3.64,0.1983,349.2,553.72,223000,59.565,8.0643,0.40305,0.14088,0.34039003,44.668,76842999808,128812998656,331839012864,194237005824,0.67944,0.45111,29.118,1.099,1.23,0.7593,0.00090000004,2.17,7425545491,7414481428,569.5583,870.0,400.0,1.35714,53,331839000000.0,106374000000.0,225465000000.0,155237000000.0,133749000000.0,17.95,18.0,0,34666000000.0,32185000000.0,165934000000.0,207519000000.0,168985000000.0,201794000000.0,129134650000.0,38534000000.0,7453000000.0,7429000000.0,758376000000.0,315989000000.0,442387000000.0,56826000000.0,19359000000.0,20935000000.0,76651000000.0,1397000000.0,80876000000.0,337253000000.0,455944000000.0,-118691000000.0,119651000000.0,0,31067000000.0,168825000000.0,207710000000.0,38885000000.0,328265000000.0,117406000000.0,117406000000.0,442387000000.0,304127000000.0,482681000000.0,473454000000.0,182935000000.0,66987000000.0,-115948000000.0,-26445000000.0,-22271000000.0,-52546000000.0,-139500000000.0,-9111000000.0,20935000000.0,30242000000.0,12405000000.0,38534000000.0,14189000000.0,133749000000.0,-4895000000.0,0.0,-3000000000.0,14,39,3,0,0,0,
2026-08-03 15:35:00+00:00,487.7399902344,487.9400024414,486.7300109863,487.4200134277,520781,0.0,0.0,MSFT,微软,Microsoft Corporation,USD,15,35,MSFT,480.35,3566861025280,26.790295,20.376884,1.099,0.73,3.64,0.1983,349.2,553.72,223000,59.565,8.0643,0.40305,0.14088,0.34039003,44.668,76842999808,128812998656,331839012864,194237005824,0.67944,0.45111,29.118,1.099,1.23,0.7593,0.00090000004,2.17,7425545491,7414481428,569.5583,870.0,400.0,1.35714,53,331839000000.0,106374000000.0,225465000000.0,155237000000.0,133749000000.0,17.95,18.0,0,34666000000.0,32185000000.0,165934000000.0,207519000000.0,168985000000.0,201794000000.0,129134650000.0,38534000000.0,7453000000.0,7429000000.0,758376000000.0,315989000000.0,442387000000.0,56826000000.0,19359000000.0,20935000000.0,76651000000.0,1397000000.0,80876000000.0,337253000000.0,455944000000.0,-118691000000.0,119651000000.0,0,31067000000.0,168825000000.0,207710000000.0,38885000000.0,328265000000.0,117406000000.0,117406000000.0,442387000000.0,304127000000.0,482681000000.0,473454000000.0,182935000000.0,66987000000.0,-115948000000.0,-26445000000.0,-22271000000.0,-52546000000.0,-139500000000.0,-9111000000.0,20935000000.0,30242000000.0,12405000000.0,38534000000.0,14189000000.0,133749000000.0,-4895000000.0,0.0,-3000000000.0,14,39,3,0,0,0,
2026-08-03 15:40:00+00:00,487.4200134277,488.2900085449,487.1499938965,487.25,452759,0.0,0.0,MSFT,微软,Microsoft Corporation,USD,15,40,MSFT,480.35,3566861025280,26.790295,20.376884,1.099,0.73,3.64,0.1983,349.2,553.72,223000,59.565,8.0643,0.40305,0.14088,0.34039003,44.668,76842999808,128812998656,331839012864,194237005824,0.67944,0.45111,29.118,1.099,1.23,0.7593,0.00090000004,2.17,7425545491,7414481428,569.5583,870.0,400.0,1.35714,53,331839000000.0,106374000000.0,225465000000.0,155237000000.0,133749000000.0,17.95,18.0,0,34666000000.0,32185000000.0,165934000000.0,207519000000.0,168985000000.0,201794000000.0,129134650000.0,38534000000.0,7453000000.0,7429000000.0,758376000000.0,315989000000.0,442387000000.0,56826000000.0,19359000000.0,20935000000.0,76651000000.0,1397000000.0,80876000000.0,337253000000.0,455944000000.0,-118691000000.0,119651000000.0,0,31067000000.0,168825000000.0,207710000000.0,38885000000.0,328265000000.0,117406000000.0,117406000000.0,442387000000.0,304127000000.0,482681000000.0,473454000000.0,182935000000.0,66987000000.0,-115948000000.0,-26445000000.0,-22271000000.0,-52546000000.0,-139500000000.0,-9111000000.0,20935000000.0,30242000000.0,12405000000.0,38534000000.0,14189000000.0,133749000000.0,-4895000000.0,0.0,-3000000000.0,14,39,3,0,0,0,
2026-08-03 15:45:00+00:00,487.2449951172,487.9100036621,485.9899902344,486.3150024414,356462,0.0,0.0,MSFT,微软,Microsoft Corporation,USD,15,45,MSFT,480.35,3566861025280,26.790295,20.376884,1.099,0.73,3.64,0.1983,349.2,553.72,223000,59.565,8.0643,0.40305,0.14088,0.34039003,44.668,76842999808,128812998656,331839012864,194237005824,0.67944,0.45111,29.118,1.099,1.23,0.7593,0.00090000004,2.17,7425545491,7414481428,569.5583,870.0,400.0,1.35714,53,331839000000.0,106374000000.0,225465000000.0,155237000000.0,133749000000.0,17.95,18.0,0,34666000000.0,32185000000.0,165934000000.0,207519000000.0,168985000000.0,201794000000.0,129134650000.0,38534000000.0,7453000000.0,7429000000.0,758376000000.0,315989000000.0,442387000000.0,56826000000.0,19359000000.0,20935000000.0,76651000000.0,1397000000.0,80876000000.0,337253000000.0,455944000000.0,-118691000000.0,119651000000.0,0,31067000000.0,168825000000.0,207710000000.0,38885000000.0,328265000000.0,117406000000.0,117406000000.0,442387000000.0,304127000000.0,482681000000.0,473454000000.0,182935000000.0,66987000000.0,-115948000000.0,-26445000000.0,-22271000000.0,-52546000000.0,-139500000000.0,-9111000000.0,20935000000.0,30242000000.0,12405000000.0,38534000000.0,14189000000.0,133749000000.0,-4895000000.0,0.0,-3000000000.0,14,39,3,0,0,0,
2026-08-03 15:50:00+00:00,486.2799987793,486.3599853516,485.6700134277,486.1499938965,280433,0.0,0.0,MSFT,微软,Microsoft Corporation,USD,15,50,MSFT,480.35,3566861025280,26.790295,20.376884,1.099,0.73,3.64,0.1983,349.2,553.72,223000,59.565,8.0643,0.40305,0.14088,0.34039003,44.668,76842999808,128812998656,331839012864,194237005824,0.67944,0.45111,29.118,1.099,1.23,0.7593,0.00090000004,2.17,7425545491,7414481428,569.5583,870.0,400.0,1.35714,53,331839000000.0,106374000000.0,225465000000.0,155237000000.0,133749000000.0,17.95,18.0,0,34666000000.0,32185000000.0,165934000000.0,207519000000.0,168985000000.0,201794000000.0,129134650000.0,38534000000.0,7453000000.0,7429000000.0,758376000000.0,315989000000.0,442387000000.0,56826000000.0,19359000000.0,20935000000.0,76651000000.0,1397000000.0,80876000000.0,337253000000.0,455944000000.0,-118691000000.0,119651000000.0,0,31067000000.0,168825000000.0,207710000000.0,38885000000.0,328265000000.0,117406000000.0,117406000000.0,442387000000.0,304127000000.0,482681000000.0,473454000000.0,182935000000.0,66987000000.0,-115948000000.0,-26445000000.0,-22271000000.0,-52546000000.0,-139500000000.0,-9111000000.0,20935000000.0,30242000000.0,12405000000.0,38534000000.0,14189000000.0,133749000000.0,-4895000000.0,0.0,-3000000000.0,14,39,3,0,0,0,
2026-08-03 15:55:00+00:00,486.1900024414,486.7300109863,485.8200073242,486.3900146484,328949,0.0,0.0,MSFT,微软,Microsoft Corporation,USD,15,55,MSFT,480.35,3566861025280,26.790295,20.376884,1.099,0.73,3.64,0.1983,349.2,553.72,223000,59.565,8.0643,0.40305,0.14088,0.34039003,44.668,76842999808,128812998656,331839012864,194237005824,0.67944,0.45111,29.118,1.099,1.23,0.7593,0.00090000004,2.17,7425545491,7414481428,569.5583,870.0,400.0,1.35714,53,331839000000.0,106374000000.0,225465000000.0,155237000000.0,133749000000.0,17.95,18.0,0,34666000000.0,32185000000.0,165934000000.0,207519000000.0,168985000000.0,201794000000.0,129134650000.0,38534000000.0,7453000000.0,7429000000.0,758376000000.0,315989000000.0,442387000000.0,56826000000.0,19359000000.0,20935000000.0,76651000000.0,1397000000.0,80876000000.0,337253000000.0,455944000000.0,-118691000000.0,119651000000.0,0,31067000000.0,168825000000.0,207710000000.0,38885000000.0,328265000000.0,117406000000.0,117406000000.0,442387000000.0,304127000000.0,482681000000.0,473454000000.0,182935000000.0,66987000000.0,-115948000000.0,-26445000000.0,-22271000000.0,-52546000000.0,-139500000000.0,-9111000000.0,20935000000.0,30242000000.0,12405000000.0,38534000000.0,14189000000.0,133749000000.0,-4895000000.0,0.0,-3000000000.0,14,39,3,0,0,0,
2026-08-03 16:00:00+00:00,486.4200134277,487.2699890137,483.0299987793,486.3810119629,466346,0.0,0.0,MSFT,微软,Microsoft Corporation,USD,16,0,MSFT,480.35,3566861025280,26.790295,20.376884,1.099,0.73,3.64,0.1983,349.2,553.72,223000,59.565,8.0643,0.40305,0.14088,0.34039003,44.668,76842999808,128812998656,331839012864,194237005824,0.67944,0.45111,29.118,1.099,1.23,0.7593,0.00090000004,2.17,7425545491,7414481428,569.5583,870.0,400.0,1.35714,53,331839000000.0,106374000000.0,225465000000.0,155237000000.0,133749000000.0,17.95,18.0,0,34666000000.0,32185000000.0,165934000000.0,207519000000.0,168985000000.0,201794000000.0,129134650000.0,38534000000.0,7453000000.0,7429000000.0,758376000000.0,315989000000.0,442387000000.0,56826000000.0,19359000000.0,20935000000.0,76651000000.0,1397000000.0,80876000000.0,337253000000.0,455944000000.0,-118691000000.0,119651000000.0,0,31067000000.0,168825000000.0,207710000000.0,38885000000.0,328265000000.0,117406000000.0,117406000000.0,442387000000.0,304127000000.0,482681000000.0,473454000000.0,182935000000.0,66987000000.0,-115948000000.0,-26445000000.0,-22271000000.0,-52546000000.0,-139500000000.0,-9111000000.0,20935000000.0,30242000000.0,12405000000.0,38534000000.0,14189000000.0,133749000000.0,-4895000000.0,0.0,-3000000000.0,14,39,3,0,0,0,
2026-08-03 16:05:00+00:00,486.4200134277,487.499206543,486.2699890137,487.2699890137,452581,0.0,0.0,MSFT,微软,Microsoft Corporation,USD,16,5,MSFT,480.35,3566861025280,26.790295,20.376884,1.099,0.73,3.64,0.1983,349.2,553.72,223000,59.565,8.0643,0.40305,0.14088,0.34039003,44.668,76842999808,128812998656,331839012864,194237005824,0.67944,0.45111,29.118,1.099,1.23,0.7593,0.00090000004,2.17,7425545491,7414481428,569.5583,870.0,400.0,1.35714,53,331839000000.0,106374000000.0,225465000000.0,155237000000.0,133749000000.0,17.95,18.0,0,34666000000.0,32185000000.0,165934000000.0,207519000000.0,168985000000.0,201794000000.0,129134650000.0,38534000000.0,7453000000.0,7429000000.0,758376000000.0,315989000000.0,442387000000.0,56826000000.0,19359000000.0,20935000000.0,76651000000.0,1397000000.0,80876000000.0,337253000000.0,455944000000.0,-118691000000.0,119651000000.0,0,31067000000.0,168825000000.0,207710000000.0,38885000000.0,328265000000.0,117406000000.0,117406000000.0,442387000000.0,304127000000.0,482681000000.0,473454000000.0,182935000000.0,66987000000.0,-115948000000.0,-26445000000.0,-22271000000.0,-52546000000.0,-139500000000.0,-9111000000.0,20935000000.0,30242000000.0,12405000000.0,38534000000.0,14189000000.0,133749000000.0,-4895000000.0,0.0,-3000000000.0,14,39,3,0,0,0,
2026-08-03 16:10:00+00:00,487.3099975586,487.575012207,486.5101013184,487.4899902344,290795,0.0,0.0,MSFT,微软,Microsoft Corporation,USD,16,10,MSFT,480.35,3566861025280,26.790295,20.376884,1.099,0.73,3.64,0.1983,349.2,553.72,223000,59.565,8.0643,0.40305,0.14088,0.34039003,44.668,76842999808,128812998656,331839012864,194237005824,0.67944,0.45111,29.118,1.099,1.23,0.7593,0.00090000004,2.17,7425545491,7414481428,569.5583,870.0,400.0,1.35714,53,331839000000.0,106374000000.0,225465000000.0,155237000000.0,133749000000.0,17.95,18.0,0,34666000000.0,32185000000.0,165934000000.0,207519000000.0,168985000000.0,201794000000.0,129134650000.0,38534000000.0,7453000000.0,7429000000.0,758376000000.0,315989000000.0,442387000000.0,56826000000.0,19359000000.0,20935000000.0,76651000000.0,1397000000.0,80876000000.0,337253000000.0,455944000000.0,-118691000000.0,119651000000.0,0,31067000000.0,168825000000.0,207710000000.0,38885000000.0,328265000000.0,117406000000.0,117406000000.0,442387000000.0,304127000000.0,482681000000.0,473454000000.0,182935000000.0,66987000000.0,-115948000000.0,-26445000000.0,-22271000000.0,-52546000000.0,-139500000000.0,-9111000000.0,20935000000.0,30242000000.0,12405000000.0,38534000000.0,14189000000.0,133749000000.0,-4895000000.0,0.0,-3000000000.0,14,39,3,0,0,0,
2026-08-03 16:15:00+00:00,487.5,487.799987793,486.2900085449,486.6350097656,341258,0.0,0.0,MSFT,微软,Microsoft Corporation,USD,16,15,MSFT,480.35,3566861025280,26.790295,20.376884,1.099,0.73,3.64,0.1983,349.2,553.72,223000,59.565,8.0643,0.40305,0.14088,0.34039003,44.668,76842999808,128812998656,331839012864,194237005824,0.67944,0.45111,29.118,1.099,1.23,0.7593,0.00090000004,2.17,7425545491,7414481428,569.5583,870.0,400.0,1.35714,53,331839000000.0,106374000000.0,225465000000.0,155237000000.0,133749000000.0,17.95,18.0,0,34666000000.0,32185000000.0,165934000000.0,207519000000.0,168985000000.0,201794000000.0,129134650000.0,38534000000.0,7453000000.0,7429000000.0,758376000000.0,315989000000.0,442387000000.0,56826000000.0,19359000000.0,20935000000.0,76651000000.0,1397000000.0,80876000000.0,337253000000.0,455944000000.0,-118691000000.0,119651000000.0,0,31067000000.0,168825000000.0,207710000000.0,38885000000.0,328265000000.0,117406000000.0,117406000000.0,442387000000.0,304127000000.0,482681000000.0,473454000000.0,182935000000.0,66987000000.0,-115948000000.0,-26445000000.0,-22271000000.0,-52546000000.0,-139500000000.0,-9111000000.0,20935000000.0,30242000000.0,12405000000.0,38534000000.0,14189000000.0,133749000000.0,-4895000000.0,0.0,-3000000000.0,14,39,3,0,0,0,
2026-08-03 16:20:00+00:00,486.6350097656,487.6199951172,486.4599914551,487.4549865723,379761,0.0,0.0,MSFT,微软,Microsoft Corporation,USD,16,20,MSFT,480.35,3566861025280,26.790295,20.376884,1.099,0.73,3.64,0.1983,349.2,553.72,223000,59.565,8.0643,0.40305,0.14088,0.34039003,44.668,76842999808,128812998656,331839012864,194237005824,0.67944,0.45111,29.118,1.099,1.23,0.7593,0.00090000004,2.17,7425545491,7414481428,569.5583,870.0,400.0,1.35714,53,331839000000.0,106374000000.0,225465000000.0,155237000000.0,133749000000.0,17.95,18.0,0,34666000000.0,32185000000.0,165934000000.0,207519000000.0,168985000000.0,201794000000.0,129134650000.0,38534000000.0,7453000000.0,7429000000.0,758376000000.0,315989000000.0,442387000000.0,56826000000.0,19359000000.0,20935000000.0,76651000000.0,1397000000.0,80876000000.0,337253000000.0,455944000000.0,-118691000000.0,119651000000.0,0,31067000000.0,168825000000.0,207710000000.0,38885000000.0,328265000000.0,117406000000.0,117406000000.0,442387000000.0,304127000000.0,482681000000.0,473454000000.0,182935000000.0,66987000000.0,-115948000000.0,-26445000000.0,-22271000000.0,-52546000000.0,-139500000000.0,-9111000000.0,20935000000.0,30242000000.0,12405000000.0,38534000000.0,14189000000.0,133749000000.0,-4895000000.0,0.0,-3000000000.0,14,39,3,0,0,0,
2026-08-03 16:25:00+00:00,487.4800109863,487.6050109863,487.0799865723,487.5299987793,235084,0.0,0.0,MSFT,微软,Microsoft Corporation,USD,16,25,MSFT,480.35,3566861025280,26.790295,20.376884,1.099,0.73,3.64,0.1983,349.2,553.72,223000,59.565,8.0643,0.40305,0.14088,0.34039003,44.668,76842999808,128812998656,331839012864,194237005824,0.67944,0.45111,29.118,1.099,1.23,0.7593,0.00090000004,2.17,7425545491,7414481428,569.5583,870.0,400.0,1.35714,53,331839000000.0,106374000000.0,225465000000.0,155237000000.0,133749000000.0,17.95,18.0,0,34666000000.0,32185000000.0,165934000000.0,207519000000.0,168985000000.0,201794000000.0,129134650000.0,38534000000.0,7453000000.0,7429000000.0,758376000000.0,315989000000.0,442387000000.0,56826000000.0,19359000000.0,20935000000.0,76651000000.0,1397000000.0,80876000000.0,337253000000.0,455944000000.0,-118691000000.0,119651000000.0,0,31067000000.0,168825000000.0,207710000000.0,38885000000.0,328265000000.0,117406000000.0,117406000000.0,442387000000.0,304127000000.0,482681000000.0,473454000000.0,182935000000.0,66987000000.0,-115948000000.0,-26445000000.0,-22271000000.0,-52546000000.0,-139500000000.0,-9111000000.0,20935000000.0,30242000000.0,12405000000.0,38534000000.0,14189000000.0,133749000000.0,-4895000000.0,0.0,-3000000000.0,14,39,3,0,0,0,
2026-08-03 16:30:00+00:00,487.5199890137,489.5100097656,487.3699951172,488.8599853516,641964,0.0,0.0,MSFT,微软,Microsoft Corporation,USD,16,30,MSFT,480.35,3566861025280,26.790295,20.376884,1.099,0.73,3.64,0.1983,349.2,553.72,223000,59.565,8.0643,0.40305,0.14088,0.34039003,44.668,76842999808,128812998656,331839012864,194237005824,0.67944,0.45111,29.118,1.099,1.23,0.7593,0.00090000004,2.17,7425545491,7414481428,569.5583,870.0,400.0,1.35714,53,331839000000.0,106374000000.0,225465000000.0,155237000000.0,133749000000.0,17.95,18.0,0,34666000000.0,32185000000.0,165934000000.0,207519000000.0,168985000000.0,201794000000.0,129134650000.0,38534000000.0,7453000000.0,7429000000.0,758376000000.0,315989000000.0,442387000000.0,56826000000.0,19359000000.0,20935000000.0,76651000000.0,1397000000.0,80876000000.0,337253000000.0,455944000000.0,-118691000000.0,119651000000.0,0,31067000000.0,168825000000.0,207710000000.0,38885000000.0,328265000000.0,117406000000.0,117406000000.0,442387000000.0,304127000000.0,482681000000.0,473454000000.0,182935000000.0,66987000000.0,-115948000000.0,-26445000000.0,-22271000000.0,-52546000000.0,-139500000000.0,-9111000000.0,20935000000.0,30242000000.0,12405000000.0,38534000000.0,14189000000.0,133749000000.0,-4895000000.0,0.0,-3000000000.0,14,39,3,0,0,0,
2026-08-03 16:35:00+00:00,488.8099975586,488.8599853516,487.3475036621,487.549987793,1400172,0.0,0.0,MSFT,微软,Microsoft Corporation,USD,16,35,MSFT,480.35,3566861025280,26.790295,20.376884,1.099,0.73,3.64,0.1983,349.2,553.72,223000,59.565,8.0643,0.40305,0.14088,0.34039003,44.668,76842999808,128812998656,331839012864,194237005824,0.67944,0.45111,29.118,1.099,1.23,0.7593,0.00090000004,2.17,7425545491,7414481428,569.5583,870.0,400.0,1.35714,53,331839000000.0,106374000000.0,225465000000.0,155237000000.0,133749000000.0,17.95,18.0,0,34666000000.0,32185000000.0,165934000000.0,207519000000.0,168985000000.0,201794000000.0,129134650000.0,38534000000.0,7453000000.0,7429000000.0,758376000000.0,315989000000.0,442387000000.0,56826000000.0,19359000000.0,20935000000.0,76651000000.0,1397000000.0,80876000000.0,337253000000.0,455944000000.0,-118691000000.0,119651000000.0,0,31067000000.0,168825000000.0,207710000000.0,38885000000.0,328265000000.0,117406000000.0,117406000000.0,442387000000.0,304127000000.0,482681000000.0,473454000000.0,182935000000.0,66987000000.0,-115948000000.0,-26445000000.0,-22271000000.0,-52546000000.0,-139500000000.0,-9111000000.0,20935000000.0,30242000000.0,12405000000.0,38534000000.0,14189000000.0,133749000000.0,-4895000000.0,0.0,-3000000000.0,14,39,3,0,0,0,
2026-08-03 16:40:00+00:00,487.6000061035,489.4400024414,487.3599853516,489.200012207,358479,0.0,0.0,MSFT,微软,Microsoft Corporation,USD,16,40,MSFT,480.35,3566861025280,26.790295,20.376884,1.099,0.73,3.64,0.1983,349.2,553.72,223000,59.565,8.0643,0.40305,0.14088,0.34039003,44.668,76842999808,128812998656,331839012864,194237005824,0.67944,0.45111,29.118,1.099,1.23,0.7593,0.00090000004,2.17,7425545491,7414481428,569.5583,870.0,400.0,1.35714,53,331839000000.0,106374000000.0,225465000000.0,155237000000.0,133749000000.0,17.95,18.0,0,34666000000.0,32185000000.0,165934000000.0,207519000000.0,168985000000.0,201794000000.0,129134650000.0,38534000000.0,7453000000.0,7429000000.0,758376000000.0,315989000000.0,442387000000.0,56826000000.0,19359000000.0,20935000000.0,76651000000.0,1397000000.0,80876000000.0,337253000000.0,455944000000.0,-118691000000.0,119651000000.0,0,31067000000.0,168825000000.0,207710000000.0,38885000000.0,328265000000.0,117406000000.0,117406000000.0,442387000000.0,304127000000.0,482681000000.0,473454000000.0,182935000000.0,66987000000.0,-115948000000.0,-26445000000.0,-22271000000.0,-52546000000.0,-139500000000.0,-9111000000.0,20935000000.0,30242000000.0,12405000000.0,38534000000.0,14189000000.0,133749000000.0,-4895000000.0,0.0,-3000000000.0,14,39,3,0,0,0,
2026-08-03 16:45:00+00:00,489.2300109863,489.5,488.049987793,488.4100036621,487940,0.0,0.0,MSFT,微软,Microsoft Corporation,USD,16,45,MSFT,480.35,3566861025280,26.790295,20.376884,1.099,0.73,3.64,0.1983,349.2,553.72,223000,59.565,8.0643,0.40305,0.14088,0.34039003,44.668,76842999808,128812998656,331839012864,194237005824,0.67944,0.45111,29.118,1.099,1.23,0.7593,0.00090000004,2.17,7425545491,7414481428,569.5583,870.0,400.0,1.35714,53,331839000000.0,106374000000.0,225465000000.0,155237000000.0,133749000000.0,17.95,18.0,0,34666000000.0,32185000000.0,165934000000.0,207519000000.0,168985000000.0,201794000000.0,129134650000.0,38534000000.0,7453000000.0,7429000000.0,758376000000.0,315989000000.0,442387000000.0,56826000000.0,19359000000.0,20935000000.0,76651000000.0,1397000000.0,80876000000.0,337253000000.0,455944000000.0,-118691000000.0,119651000000.0,0,31067000000.0,168825000000.0,207710000000.0,38885000000.0,328265000000.0,117406000000.0,117406000000.0,442387000000.0,304127000000.0,482681000000.0,473454000000.0,182935000000.0,66987000000.0,-115948000000.0,-26445000000.0,-22271000000.0,-52546000000.0,-139500000000.0,-9111000000.0,20935000000.0,30242000000.0,12405000000.0,38534000000.0,14189000000.0,133749000000.0,-4895000000.0,0.0,-3000000000.0,14,39,3,0,0,0,
2026-08-03 16:50:00+00:00,488.4100036621,488.8099975586,488.2900085449,488.5799865723,218656,0.0,0.0,MSFT,微软,Microsoft Corporation,USD,16,50,MSFT,480.35,3566861025280,26.790295,20.376884,1.099,0.73,3.64,0.1983,349.2,553.72,223000,59.565,8.0643,0.40305,0.14088,0.34039003,44.668,76842999808,128812998656,331839012864,194237005824,0.67944,0.45111,29.118,1.099,1.23,0.7593,0.00090000004,2.17,7425545491,7414481428,569.5583,870.0,400.0,1.35714,53,331839000000.0,106374000000.0,225465000000.0,155237000000.0,133749000000.0,17.95,18.0,0,34666000000.0,32185000000.0,165934000000.0,207519000000.0,168985000000.0,201794000000.0,129134650000.0,38534000000.0,7453000000.0,7429000000.0,758376000000.0,315989000000.0,442387000000.0,56826000000.0,19359000000.0,20935000000.0,76651000000.0,1397000000.0,80876000000.0,337253000000.0,455944000000.0,-118691000000.0,119651000000.0,0,31067000000.0,168825000000.0,207710000000.0,38885000000.0,328265000000.0,117406000000.0,117406000000.0,442387000000.0,304127000000.0,482681000000.0,473454000000.0,182935000000.0,66987000000.0,-115948000000.0,-26445000000.0,-22271000000.0,-52546000000.0,-139500000000.0,-9111000000.0,20935000000.0,30242000000.0,12405000000.0,38534000000.0,14189000000.0,133749000000.0,-4895000000.0,0.0,-3000000000.0,14,39,3,0,0,0,
2026-08-03 16:55:00+00:00,488.5849914551,489.049987793,488.4899902344,488.8299865723,258613,0.0,0.0,MSFT,微软,Microsoft Corporation,USD,16,55,MSFT,480.35,3566861025280,26.790295,20.376884,1.099,0.73,3.64,0.1983,349.2,553.72,223000,59.565,8.0643,0.40305,0.14088,0.34039003,44.668,76842999808,128812998656,331839012864,194237005824,0.67944,0.45111,29.118,1.099,1.23,0.7593,0.00090000004,2.17,7425545491,7414481428,569.5583,870.0,400.0,1.35714,53,331839000000.0,106374000000.0,225465000000.0,155237000000.0,133749000000.0,17.95,18.0,0,34666000000.0,32185000000.0,165934000000.0,207519000000.0,168985000000.0,201794000000.0,129134650000.0,38534000000.0,7453000000.0,7429000000.0,758376000000.0,315989000000.0,442387000000.0,56826000000.0,19359000000.0,20935000000.0,76651000000.0,1397000000.0,80876000000.0,337253000000.0,455944000000.0,-118691000000.0,119651000000.0,0,31067000000.0,168825000000.0,207710000000.0,38885000000.0,328265000000.0,117406000000.0,117406000000.0,442387000000.0,304127000000.0,482681000000.0,473454000000.0,182935000000.0,66987000000.0,-115948000000.0,-26445000000.0,-22271000000.0,-52546000000.0,-139500000000.0,-9111000000.0,20935000000.0,30242000000.0,12405000000.0,38534000000.0,14189000000.0,133749000000.0,-4895000000.0,0.0,-3000000000.0,14,39,3,0,0,0,
2026-08-03 17:00:00+00:00,488.8049926758,489.1199035645,488.6000061035,488.6700134277,263437,0.0,0.0,MSFT,微软,Microsoft Corporation,USD,17,0,MSFT,480.35,3566861025280,26.790295,20.376884,1.099,0.73,3.64,0.1983,349.2,553.72,223000,59.565,8.0643,0.40305,0.14088,0.34039003,44.668,76842999808,128812998656,331839012864,194237005824,0.67944,0.45111,29.118,1.099,1.23,0.7593,0.00090000004,2.17,7425545491,7414481428,569.5583,870.0,400.0,1.35714,53,331839000000.0,106374000000.0,225465000000.0,155237000000.0,133749000000.0,17.95,18.0,0,34666000000.0,32185000000.0,165934000000.0,207519000000.0,168985000000.0,201794000000.0,129134650000.0,38534000000.0,7453000000.0,7429000000.0,758376000000.0,315989000000.0,442387000000.0,56826000000.0,19359000000.0,20935000000.0,76651000000.0,1397000000.0,80876000000.0,337253000000.0,455944000000.0,-118691000000.0,119651000000.0,0,31067000000.0,168825000000.0,207710000000.0,38885000000.0,328265000000.0,117406000000.0,117406000000.0,442387000000.0,304127000000.0,482681000000.0,473454000000.0,182935000000.0,66987000000.0,-115948000000.0,-26445000000.0,-22271000000.0,-52546000000.0,-139500000000.0,-9111000000.0,20935000000.0,30242000000.0,12405000000.0,38534000000.0,14189000000.0,133749000000.0,-4895000000.0,0.0,-3000000000.0,14,39,3,0,0,0,
2026-08-03 17:05:00+00:00,488.6849975586,488.6849975586,487.6860046387,488.0599975586,334566,0.0,0.0,MSFT,微软,Microsoft Corporation,USD,17,5,MSFT,480.35,3566861025280,26.790295,20.376884,1.099,0.73,3.64,0.1983,349.2,553.72,223000,59.565,8.0643,0.40305,0.14088,0.34039003,44.668,76842999808,128812998656,331839012864,194237005824,0.67944,0.45111,29.118,1.099,1.23,0.7593,0.00090000004,2.17,7425545491,7414481428,569.5583,870.0,400.0,1.35714,53,331839000000.0,106374000000.0,225465000000.0,155237000000.0,133749000000.0,17.95,18.0,0,34666000000.0,32185000000.0,165934000000.0,207519000000.0,168985000000.0,201794000000.0,129134650000.0,38534000000.0,7453000000.0,7429000000.0,758376000000.0,315989000000.0,442387000000.0,56826000000.0,19359000000.0,20935000000.0,76651000000.0,1397000000.0,80876000000.0,337253000000.0,455944000000.0,-118691000000.0,119651000000.0,0,31067000000.0,168825000000.0,207710000000.0,38885000000.0,328265000000.0,117406000000.0,117406000000.0,442387000000.0,304127000000.0,482681000000.0,473454000000.0,182935000000.0,66987000000.0,-115948000000.0,-26445000000.0,-22271000000.0,-52546000000.0,-139500000000.0,-9111000000.0,20935000000.0,30242000000.0,12405000000.0,38534000000.0,14189000000.0,133749000000.0,-4895000000.0,0.0,-3000000000.0,14,39,3,0,0,0,
2026-08-03 17:10:00+00:00,488.0400085449,488.4200134277,487.8299865723,488.0599975586,271751,0.0,0.0,MSFT,微软,Microsoft Corporation,USD,17,10,MSFT,480.35,3566861025280,26.790295,20.376884,1.099,0.73,3.64,0.1983,349.2,553.72,223000,59.565,8.0643,0.40305,0.14088,0.34039003,44.668,76842999808,128812998656,331839012864,194237005824,0.67944,0.45111,29.118,1.099,1.23,0.7593,0.00090000004,2.17,7425545491,7414481428,569.5583,870.0,400.0,1.35714,53,331839000000.0,106374000000.0,225465000000.0,155237000000.0,133749000000.0,17.95,18.0,0,34666000000.0,32185000000.0,165934000000.0,207519000000.0,168985000000.0,201794000000.0,129134650000.0,38534000000.0,7453000000.0,7429000000.0,758376000000.0,315989000000.0,442387000000.0,56826000000.0,19359000000.0,20935000000.0,76651000000.0,1397000000.0,80876000000.0,337253000000.0,455944000000.0,-118691000000.0,119651000000.0,0,31067000000.0,168825000000.0,207710000000.0,38885000000.0,328265000000.0,117406000000.0,117406000000.0,442387000000.0,304127000000.0,482681000000.0,473454000000.0,182935000000.0,66987000000.0,-115948000000.0,-26445000000.0,-22271000000.0,-52546000000.0,-139500000000.0,-9111000000.0,20935000000.0,30242000000.0,12405000000.0,38534000000.0,14189000000.0,133749000000.0,-4895000000.0,0.0,-3000000000.0,14,39,3,0,0,0,
2026-08-03 17:15:00+00:00,488.0400085449,489.719909668,487.9100036621,489.075012207,401798,0.0,0.0,MSFT,微软,Microsoft Corporation,USD,17,15,MSFT,480.35,3566861025280,26.790295,20.376884,1.099,0.73,3.64,0.1983,349.2,553.72,223000,59.565,8.0643,0.40305,0.14088,0.34039003,44.668,76842999808,128812998656,331839012864,194237005824,0.67944,0.45111,29.118,1.099,1.23,0.7593,0.00090000004,2.17,7425545491,7414481428,569.5583,870.0,400.0,1.35714,53,331839000000.0,106374000000.0,225465000000.0,155237000000.0,133749000000.0,17.95,18.0,0,34666000000.0,32185000000.0,165934000000.0,207519000000.0,168985000000.0,201794000000.0,129134650000.0,38534000000.0,7453000000.0,7429000000.0,758376000000.0,315989000000.0,442387000000.0,56826000000.0,19359000000.0,20935000000.0,76651000000.0,1397000000.0,80876000000.0,337253000000.0,455944000000.0,-118691000000.0,119651000000.0,0,31067000000.0,168825000000.0,207710000000.0,38885000000.0,328265000000.0,117406000000.0,117406000000.0,442387000000.0,304127000000.0,482681000000.0,473454000000.0,182935000000.0,66987000000.0,-115948000000.0,-26445000000.0,-22271000000.0,-52546000000.0,-139500000000.0,-9111000000.0,20935000000.0,30242000000.0,12405000000.0,38534000000.0,14189000000.0,133749000000.0,-4895000000.0,0.0,-3000000000.0,14,39,3,0,0,0,
2026-08-03 17:20:00+00:00,489.075012207,489.8999938965,488.799987793,489.700012207,377229,0.0,0.0,MSFT,微软,Microsoft Corporation,USD,17,20,MSFT,480.35,3566861025280,26.790295,20.376884,1.099,0.73,3.64,0.1983,349.2,553.72,223000,59.565,8.0643,0.40305,0.14088,0.34039003,44.668,76842999808,128812998656,331839012864,194237005824,0.67944,0.45111,29.118,1.099,1.23,0.7593,0.00090000004,2.17,7425545491,7414481428,569.5583,870.0,400.0,1.35714,53,331839000000.0,106374000000.0,225465000000.0,155237000000.0,133749000000.0,17.95,18.0,0,34666000000.0,32185000000.0,165934000000.0,207519000000.0,168985000000.0,201794000000.0,129134650000.0,38534000000.0,7453000000.0,7429000000.0,758376000000.0,315989000000.0,442387000000.0,56826000000.0,19359000000.0,20935000000.0,76651000000.0,1397000000.0,80876000000.0,337253000000.0,455944000000.0,-118691000000.0,119651000000.0,0,31067000000.0,168825000000.0,207710000000.0,38885000000.0,328265000000.0,117406000000.0,117406000000.0,442387000000.0,304127000000.0,482681000000.0,473454000000.0,182935000000.0,66987000000.0,-115948000000.0,-26445000000.0,-22271000000.0,-52546000000.0,-139500000000.0,-9111000000.0,20935000000.0,30242000000.0,12405000000.0,38534000000.0,14189000000.0,133749000000.0,-4895000000.0,0.0,-3000000000.0,14,39,3,0,0,0,
2026-08-03 17:25:00+00:00,489.6700134277,489.9649963379,489.0950012207,489.1099853516,334187,0.0,0.0,MSFT,微软,Microsoft Corporation,USD,17,25,MSFT,480.35,3566861025280,26.790295,20.376884,1.099,0.73,3.64,0.1983,349.2,553.72,223000,59.565,8.0643,0.40305,0.14088,0.34039003,44.668,76842999808,128812998656,331839012864,194237005824,0.67944,0.45111,29.118,1.099,1.23,0.7593,0.00090000004,2.17,7425545491,7414481428,569.5583,870.0,400.0,1.35714,53,331839000000.0,106374000000.0,225465000000.0,155237000000.0,133749000000.0,17.95,18.0,0,34666000000.0,32185000000.0,165934000000.0,207519000000.0,168985000000.0,201794000000.0,129134650000.0,38534000000.0,7453000000.0,7429000000.0,758376000000.0,315989000000.0,442387000000.0,56826000000.0,19359000000.0,20935000000.0,76651000000.0,1397000000.0,80876000000.0,337253000000.0,455944000000.0,-118691000000.0,119651000000.0,0,31067000000.0,168825000000.0,207710000000.0,38885000000.0,328265000000.0,117406000000.0,117406000000.0,442387000000.0,304127000000.0,482681000000.0,473454000000.0,182935000000.0,66987000000.0,-115948000000.0,-26445000000.0,-22271000000.0,-52546000000.0,-139500000000.0,-9111000000.0,20935000000.0,30242000000.0,12405000000.0,38534000000.0,14189000000.0,133749000000.0,-4895000000.0,0.0,-3000000000.0,14,39,3,0,0,0,
2026-08-03 17:30:00+00:00,489.1050109863,489.4599914551,488.7900085449,488.9549865723,615655,0.0,0.0,MSFT,微软,Microsoft Corporation,USD,17,30,MSFT,480.35,3566861025280,26.790295,20.376884,1.099,0.73,3.64,0.1983,349.2,553.72,223000,59.565,8.0643,0.40305,0.14088,0.34039003,44.668,76842999808,128812998656,331839012864,194237005824,0.67944,0.45111,29.118,1.099,1.23,0.7593,0.00090000004,2.17,7425545491,7414481428,569.5583,870.0,400.0,1.35714,53,331839000000.0,106374000000.0,225465000000.0,155237000000.0,133749000000.0,17.95,18.0,0,34666000000.0,32185000000.0,165934000000.0,207519000000.0,168985000000.0,201794000000.0,129134650000.0,38534000000.0,7453000000.0,7429000000.0,758376000000.0,315989000000.0,442387000000.0,56826000000.0,19359000000.0,20935000000.0,76651000000.0,1397000000.0,80876000000.0,337253000000.0,455944000000.0,-118691000000.0,119651000000.0,0,31067000000.0,168825000000.0,207710000000.0,38885000000.0,328265000000.0,117406000000.0,117406000000.0,442387000000.0,304127000000.0,482681000000.0,473454000000.0,182935000000.0,66987000000.0,-115948000000.0,-26445000000.0,-22271000000.0,-52546000000.0,-139500000000.0,-9111000000.0,20935000000.0,30242000000.0,12405000000.0,38534000000.0,14189000000.0,133749000000.0,-4895000000.0,0.0,-3000000000.0,14,39,3,0,0,0,
2026-08-03 17:35:00+00:00,488.9294128418,489.299987793,488.7399902344,489.2200012207,375984,0.0,0.0,MSFT,微软,Microsoft Corporation,USD,17,35,MSFT,480.35,3566861025280,26.790295,20.376884,1.099,0.73,3.64,0.1983,349.2,553.72,223000,59.565,8.0643,0.40305,0.14088,0.34039003,44.668,76842999808,128812998656,331839012864,194237005824,0.67944,0.45111,29.118,1.099,1.23,0.7593,0.00090000004,2.17,7425545491,7414481428,569.5583,870.0,400.0,1.35714,53,331839000000.0,106374000000.0,225465000000.0,155237000000.0,133749000000.0,17.95,18.0,0,34666000000.0,32185000000.0,165934000000.0,207519000000.0,168985000000.0,201794000000.0,129134650000.0,38534000000.0,7453000000.0,7429000000.0,758376000000.0,315989000000.0,442387000000.0,56826000000.0,19359000000.0,20935000000.0,76651000000.0,1397000000.0,80876000000.0,337253000000.0,455944000000.0,-118691000000.0,119651000000.0,0,31067000000.0,168825000000.0,207710000000.0,38885000000.0,328265000000.0,117406000000.0,117406000000.0,442387000000.0,304127000000.0,482681000000.0,473454000000.0,182935000000.0,66987000000.0,-115948000000.0,-26445000000.0,-22271000000.0,-52546000000.0,-139500000000.0,-9111000000.0,20935000000.0,30242000000.0,12405000000.0,38534000000.0,14189000000.0,133749000000.0,-4895000000.0,0.0,-3000000000.0,14,39,3,0,0,0,
2026-08-03 17:40:00+00:00,489.2203063965,489.25,488.1500854492,488.5700073242,365439,0.0,0.0,MSFT,微软,Microsoft Corporation,USD,17,40,MSFT,480.35,3566861025280,26.790295,20.376884,1.099,0.73,3.64,0.1983,349.2,553.72,223000,59.565,8.0643,0.40305,0.14088,0.34039003,44.668,76842999808,128812998656,331839012864,194237005824,0.67944,0.45111,29.118,1.099,1.23,0.7593,0.00090000004,2.17,7425545491,7414481428,569.5583,870.0,400.0,1.35714,53,331839000000.0,106374000000.0,225465000000.0,155237000000.0,133749000000.0,17.95,18.0,0,34666000000.0,32185000000.0,165934000000.0,207519000000.0,168985000000.0,201794000000.0,129134650000.0,38534000000.0,7453000000.0,7429000000.0,758376000000.0,315989000000.0,442387000000.0,56826000000.0,19359000000.0,20935000000.0,76651000000.0,1397000000.0,80876000000.0,337253000000.0,455944000000.0,-118691000000.0,119651000000.0,0,31067000000.0,168825000000.0,207710000000.0,38885000000.0,328265000000.0,117406000000.0,117406000000.0,442387000000.0,304127000000.0,482681000000.0,473454000000.0,182935000000.0,66987000000.0,-115948000000.0,-26445000000.0,-22271000000.0,-52546000000.0,-139500000000.0,-9111000000.0,20935000000.0,30242000000.0,12405000000.0,38534000000.0,14189000000.0,133749000000.0,-4895000000.0,0.0,-3000000000.0,14,39,3,0,0,0,
2026-08-03 17:45:00+00:00,488.570098877,489.1199951172,488.4299926758,488.9349975586,317897,0.0,0.0,MSFT,微软,Microsoft Corporation,USD,17,45,MSFT,480.35,3566861025280,26.790295,20.376884,1.099,0.73,3.64,0.1983,349.2,553.72,223000,59.565,8.0643,0.40305,0.14088,0.34039003,44.668,76842999808,128812998656,331839012864,194237005824,0.67944,0.45111,29.118,1.099,1.23,0.7593,0.00090000004,2.17,7425545491,7414481428,569.5583,870.0,400.0,1.35714,53,331839000000.0,106374000000.0,225465000000.0,155237000000.0,133749000000.0,17.95,18.0,0,34666000000.0,32185000000.0,165934000000.0,207519000000.0,168985000000.0,201794000000.0,129134650000.0,38534000000.0,7453000000.0,7429000000.0,758376000000.0,315989000000.0,442387000000.0,56826000000.0,19359000000.0,20935000000.0,76651000000.0,1397000000.0,80876000000.0,337253000000.0,455944000000.0,-118691000000.0,119651000000.0,0,31067000000.0,168825000000.0,207710000000.0,38885000000.0,328265000000.0,117406000000.0,117406000000.0,442387000000.0,304127000000.0,482681000000.0,473454000000.0,182935000000.0,66987000000.0,-115948000000.0,-26445000000.0,-22271000000.0,-52546000000.0,-139500000000.0,-9111000000.0,20935000000.0,30242000000.0,12405000000.0,38534000000.0,14189000000.0,133749000000.0,-4895000000.0,0.0,-3000000000.0,14,39,3,0,0,0,
2026-08-03 17:50:00+00:00,488.9208068848,489.1000061035,488.5100097656,488.5899963379,289281,0.0,0.0,MSFT,微软,Microsoft Corporation,USD,17,50,MSFT,480.35,3566861025280,26.790295,20.376884,1.099,0.73,3.64,0.1983,349.2,553.72,223000,59.565,8.0643,0.40305,0.14088,0.34039003,44.668,76842999808,128812998656,331839012864,194237005824,0.67944,0.45111,29.118,1.099,1.23,0.7593,0.00090000004,2.17,7425545491,7414481428,569.5583,870.0,400.0,1.35714,53,331839000000.0,106374000000.0,225465000000.0,155237000000.0,133749000000.0,17.95,18.0,0,34666000000.0,32185000000.0,165934000000.0,207519000000.0,168985000000.0,201794000000.0,129134650000.0,38534000000.0,7453000000.0,7429000000.0,758376000000.0,315989000000.0,442387000000.0,56826000000.0,19359000000.0,20935000000.0,76651000000.0,1397000000.0,80876000000.0,337253000000.0,455944000000.0,-118691000000.0,119651000000.0,0,31067000000.0,168825000000.0,207710000000.0,38885000000.0,328265000000.0,117406000000.0,117406000000.0,442387000000.0,304127000000.0,482681000000.0,473454000000.0,182935000000.0,66987000000.0,-115948000000.0,-26445000000.0,-22271000000.0,-52546000000.0,-139500000000.0,-9111000000.0,20935000000.0,30242000000.0,12405000000.0,38534000000.0,14189000000.0,133749000000.0,-4895000000.0,0.0,-3000000000.0,14,39,3,0,0,0,
2026-08-03 17:55:00+00:00,488.549987793,488.6499938965,487.9200134277,487.9200134277,351496,0.0,0.0,MSFT,微软,Microsoft Corporation,USD,17,55,MSFT,480.35,3566861025280,26.790295,20.376884,1.099,0.73,3.64,0.1983,349.2,553.72,223000,59.565,8.0643,0.40305,0.14088,0.34039003,44.668,76842999808,128812998656,331839012864,194237005824,0.67944,0.45111,29.118,1.099,1.23,0.7593,0.00090000004,2.17,7425545491,7414481428,569.5583,870.0,400.0,1.35714,53,331839000000.0,106374000000.0,225465000000.0,155237000000.0,133749000000.0,17.95,18.0,0,34666000000.0,32185000000.0,165934000000.0,207519000000.0,168985000000.0,201794000000.0,129134650000.0,38534000000.0,7453000000.0,7429000000.0,758376000000.0,315989000000.0,442387000000.0,56826000000.0,19359000000.0,20935000000.0,76651000000.0,1397000000.0,80876000000.0,337253000000.0,455944000000.0,-118691000000.0,119651000000.0,0,31067000000.0,168825000000.0,207710000000.0,38885000000.0,328265000000.0,117406000000.0,117406000000.0,442387000000.0,304127000000.0,482681000000.0,473454000000.0,182935000000.0,66987000000.0,-115948000000.0,-26445000000.0,-22271000000.0,-52546000000.0,-139500000000.0,-9111000000.0,20935000000.0,30242000000.0,12405000000.0,38534000000.0,14189000000.0,133749000000.0,-4895000000.0,0.0,-3000000000.0,14,39,3,0,0,0,
2026-08-03 18:00:00+00:00,487.9549865723,489.3198852539,487.6300048828,489.25,325732,0.0,0.0,MSFT,微软,Microsoft Corporation,USD,18,0,MSFT,480.35,3566861025280,26.790295,20.376884,1.099,0.73,3.64,0.1983,349.2,553.72,223000,59.565,8.0643,0.40305,0.14088,0.34039003,44.668,76842999808,128812998656,331839012864,194237005824,0.67944,0.45111,29.118,1.099,1.23,0.7593,0.00090000004,2.17,7425545491,7414481428,569.5583,870.0,400.0,1.35714,53,331839000000.0,106374000000.0,225465000000.0,155237000000.0,133749000000.0,17.95,18.0,0,34666000000.0,32185000000.0,165934000000.0,207519000000.0,168985000000.0,201794000000.0,129134650000.0,38534000000.0,7453000000.0,7429000000.0,758376000000.0,315989000000.0,442387000000.0,56826000000.0,19359000000.0,20935000000.0,76651000000.0,1397000000.0,80876000000.0,337253000000.0,455944000000.0,-118691000000.0,119651000000.0,0,31067000000.0,168825000000.0,207710000000.0,38885000000.0,328265000000.0,117406000000.0,117406000000.0,442387000000.0,304127000000.0,482681000000.0,473454000000.0,182935000000.0,66987000000.0,-115948000000.0,-26445000000.0,-22271000000.0,-52546000000.0,-139500000000.0,-9111000000.0,20935000000.0,30242000000.0,12405000000.0,38534000000.0,14189000000.0,133749000000.0,-4895000000.0,0.0,-3000000000.0,14,39,3,0,0,0,
2026-08-03 18:05:00+00:00,489.200012207,489.5,488.9750061035,489.049987793,373652,0.0,0.0,MSFT,微软,Microsoft Corporation,USD,18,5,MSFT,480.35,3566861025280,26.790295,20.376884,1.099,0.73,3.64,0.1983,349.2,553.72,223000,59.565,8.0643,0.40305,0.14088,0.34039003,44.668,76842999808,128812998656,331839012864,194237005824,0.67944,0.45111,29.118,1.099,1.23,0.7593,0.00090000004,2.17,7425545491,7414481428,569.5583,870.0,400.0,1.35714,53,331839000000.0,106374000000.0,225465000000.0,155237000000.0,133749000000.0,17.95,18.0,0,34666000000.0,32185000000.0,165934000000.0,207519000000.0,168985000000.0,201794000000.0,129134650000.0,38534000000.0,7453000000.0,7429000000.0,758376000000.0,315989000000.0,442387000000.0,56826000000.0,19359000000.0,20935000000.0,76651000000.0,1397000000.0,80876000000.0,337253000000.0,455944000000.0,-118691000000.0,119651000000.0,0,31067000000.0,168825000000.0,207710000000.0,38885000000.0,328265000000.0,117406000000.0,117406000000.0,442387000000.0,304127000000.0,482681000000.0,473454000000.0,182935000000.0,66987000000.0,-115948000000.0,-26445000000.0,-22271000000.0,-52546000000.0,-139500000000.0,-9111000000.0,20935000000.0,30242000000.0,12405000000.0,38534000000.0,14189000000.0,133749000000.0,-4895000000.0,0.0,-3000000000.0,14,39,3,0,0,0,
2026-08-03 18:10:00+00:00,489.0299987793,489.7200012207,488.3099975586,489.0249938965,446612,0.0,0.0,MSFT,微软,Microsoft Corporation,USD,18,10,MSFT,480.35,3566861025280,26.790295,20.376884,1.099,0.73,3.64,0.1983,349.2,553.72,223000,59.565,8.0643,0.40305,0.14088,0.34039003,44.668,76842999808,128812998656,331839012864,194237005824,0.67944,0.45111,29.118,1.099,1.23,0.7593,0.00090000004,2.17,7425545491,7414481428,569.5583,870.0,400.0,1.35714,53,331839000000.0,106374000000.0,225465000000.0,155237000000.0,133749000000.0,17.95,18.0,0,34666000000.0,32185000000.0,165934000000.0,207519000000.0,168985000000.0,201794000000.0,129134650000.0,38534000000.0,7453000000.0,7429000000.0,758376000000.0,315989000000.0,442387000000.0,56826000000.0,19359000000.0,20935000000.0,76651000000.0,1397000000.0,80876000000.0,337253000000.0,455944000000.0,-118691000000.0,119651000000.0,0,31067000000.0,168825000000.0,207710000000.0,38885000000.0,328265000000.0,117406000000.0,117406000000.0,442387000000.0,304127000000.0,482681000000.0,473454000000.0,182935000000.0,66987000000.0,-115948000000.0,-26445000000.0,-22271000000.0,-52546000000.0,-139500000000.0,-9111000000.0,20935000000.0,30242000000.0,12405000000.0,38534000000.0,14189000000.0,133749000000.0,-4895000000.0,0.0,-3000000000.0,14,39,3,0,0,0,
2026-08-03 18:15:00+00:00,489.0199890137,489.6799926758,488.9100036621,489.6300048828,343431,0.0,0.0,MSFT,微软,Microsoft Corporation,USD,18,15,MSFT,480.35,3566861025280,26.790295,20.376884,1.099,0.73,3.64,0.1983,349.2,553.72,223000,59.565,8.0643,0.40305,0.14088,0.34039003,44.668,76842999808,128812998656,331839012864,194237005824,0.67944,0.45111,29.118,1.099,1.23,0.7593,0.00090000004,2.17,7425545491,7414481428,569.5583,870.0,400.0,1.35714,53,331839000000.0,106374000000.0,225465000000.0,155237000000.0,133749000000.0,17.95,18.0,0,34666000000.0,32185000000.0,165934000000.0,207519000000.0,168985000000.0,201794000000.0,129134650000.0,38534000000.0,7453000000.0,7429000000.0,758376000000.0,315989000000.0,442387000000.0,56826000000.0,19359000000.0,20935000000.0,76651000000.0,1397000000.0,80876000000.0,337253000000.0,455944000000.0,-118691000000.0,119651000000.0,0,31067000000.0,168825000000.0,207710000000.0,38885000000.0,328265000000.0,117406000000.0,117406000000.0,442387000000.0,304127000000.0,482681000000.0,473454000000.0,182935000000.0,66987000000.0,-115948000000.0,-26445000000.0,-22271000000.0,-52546000000.0,-139500000000.0,-9111000000.0,20935000000.0,30242000000.0,12405000000.0,38534000000.0,14189000000.0,133749000000.0,-4895000000.0,0.0,-3000000000.0,14,39,3,0,0,0,
2026-08-03 18:20:00+00:00,489.5815124512,489.7799987793,489.4700012207,489.6400146484,210213,0.0,0.0,MSFT,微软,Microsoft Corporation,USD,18,20,MSFT,480.35,3566861025280,26.790295,20.376884,1.099,0.73,3.64,0.1983,349.2,553.72,223000,59.565,8.0643,0.40305,0.14088,0.34039003,44.668,76842999808,128812998656,331839012864,194237005824,0.67944,0.45111,29.118,1.099,1.23,0.7593,0.00090000004,2.17,7425545491,7414481428,569.5583,870.0,400.0,1.35714,53,331839000000.0,106374000000.0,225465000000.0,155237000000.0,133749000000.0,17.95,18.0,0,34666000000.0,32185000000.0,165934000000.0,207519000000.0,168985000000.0,201794000000.0,129134650000.0,38534000000.0,7453000000.0,7429000000.0,758376000000.0,315989000000.0,442387000000.0,56826000000.0,19359000000.0,20935000000.0,76651000000.0,1397000000.0,80876000000.0,337253000000.0,455944000000.0,-118691000000.0,119651000000.0,0,31067000000.0,168825000000.0,207710000000.0,38885000000.0,328265000000.0,117406000000.0,117406000000.0,442387000000.0,304127000000.0,482681000000.0,473454000000.0,182935000000.0,66987000000.0,-115948000000.0,-26445000000.0,-22271000000.0,-52546000000.0,-139500000000.0,-9111000000.0,20935000000.0,30242000000.0,12405000000.0,38534000000.0,14189000000.0,133749000000.0,-4895000000.0,0.0,-3000000000.0,14,39,3,0,0,0,
2026-08-03 18:25:00+00:00,489.6400146484,490.7699890137,489.6296081543,490.6700134277,716970,0.0,0.0,MSFT,微软,Microsoft Corporation,USD,18,25,MSFT,480.35,3566861025280,26.790295,20.376884,1.099,0.73,3.64,0.1983,349.2,553.72,223000,59.565,8.0643,0.40305,0.14088,0.34039003,44.668,76842999808,128812998656,331839012864,194237005824,0.67944,0.45111,29.118,1.099,1.23,0.7593,0.00090000004,2.17,7425545491,7414481428,569.5583,870.0,400.0,1.35714,53,331839000000.0,106374000000.0,225465000000.0,155237000000.0,133749000000.0,17.95,18.0,0,34666000000.0,32185000000.0,165934000000.0,207519000000.0,168985000000.0,201794000000.0,129134650000.0,38534000000.0,7453000000.0,7429000000.0,758376000000.0,315989000000.0,442387000000.0,56826000000.0,19359000000.0,20935000000.0,76651000000.0,1397000000.0,80876000000.0,337253000000.0,455944000000.0,-118691000000.0,119651000000.0,0,31067000000.0,168825000000.0,207710000000.0,38885000000.0,328265000000.0,117406000000.0,117406000000.0,442387000000.0,304127000000.0,482681000000.0,473454000000.0,182935000000.0,66987000000.0,-115948000000.0,-26445000000.0,-22271000000.0,-52546000000.0,-139500000000.0,-9111000000.0,20935000000.0,30242000000.0,12405000000.0,38534000000.0,14189000000.0,133749000000.0,-4895000000.0,0.0,-3000000000.0,14,39,3,0,0,0,
2026-08-03 18:30:00+00:00,490.7049865723,491.1695861816,489.9599914551,490.1499938965,494345,0.0,0.0,MSFT,微软,Microsoft Corporation,USD,18,30,MSFT,480.35,3566861025280,26.790295,20.376884,1.099,0.73,3.64,0.1983,349.2,553.72,223000,59.565,8.0643,0.40305,0.14088,0.34039003,44.668,76842999808,128812998656,331839012864,194237005824,0.67944,0.45111,29.118,1.099,1.23,0.7593,0.00090000004,2.17,7425545491,7414481428,569.5583,870.0,400.0,1.35714,53,331839000000.0,106374000000.0,225465000000.0,155237000000.0,133749000000.0,17.95,18.0,0,34666000000.0,32185000000.0,165934000000.0,207519000000.0,168985000000.0,201794000000.0,129134650000.0,38534000000.0,7453000000.0,7429000000.0,758376000000.0,315989000000.0,442387000000.0,56826000000.0,19359000000.0,20935000000.0,76651000000.0,1397000000.0,80876000000.0,337253000000.0,455944000000.0,-118691000000.0,119651000000.0,0,31067000000.0,168825000000.0,207710000000.0,38885000000.0,328265000000.0,117406000000.0,117406000000.0,442387000000.0,304127000000.0,482681000000.0,473454000000.0,182935000000.0,66987000000.0,-115948000000.0,-26445000000.0,-22271000000.0,-52546000000.0,-139500000000.0,-9111000000.0,20935000000.0,30242000000.0,12405000000.0,38534000000.0,14189000000.0,133749000000.0,-4895000000.0,0.0,-3000000000.0,14,39,3,0,0,0,
2026-08-03 18:35:00+00:00,490.200012207,491.2399902344,489.7900085449,490.7214050293,483333,0.0,0.0,MSFT,微软,Microsoft Corporation,USD,18,35,MSFT,480.35,3566861025280,26.790295,20.376884,1.099,0.73,3.64,0.1983,349.2,553.72,223000,59.565,8.0643,0.40305,0.14088,0.34039003,44.668,76842999808,128812998656,331839012864,194237005824,0.67944,0.45111,29.118,1.099,1.23,0.7593,0.00090000004,2.17,7425545491,7414481428,569.5583,870.0,400.0,1.35714,53,331839000000.0,106374000000.0,225465000000.0,155237000000.0,133749000000.0,17.95,18.0,0,34666000000.0,32185000000.0,165934000000.0,207519000000.0,168985000000.0,201794000000.0,129134650000.0,38534000000.0,7453000000.0,7429000000.0,758376000000.0,315989000000.0,442387000000.0,56826000000.0,19359000000.0,20935000000.0,76651000000.0,1397000000.0,80876000000.0,337253000000.0,455944000000.0,-118691000000.0,119651000000.0,0,31067000000.0,168825000000.0,207710000000.0,38885000000.0,328265000000.0,117406000000.0,117406000000.0,442387000000.0,304127000000.0,482681000000.0,473454000000.0,182935000000.0,66987000000.0,-115948000000.0,-26445000000.0,-22271000000.0,-52546000000.0,-139500000000.0,-9111000000.0,20935000000.0,30242000000.0,12405000000.0,38534000000.0,14189000000.0,133749000000.0,-4895000000.0,0.0,-3000000000.0,14,39,3,0,0,0,
2026-08-03 18:40:00+00:00,490.7200012207,491.1098937988,490.3099975586,491.030090332,313822,0.0,0.0,MSFT,微软,Microsoft Corporation,USD,18,40,MSFT,480.35,3566861025280,26.790295,20.376884,1.099,0.73,3.64,0.1983,349.2,553.72,223000,59.565,8.0643,0.40305,0.14088,0.34039003,44.668,76842999808,128812998656,331839012864,194237005824,0.67944,0.45111,29.118,1.099,1.23,0.7593,0.00090000004,2.17,7425545491,7414481428,569.5583,870.0,400.0,1.35714,53,331839000000.0,106374000000.0,225465000000.0,155237000000.0,133749000000.0,17.95,18.0,0,34666000000.0,32185000000.0,165934000000.0,207519000000.0,168985000000.0,201794000000.0,129134650000.0,38534000000.0,7453000000.0,7429000000.0,758376000000.0,315989000000.0,442387000000.0,56826000000.0,19359000000.0,20935000000.0,76651000000.0,1397000000.0,80876000000.0,337253000000.0,455944000000.0,-118691000000.0,119651000000.0,0,31067000000.0,168825000000.0,207710000000.0,38885000000.0,328265000000.0,117406000000.0,117406000000.0,442387000000.0,304127000000.0,482681000000.0,473454000000.0,182935000000.0,66987000000.0,-115948000000.0,-26445000000.0,-22271000000.0,-52546000000.0,-139500000000.0,-9111000000.0,20935000000.0,30242000000.0,12405000000.0,38534000000.0,14189000000.0,133749000000.0,-4895000000.0,0.0,-3000000000.0,14,39,3,0,0,0,
2026-08-03 18:45:00+00:00,491.0549926758,491.6400146484,491.0,491.2850036621,605300,0.0,0.0,MSFT,微软,Microsoft Corporation,USD,18,45,MSFT,480.35,3566861025280,26.790295,20.376884,1.099,0.73,3.64,0.1983,349.2,553.72,223000,59.565,8.0643,0.40305,0.14088,0.34039003,44.668,76842999808,128812998656,331839012864,194237005824,0.67944,0.45111,29.118,1.099,1.23,0.7593,0.00090000004,2.17,7425545491,7414481428,569.5583,870.0,400.0,1.35714,53,331839000000.0,106374000000.0,225465000000.0,155237000000.0,133749000000.0,17.95,18.0,0,34666000000.0,32185000000.0,165934000000.0,207519000000.0,168985000000.0,201794000000.0,129134650000.0,38534000000.0,7453000000.0,7429000000.0,758376000000.0,315989000000.0,442387000000.0,56826000000.0,19359000000.0,20935000000.0,76651000000.0,1397000000.0,80876000000.0,337253000000.0,455944000000.0,-118691000000.0,119651000000.0,0,31067000000.0,168825000000.0,207710000000.0,38885000000.0,328265000000.0,117406000000.0,117406000000.0,442387000000.0,304127000000.0,482681000000.0,473454000000.0,182935000000.0,66987000000.0,-115948000000.0,-26445000000.0,-22271000000.0,-52546000000.0,-139500000000.0,-9111000000.0,20935000000.0,30242000000.0,12405000000.0,38534000000.0,14189000000.0,133749000000.0,-4895000000.0,0.0,-3000000000.0,14,39,3,0,0,0,
2026-08-03 18:50:00+00:00,491.2850036621,491.3399963379,490.3099975586,490.3900146484,440450,0.0,0.0,MSFT,微软,Microsoft Corporation,USD,18,50,MSFT,480.35,3566861025280,26.790295,20.376884,1.099,0.73,3.64,0.1983,349.2,553.72,223000,59.565,8.0643,0.40305,0.14088,0.34039003,44.668,76842999808,128812998656,331839012864,194237005824,0.67944,0.45111,29.118,1.099,1.23,0.7593,0.00090000004,2.17,7425545491,7414481428,569.5583,870.0,400.0,1.35714,53,331839000000.0,106374000000.0,225465000000.0,155237000000.0,133749000000.0,17.95,18.0,0,34666000000.0,32185000000.0,165934000000.0,207519000000.0,168985000000.0,201794000000.0,129134650000.0,38534000000.0,7453000000.0,7429000000.0,758376000000.0,315989000000.0,442387000000.0,56826000000.0,19359000000.0,20935000000.0,76651000000.0,1397000000.0,80876000000.0,337253000000.0,455944000000.0,-118691000000.0,119651000000.0,0,31067000000.0,168825000000.0,207710000000.0,38885000000.0,328265000000.0,117406000000.0,117406000000.0,442387000000.0,304127000000.0,482681000000.0,473454000000.0,182935000000.0,66987000000.0,-115948000000.0,-26445000000.0,-22271000000.0,-52546000000.0,-139500000000.0,-9111000000.0,20935000000.0,30242000000.0,12405000000.0,38534000000.0,14189000000.0,133749000000.0,-4895000000.0,0.0,-3000000000.0,14,39,3,0,0,0,
2026-08-03 18:55:00+00:00,490.3900146484,490.5,489.2200012207,489.2850036621,361552,0.0,0.0,MSFT,微软,Microsoft Corporation,USD,18,55,MSFT,480.35,3566861025280,26.790295,20.376884,1.099,0.73,3.64,0.1983,349.2,553.72,223000,59.565,8.0643,0.40305,0.14088,0.34039003,44.668,76842999808,128812998656,331839012864,194237005824,0.67944,0.45111,29.118,1.099,1.23,0.7593,0.00090000004,2.17,7425545491,7414481428,569.5583,870.0,400.0,1.35714,53,331839000000.0,106374000000.0,225465000000.0,155237000000.0,133749000000.0,17.95,18.0,0,34666000000.0,32185000000.0,165934000000.0,207519000000.0,168985000000.0,201794000000.0,129134650000.0,38534000000.0,7453000000.0,7429000000.0,758376000000.0,315989000000.0,442387000000.0,56826000000.0,19359000000.0,20935000000.0,76651000000.0,1397000000.0,80876000000.0,337253000000.0,455944000000.0,-118691000000.0,119651000000.0,0,31067000000.0,168825000000.0,207710000000.0,38885000000.0,328265000000.0,117406000000.0,117406000000.0,442387000000.0,304127000000.0,482681000000.0,473454000000.0,182935000000.0,66987000000.0,-115948000000.0,-26445000000.0,-22271000000.0,-52546000000.0,-139500000000.0,-9111000000.0,20935000000.0,30242000000.0,12405000000.0,38534000000.0,14189000000.0,133749000000.0,-4895000000.0,0.0,-3000000000.0,14,39,3,0,0,0,
2026-08-03 19:00:00+00:00,489.2200012207,489.6499938965,489.0299987793,489.3999938965,306907,0.0,0.0,MSFT,微软,Microsoft Corporation,USD,19,0,MSFT,480.35,3566861025280,26.790295,20.376884,1.099,0.73,3.64,0.1983,349.2,553.72,223000,59.565,8.0643,0.40305,0.14088,0.34039003,44.668,76842999808,128812998656,331839012864,194237005824,0.67944,0.45111,29.118,1.099,1.23,0.7593,0.00090000004,2.17,7425545491,7414481428,569.5583,870.0,400.0,1.35714,53,331839000000.0,106374000000.0,225465000000.0,155237000000.0,133749000000.0,17.95,18.0,0,34666000000.0,32185000000.0,165934000000.0,207519000000.0,168985000000.0,201794000000.0,129134650000.0,38534000000.0,7453000000.0,7429000000.0,758376000000.0,315989000000.0,442387000000.0,56826000000.0,19359000000.0,20935000000.0,76651000000.0,1397000000.0,80876000000.0,337253000000.0,455944000000.0,-118691000000.0,119651000000.0,0,31067000000.0,168825000000.0,207710000000.0,38885000000.0,328265000000.0,117406000000.0,117406000000.0,442387000000.0,304127000000.0,482681000000.0,473454000000.0,182935000000.0,66987000000.0,-115948000000.0,-26445000000.0,-22271000000.0,-52546000000.0,-139500000000.0,-9111000000.0,20935000000.0,30242000000.0,12405000000.0,38534000000.0,14189000000.0,133749000000.0,-4895000000.0,0.0,-3000000000.0,14,39,3,0,0,0,
2026-08-03 19:05:00+00:00,489.3699951172,489.5799865723,488.3699951172,488.7300109863,346837,0.0,0.0,MSFT,微软,Microsoft Corporation,USD,19,5,MSFT,480.35,3566861025280,26.790295,20.376884,1.099,0.73,3.64,0.1983,349.2,553.72,223000,59.565,8.0643,0.40305,0.14088,0.34039003,44.668,76842999808,128812998656,331839012864,194237005824,0.67944,0.45111,29.118,1.099,1.23,0.7593,0.00090000004,2.17,7425545491,7414481428,569.5583,870.0,400.0,1.35714,53,331839000000.0,106374000000.0,225465000000.0,155237000000.0,133749000000.0,17.95,18.0,0,34666000000.0,32185000000.0,165934000000.0,207519000000.0,168985000000.0,201794000000.0,129134650000.0,38534000000.0,7453000000.0,7429000000.0,758376000000.0,315989000000.0,442387000000.0,56826000000.0,19359000000.0,20935000000.0,76651000000.0,1397000000.0,80876000000.0,337253000000.0,455944000000.0,-118691000000.0,119651000000.0,0,31067000000.0,168825000000.0,207710000000.0,38885000000.0,328265000000.0,117406000000.0,117406000000.0,442387000000.0,304127000000.0,482681000000.0,473454000000.0,182935000000.0,66987000000.0,-115948000000.0,-26445000000.0,-22271000000.0,-52546000000.0,-139500000000.0,-9111000000.0,20935000000.0,30242000000.0,12405000000.0,38534000000.0,14189000000.0,133749000000.0,-4895000000.0,0.0,-3000000000.0,14,39,3,0,0,0,
2026-08-03 19:10:00+00:00,488.8200073242,488.8599853516,488.2300109863,488.6600036621,365803,0.0,0.0,MSFT,微软,Microsoft Corporation,USD,19,10,MSFT,480.35,3566861025280,26.790295,20.376884,1.099,0.73,3.64,0.1983,349.2,553.72,223000,59.565,8.0643,0.40305,0.14088,0.34039003,44.668,76842999808,128812998656,331839012864,194237005824,0.67944,0.45111,29.118,1.099,1.23,0.7593,0.00090000004,2.17,7425545491,7414481428,569.5583,870.0,400.0,1.35714,53,331839000000.0,106374000000.0,225465000000.0,155237000000.0,133749000000.0,17.95,18.0,0,34666000000.0,32185000000.0,165934000000.0,207519000000.0,168985000000.0,201794000000.0,129134650000.0,38534000000.0,7453000000.0,7429000000.0,758376000000.0,315989000000.0,442387000000.0,56826000000.0,19359000000.0,20935000000.0,76651000000.0,1397000000.0,80876000000.0,337253000000.0,455944000000.0,-118691000000.0,119651000000.0,0,31067000000.0,168825000000.0,207710000000.0,38885000000.0,328265000000.0,117406000000.0,117406000000.0,442387000000.0,304127000000.0,482681000000.0,473454000000.0,182935000000.0,66987000000.0,-115948000000.0,-26445000000.0,-22271000000.0,-52546000000.0,-139500000000.0,-9111000000.0,20935000000.0,30242000000.0,12405000000.0,38534000000.0,14189000000.0,133749000000.0,-4895000000.0,0.0,-3000000000.0,14,39,3,0,0,0,
2026-08-03 19:15:00+00:00,488.7049865723,489.4200134277,488.450012207,489.3800048828,475686,0.0,0.0,MSFT,微软,Microsoft Corporation,USD,19,15,MSFT,480.35,3566861025280,26.790295,20.376884,1.099,0.73,3.64,0.1983,349.2,553.72,223000,59.565,8.0643,0.40305,0.14088,0.34039003,44.668,76842999808,128812998656,331839012864,194237005824,0.67944,0.45111,29.118,1.099,1.23,0.7593,0.00090000004,2.17,7425545491,7414481428,569.5583,870.0,400.0,1.35714,53,331839000000.0,106374000000.0,225465000000.0,155237000000.0,133749000000.0,17.95,18.0,0,34666000000.0,32185000000.0,165934000000.0,207519000000.0,168985000000.0,201794000000.0,129134650000.0,38534000000.0,7453000000.0,7429000000.0,758376000000.0,315989000000.0,442387000000.0,56826000000.0,19359000000.0,20935000000.0,76651000000.0,1397000000.0,80876000000.0,337253000000.0,455944000000.0,-118691000000.0,119651000000.0,0,31067000000.0,168825000000.0,207710000000.0,38885000000.0,328265000000.0,117406000000.0,117406000000.0,442387000000.0,304127000000.0,482681000000.0,473454000000.0,182935000000.0,66987000000.0,-115948000000.0,-26445000000.0,-22271000000.0,-52546000000.0,-139500000000.0,-9111000000.0,20935000000.0,30242000000.0,12405000000.0,38534000000.0,14189000000.0,133749000000.0,-4895000000.0,0.0,-3000000000.0,14,39,3,0,0,0,
2026-08-03 19:20:00+00:00,489.3599853516,490.4599914551,488.700012207,490.049987793,575725,0.0,0.0,MSFT,微软,Microsoft Corporation,USD,19,20,MSFT,480.35,3566861025280,26.790295,20.376884,1.099,0.73,3.64,0.1983,349.2,553.72,223000,59.565,8.0643,0.40305,0.14088,0.34039003,44.668,76842999808,128812998656,331839012864,194237005824,0.67944,0.45111,29.118,1.099,1.23,0.7593,0.00090000004,2.17,7425545491,7414481428,569.5583,870.0,400.0,1.35714,53,331839000000.0,106374000000.0,225465000000.0,155237000000.0,133749000000.0,17.95,18.0,0,34666000000.0,32185000000.0,165934000000.0,207519000000.0,168985000000.0,201794000000.0,129134650000.0,38534000000.0,7453000000.0,7429000000.0,758376000000.0,315989000000.0,442387000000.0,56826000000.0,19359000000.0,20935000000.0,76651000000.0,1397000000.0,80876000000.0,337253000000.0,455944000000.0,-118691000000.0,119651000000.0,0,31067000000.0,168825000000.0,207710000000.0,38885000000.0,328265000000.0,117406000000.0,117406000000.0,442387000000.0,304127000000.0,482681000000.0,473454000000.0,182935000000.0,66987000000.0,-115948000000.0,-26445000000.0,-22271000000.0,-52546000000.0,-139500000000.0,-9111000000.0,20935000000.0,30242000000.0,12405000000.0,38534000000.0,14189000000.0,133749000000.0,-4895000000.0,0.0,-3000000000.0,14,39,3,0,0,0,
2026-08-03 19:25:00+00:00,490.0100097656,490.450012207,489.5400085449,490.0450134277,521175,0.0,0.0,MSFT,微软,Microsoft Corporation,USD,19,25,MSFT,480.35,3566861025280,26.790295,20.376884,1.099,0.73,3.64,0.1983,349.2,553.72,223000,59.565,8.0643,0.40305,0.14088,0.34039003,44.668,76842999808,128812998656,331839012864,194237005824,0.67944,0.45111,29.118,1.099,1.23,0.7593,0.00090000004,2.17,7425545491,7414481428,569.5583,870.0,400.0,1.35714,53,331839000000.0,106374000000.0,225465000000.0,155237000000.0,133749000000.0,17.95,18.0,0,34666000000.0,32185000000.0,165934000000.0,207519000000.0,168985000000.0,201794000000.0,129134650000.0,38534000000.0,7453000000.0,7429000000.0,758376000000.0,315989000000.0,442387000000.0,56826000000.0,19359000000.0,20935000000.0,76651000000.0,1397000000.0,80876000000.0,337253000000.0,455944000000.0,-118691000000.0,119651000000.0,0,31067000000.0,168825000000.0,207710000000.0,38885000000.0,328265000000.0,117406000000.0,117406000000.0,442387000000.0,304127000000.0,482681000000.0,473454000000.0,182935000000.0,66987000000.0,-115948000000.0,-26445000000.0,-22271000000.0,-52546000000.0,-139500000000.0,-9111000000.0,20935000000.0,30242000000.0,12405000000.0,38534000000.0,14189000000.0,133749000000.0,-4895000000.0,0.0,-3000000000.0,14,39,3,0,0,0,
2026-08-03 19:30:00+00:00,490.049987793,490.299987793,489.2101135254,489.2973937988,444886,0.0,0.0,MSFT,微软,Microsoft Corporation,USD,19,30,MSFT,480.35,3566861025280,26.790295,20.376884,1.099,0.73,3.64,0.1983,349.2,553.72,223000,59.565,8.0643,0.40305,0.14088,0.34039003,44.668,76842999808,128812998656,331839012864,194237005824,0.67944,0.45111,29.118,1.099,1.23,0.7593,0.00090000004,2.17,7425545491,7414481428,569.5583,870.0,400.0,1.35714,53,331839000000.0,106374000000.0,225465000000.0,155237000000.0,133749000000.0,17.95,18.0,0,34666000000.0,32185000000.0,165934000000.0,207519000000.0,168985000000.0,201794000000.0,129134650000.0,38534000000.0,7453000000.0,7429000000.0,758376000000.0,315989000000.0,442387000000.0,56826000000.0,19359000000.0,20935000000.0,76651000000.0,1397000000.0,80876000000.0,337253000000.0,455944000000.0,-118691000000.0,119651000000.0,0,31067000000.0,168825000000.0,207710000000.0,38885000000.0,328265000000.0,117406000000.0,117406000000.0,442387000000.0,304127000000.0,482681000000.0,473454000000.0,182935000000.0,66987000000.0,-115948000000.0,-26445000000.0,-22271000000.0,-52546000000.0,-139500000000.0,-9111000000.0,20935000000.0,30242000000.0,12405000000.0,38534000000.0,14189000000.0,133749000000.0,-4895000000.0,0.0,-3000000000.0,14,39,3,0,0,0,
2026-08-03 19:35:00+00:00,489.3049926758,489.4400024414,488.7600097656,489.1300048828,417886,0.0,0.0,MSFT,微软,Microsoft Corporation,USD,19,35,MSFT,480.35,3566861025280,26.790295,20.376884,1.099,0.73,3.64,0.1983,349.2,553.72,223000,59.565,8.0643,0.40305,0.14088,0.34039003,44.668,76842999808,128812998656,331839012864,194237005824,0.67944,0.45111,29.118,1.099,1.23,0.7593,0.00090000004,2.17,7425545491,7414481428,569.5583,870.0,400.0,1.35714,53,331839000000.0,106374000000.0,225465000000.0,155237000000.0,133749000000.0,17.95,18.0,0,34666000000.0,32185000000.0,165934000000.0,207519000000.0,168985000000.0,201794000000.0,129134650000.0,38534000000.0,7453000000.0,7429000000.0,758376000000.0,315989000000.0,442387000000.0,56826000000.0,19359000000.0,20935000000.0,76651000000.0,1397000000.0,80876000000.0,337253000000.0,455944000000.0,-118691000000.0,119651000000.0,0,31067000000.0,168825000000.0,207710000000.0,38885000000.0,328265000000.0,117406000000.0,117406000000.0,442387000000.0,304127000000.0,482681000000.0,473454000000.0,182935000000.0,66987000000.0,-115948000000.0,-26445000000.0,-22271000000.0,-52546000000.0,-139500000000.0,-9111000000.0,20935000000.0,30242000000.0,12405000000.0,38534000000.0,14189000000.0,133749000000.0,-4895000000.0,0.0,-3000000000.0,14,39,3,0,0,0,
2026-08-03 19:40:00+00:00,489.1099853516,489.7099914551,488.8500061035,488.9400024414,602457,0.0,0.0,MSFT,微软,Microsoft Corporation,USD,19,40,MSFT,480.35,3566861025280,26.790295,20.376884,1.099,0.73,3.64,0.1983,349.2,553.72,223000,59.565,8.0643,0.40305,0.14088,0.34039003,44.668,76842999808,128812998656,331839012864,194237005824,0.67944,0.45111,29.118,1.099,1.23,0.7593,0.00090000004,2.17,7425545491,7414481428,569.5583,870.0,400.0,1.35714,53,331839000000.0,106374000000.0,225465000000.0,155237000000.0,133749000000.0,17.95,18.0,0,34666000000.0,32185000000.0,165934000000.0,207519000000.0,168985000000.0,201794000000.0,129134650000.0,38534000000.0,7453000000.0,7429000000.0,758376000000.0,315989000000.0,442387000000.0,56826000000.0,19359000000.0,20935000000.0,76651000000.0,1397000000.0,80876000000.0,337253000000.0,455944000000.0,-118691000000.0,119651000000.0,0,31067000000.0,168825000000.0,207710000000.0,38885000000.0,328265000000.0,117406000000.0,117406000000.0,442387000000.0,304127000000.0,482681000000.0,473454000000.0,182935000000.0,66987000000.0,-115948000000.0,-26445000000.0,-22271000000.0,-52546000000.0,-139500000000.0,-9111000000.0,20935000000.0,30242000000.0,12405000000.0,38534000000.0,14189000000.0,133749000000.0,-4895000000.0,0.0,-3000000000.0,14,39,3,0,0,0,
2026-08-03 19:45:00+00:00,488.8999938965,489.2799987793,488.0400085449,488.2200012207,619207,0.0,0.0,MSFT,微软,Microsoft Corporation,USD,19,45,MSFT,480.35,3566861025280,26.790295,20.376884,1.099,0.73,3.64,0.1983,349.2,553.72,223000,59.565,8.0643,0.40305,0.14088,0.34039003,44.668,76842999808,128812998656,331839012864,194237005824,0.67944,0.45111,29.118,1.099,1.23,0.7593,0.00090000004,2.17,7425545491,7414481428,569.5583,870.0,400.0,1.35714,53,331839000000.0,106374000000.0,225465000000.0,155237000000.0,133749000000.0,17.95,18.0,0,34666000000.0,32185000000.0,165934000000.0,207519000000.0,168985000000.0,201794000000.0,129134650000.0,38534000000.0,7453000000.0,7429000000.0,758376000000.0,315989000000.0,442387000000.0,56826000000.0,19359000000.0,20935000000.0,76651000000.0,1397000000.0,80876000000.0,337253000000.0,455944000000.0,-118691000000.0,119651000000.0,0,31067000000.0,168825000000.0,207710000000.0,38885000000.0,328265000000.0,117406000000.0,117406000000.0,442387000000.0,304127000000.0,482681000000.0,473454000000.0,182935000000.0,66987000000.0,-115948000000.0,-26445000000.0,-22271000000.0,-52546000000.0,-139500000000.0,-9111000000.0,20935000000.0,30242000000.0,12405000000.0,38534000000.0,14189000000.0,133749000000.0,-4895000000.0,0.0,-3000000000.0,14,39,3,0,0,0,
2026-08-03 19:50:00+00:00,488.2200012207,489.4750061035,487.4100036621,488.5,1153428,0.0,0.0,MSFT,微软,Microsoft Corporation,USD,19,50,MSFT,480.35,3566861025280,26.790295,20.376884,1.099,0.73,3.64,0.1983,349.2,553.72,223000,59.565,8.0643,0.40305,0.14088,0.34039003,44.668,76842999808,128812998656,331839012864,194237005824,0.67944,0.45111,29.118,1.099,1.23,0.7593,0.00090000004,2.17,7425545491,7414481428,569.5583,870.0,400.0,1.35714,53,331839000000.0,106374000000.0,225465000000.0,155237000000.0,133749000000.0,17.95,18.0,0,34666000000.0,32185000000.0,165934000000.0,207519000000.0,168985000000.0,201794000000.0,129134650000.0,38534000000.0,7453000000.0,7429000000.0,758376000000.0,315989000000.0,442387000000.0,56826000000.0,19359000000.0,20935000000.0,76651000000.0,1397000000.0,80876000000.0,337253000000.0,455944000000.0,-118691000000.0,119651000000.0,0,31067000000.0,168825000000.0,207710000000.0,38885000000.0,328265000000.0,117406000000.0,117406000000.0,442387000000.0,304127000000.0,482681000000.0,473454000000.0,182935000000.0,66987000000.0,-115948000000.0,-26445000000.0,-22271000000.0,-52546000000.0,-139500000000.0,-9111000000.0,20935000000.0,30242000000.0,12405000000.0,38534000000.0,14189000000.0,133749000000.0,-4895000000.0,0.0,-3000000000.0,14,39,3,0,0,0,
2026-08-03 19:55:00+00:00,488.5950012207,488.7399902344,487.0,487.6000061035,2099706,0.0,0.0,MSFT,微软,Microsoft Corporation,USD,19,55,MSFT,480.35,3566861025280,26.790295,20.376884,1.099,0.73,3.64,0.1983,349.2,553.72,223000,59.565,8.0643,0.40305,0.14088,0.34039003,44.668,76842999808,128812998656,331839012864,194237005824,0.67944,0.45111,29.118,1.099,1.23,0.7593,0.00090000004,2.17,7425545491,7414481428,569.5583,870.0,400.0,1.35714,53,331839000000.0,106374000000.0,225465000000.0,155237000000.0,133749000000.0,17.95,18.0,0,34666000000.0,32185000000.0,165934000000.0,207519000000.0,168985000000.0,201794000000.0,129134650000.0,38534000000.0,7453000000.0,7429000000.0,758376000000.0,315989000000.0,442387000000.0,56826000000.0,19359000000.0,20935000000.0,76651000000.0,1397000000.0,80876000000.0,337253000000.0,455944000000.0,-118691000000.0,119651000000.0,0,31067000000.0,168825000000.0,207710000000.0,38885000000.0,328265000000.0,117406000000.0,117406000000.0,442387000000.0,304127000000.0,482681000000.0,473454000000.0,182935000000.0,66987000000.0,-115948000000.0,-26445000000.0,-22271000000.0,-52546000000.0,-139500000000.0,-9111000000.0,20935000000.0,30242000000.0,12405000000.0,38534000000.0,14189000000.0,133749000000.0,-4895000000.0,0.0,-3000000000.0,14,39,3,0,0,0,
