timestamp,open,high,low,close,volume,Dividends,Stock Splits,thscode,thsname_cn,thsname_en,currency,hour,minute,ticker,si_current_price,si_market_cap,si_pe_trailing,si_pe_forward,si_beta,si_dividend_yield,si_dividend_rate,si_payout_ratio,si_52w_low,si_52w_high,si_employees,si_book_value,si_price_to_book,si_profit_margin,si_roa,si_roe,si_revenue_per_share,si_total_cash,si_total_debt,si_total_revenue,si_ebitda,si_gross_margins,si_operating_margins,si_debt_to_equity,si_quick_ratio,si_current_ratio,si_inst_pct,si_insider_pct,si_short_ratio,si_shares_outstanding,si_float_shares,si_target_mean,si_target_high,si_target_low,si_recommendation_mean,si_num_analysts,inc_total_revenue,inc_cost_of_revenue,inc_gross_profit,inc_operating_income,inc_net_income,inc_diluted_eps,inc_basic_eps,inc_rd,inc_sga,inc_tax_provision,inc_pretax_income,inc_ebitda,inc_ebit,inc_norm_ebitda,inc_norm_income,inc_depreciation,inc_diluted_shares,inc_basic_shares,bs_total_assets,bs_total_liabilities,bs_stockholders_equity,bs_total_debt,bs_net_debt,bs_cash,bs_cash_short_inv,bs_inventory,bs_receivables,bs_net_ppe,bs_gross_ppe,bs_accum_depreciation,bs_goodwill,bs_intangible_assets,bs_long_term_debt,bs_current_liabilities,bs_current_assets,bs_working_capital,bs_retained_earnings,bs_common_stock,bs_capital_stock,bs_total_equity,bs_tangible_book_value,bs_invested_capital,bs_total_capitalization,cf_operating,cf_free,cf_capex,cf_dividends_paid,cf_stock_repurchases,cf_financing,cf_investing,cf_net_change,cf_end_cash,cf_begin_cash,cf_stock_comp,cf_depreciation,cf_deferred_tax,cf_net_income_ops,cf_change_wc,cf_issuance_debt,cf_repayment_debt,rec_strong_buy,rec_buy,rec_hold,rec_sell,rec_strong_sell,news_count,news_latest_headline
2026-08-11 13:30:00+00:00,504.0050048828,505.3299865723,501.799987793,502.5,1167821,0.0,0.0,MSFT,微软,Microsoft Corporation,USD,13,30,MSFT,480.35,3566861025280,26.790295,20.376884,1.099,0.73,3.64,0.1983,349.2,553.72,223000,59.565,8.0643,0.40305,0.14088,0.34039003,44.668,76842999808,128812998656,331839012864,194237005824,0.67944,0.45111,29.118,1.099,1.23,0.7593,0.00090000004,2.17,7425545491,7414481428,569.5583,870.0,400.0,1.35714,53,331839000000.0,106374000000.0,225465000000.0,155237000000.0,133749000000.0,17.95,18.0,0,34666000000.0,32185000000.0,165934000000.0,207519000000.0,168985000000.0,201794000000.0,129134650000.0,38534000000.0,7453000000.0,7429000000.0,758376000000.0,315989000000.0,442387000000.0,56826000000.0,19359000000.0,20935000000.0,76651000000.0,1397000000.0,80876000000.0,337253000000.0,455944000000.0,-118691000000.0,119651000000.0,0,31067000000.0,168825000000.0,207710000000.0,38885000000.0,328265000000.0,117406000000.0,117406000000.0,442387000000.0,304127000000.0,482681000000.0,473454000000.0,182935000000.0,66987000000.0,-115948000000.0,-26445000000.0,-22271000000.0,-52546000000.0,-139500000000.0,-9111000000.0,20935000000.0,30242000000.0,12405000000.0,38534000000.0,14189000000.0,133749000000.0,-4895000000.0,0.0,-3000000000.0,14,39,3,0,0,0,
2026-08-11 13:35:00+00:00,502.4700012207,503.7250061035,501.3699951172,503.2149963379,393600,0.0,0.0,MSFT,微软,Microsoft Corporation,USD,13,35,MSFT,480.35,3566861025280,26.790295,20.376884,1.099,0.73,3.64,0.1983,349.2,553.72,223000,59.565,8.0643,0.40305,0.14088,0.34039003,44.668,76842999808,128812998656,331839012864,194237005824,0.67944,0.45111,29.118,1.099,1.23,0.7593,0.00090000004,2.17,7425545491,7414481428,569.5583,870.0,400.0,1.35714,53,331839000000.0,106374000000.0,225465000000.0,155237000000.0,133749000000.0,17.95,18.0,0,34666000000.0,32185000000.0,165934000000.0,207519000000.0,168985000000.0,201794000000.0,129134650000.0,38534000000.0,7453000000.0,7429000000.0,758376000000.0,315989000000.0,442387000000.0,56826000000.0,19359000000.0,20935000000.0,76651000000.0,1397000000.0,80876000000.0,337253000000.0,455944000000.0,-118691000000.0,119651000000.0,0,31067000000.0,168825000000.0,207710000000.0,38885000000.0,328265000000.0,117406000000.0,117406000000.0,442387000000.0,304127000000.0,482681000000.0,473454000000.0,182935000000.0,66987000000.0,-115948000000.0,-26445000000.0,-22271000000.0,-52546000000.0,-139500000000.0,-9111000000.0,20935000000.0,30242000000.0,12405000000.0,38534000000.0,14189000000.0,133749000000.0,-4895000000.0,0.0,-3000000000.0,14,39,3,0,0,0,
2026-08-11 13:40:00+00:00,503.2430114746,503.700012207,501.1700134277,501.4599914551,350648,0.0,0.0,MSFT,微软,Microsoft Corporation,USD,13,40,MSFT,480.35,3566861025280,26.790295,20.376884,1.099,0.73,3.64,0.1983,349.2,553.72,223000,59.565,8.0643,0.40305,0.14088,0.34039003,44.668,76842999808,128812998656,331839012864,194237005824,0.67944,0.45111,29.118,1.099,1.23,0.7593,0.00090000004,2.17,7425545491,7414481428,569.5583,870.0,400.0,1.35714,53,331839000000.0,106374000000.0,225465000000.0,155237000000.0,133749000000.0,17.95,18.0,0,34666000000.0,32185000000.0,165934000000.0,207519000000.0,168985000000.0,201794000000.0,129134650000.0,38534000000.0,7453000000.0,7429000000.0,758376000000.0,315989000000.0,442387000000.0,56826000000.0,19359000000.0,20935000000.0,76651000000.0,1397000000.0,80876000000.0,337253000000.0,455944000000.0,-118691000000.0,119651000000.0,0,31067000000.0,168825000000.0,207710000000.0,38885000000.0,328265000000.0,117406000000.0,117406000000.0,442387000000.0,304127000000.0,482681000000.0,473454000000.0,182935000000.0,66987000000.0,-115948000000.0,-26445000000.0,-22271000000.0,-52546000000.0,-139500000000.0,-9111000000.0,20935000000.0,30242000000.0,12405000000.0,38534000000.0,14189000000.0,133749000000.0,-4895000000.0,0.0,-3000000000.0,14,39,3,0,0,0,
2026-08-11 13:45:00+00:00,501.5100097656,502.0284118652,499.549987793,500.9450073242,427939,0.0,0.0,MSFT,微软,Microsoft Corporation,USD,13,45,MSFT,480.35,3566861025280,26.790295,20.376884,1.099,0.73,3.64,0.1983,349.2,553.72,223000,59.565,8.0643,0.40305,0.14088,0.34039003,44.668,76842999808,128812998656,331839012864,194237005824,0.67944,0.45111,29.118,1.099,1.23,0.7593,0.00090000004,2.17,7425545491,7414481428,569.5583,870.0,400.0,1.35714,53,331839000000.0,106374000000.0,225465000000.0,155237000000.0,133749000000.0,17.95,18.0,0,34666000000.0,32185000000.0,165934000000.0,207519000000.0,168985000000.0,201794000000.0,129134650000.0,38534000000.0,7453000000.0,7429000000.0,758376000000.0,315989000000.0,442387000000.0,56826000000.0,19359000000.0,20935000000.0,76651000000.0,1397000000.0,80876000000.0,337253000000.0,455944000000.0,-118691000000.0,119651000000.0,0,31067000000.0,168825000000.0,207710000000.0,38885000000.0,328265000000.0,117406000000.0,117406000000.0,442387000000.0,304127000000.0,482681000000.0,473454000000.0,182935000000.0,66987000000.0,-115948000000.0,-26445000000.0,-22271000000.0,-52546000000.0,-139500000000.0,-9111000000.0,20935000000.0,30242000000.0,12405000000.0,38534000000.0,14189000000.0,133749000000.0,-4895000000.0,0.0,-3000000000.0,14,39,3,0,0,0,
2026-08-11 13:50:00+00:00,500.8900146484,501.1099853516,499.7600097656,500.4700012207,284492,0.0,0.0,MSFT,微软,Microsoft Corporation,USD,13,50,MSFT,480.35,3566861025280,26.790295,20.376884,1.099,0.73,3.64,0.1983,349.2,553.72,223000,59.565,8.0643,0.40305,0.14088,0.34039003,44.668,76842999808,128812998656,331839012864,194237005824,0.67944,0.45111,29.118,1.099,1.23,0.7593,0.00090000004,2.17,7425545491,7414481428,569.5583,870.0,400.0,1.35714,53,331839000000.0,106374000000.0,225465000000.0,155237000000.0,133749000000.0,17.95,18.0,0,34666000000.0,32185000000.0,165934000000.0,207519000000.0,168985000000.0,201794000000.0,129134650000.0,38534000000.0,7453000000.0,7429000000.0,758376000000.0,315989000000.0,442387000000.0,56826000000.0,19359000000.0,20935000000.0,76651000000.0,1397000000.0,80876000000.0,337253000000.0,455944000000.0,-118691000000.0,119651000000.0,0,31067000000.0,168825000000.0,207710000000.0,38885000000.0,328265000000.0,117406000000.0,117406000000.0,442387000000.0,304127000000.0,482681000000.0,473454000000.0,182935000000.0,66987000000.0,-115948000000.0,-26445000000.0,-22271000000.0,-52546000000.0,-139500000000.0,-9111000000.0,20935000000.0,30242000000.0,12405000000.0,38534000000.0,14189000000.0,133749000000.0,-4895000000.0,0.0,-3000000000.0,14,39,3,0,0,0,
2026-08-11 13:55:00+00:00,500.4100036621,501.8699951172,500.2600097656,501.4549865723,299639,0.0,0.0,MSFT,微软,Microsoft Corporation,USD,13,55,MSFT,480.35,3566861025280,26.790295,20.376884,1.099,0.73,3.64,0.1983,349.2,553.72,223000,59.565,8.0643,0.40305,0.14088,0.34039003,44.668,76842999808,128812998656,331839012864,194237005824,0.67944,0.45111,29.118,1.099,1.23,0.7593,0.00090000004,2.17,7425545491,7414481428,569.5583,870.0,400.0,1.35714,53,331839000000.0,106374000000.0,225465000000.0,155237000000.0,133749000000.0,17.95,18.0,0,34666000000.0,32185000000.0,165934000000.0,207519000000.0,168985000000.0,201794000000.0,129134650000.0,38534000000.0,7453000000.0,7429000000.0,758376000000.0,315989000000.0,442387000000.0,56826000000.0,19359000000.0,20935000000.0,76651000000.0,1397000000.0,80876000000.0,337253000000.0,455944000000.0,-118691000000.0,119651000000.0,0,31067000000.0,168825000000.0,207710000000.0,38885000000.0,328265000000.0,117406000000.0,117406000000.0,442387000000.0,304127000000.0,482681000000.0,473454000000.0,182935000000.0,66987000000.0,-115948000000.0,-26445000000.0,-22271000000.0,-52546000000.0,-139500000000.0,-9111000000.0,20935000000.0,30242000000.0,12405000000.0,38534000000.0,14189000000.0,133749000000.0,-4895000000.0,0.0,-3000000000.0,14,39,3,0,0,0,
2026-08-11 14:00:00+00:00,501.4649963379,501.8500061035,500.7200012207,501.6424865723,330141,0.0,0.0,MSFT,微软,Microsoft Corporation,USD,14,0,MSFT,480.35,3566861025280,26.790295,20.376884,1.099,0.73,3.64,0.1983,349.2,553.72,223000,59.565,8.0643,0.40305,0.14088,0.34039003,44.668,76842999808,128812998656,331839012864,194237005824,0.67944,0.45111,29.118,1.099,1.23,0.7593,0.00090000004,2.17,7425545491,7414481428,569.5583,870.0,400.0,1.35714,53,331839000000.0,106374000000.0,225465000000.0,155237000000.0,133749000000.0,17.95,18.0,0,34666000000.0,32185000000.0,165934000000.0,207519000000.0,168985000000.0,201794000000.0,129134650000.0,38534000000.0,7453000000.0,7429000000.0,758376000000.0,315989000000.0,442387000000.0,56826000000.0,19359000000.0,20935000000.0,76651000000.0,1397000000.0,80876000000.0,337253000000.0,455944000000.0,-118691000000.0,119651000000.0,0,31067000000.0,168825000000.0,207710000000.0,38885000000.0,328265000000.0,117406000000.0,117406000000.0,442387000000.0,304127000000.0,482681000000.0,473454000000.0,182935000000.0,66987000000.0,-115948000000.0,-26445000000.0,-22271000000.0,-52546000000.0,-139500000000.0,-9111000000.0,20935000000.0,30242000000.0,12405000000.0,38534000000.0,14189000000.0,133749000000.0,-4895000000.0,0.0,-3000000000.0,14,39,3,0,0,0,
2026-08-11 14:05:00+00:00,501.625,501.9800109863,500.5,501.7149963379,238611,0.0,0.0,MSFT,微软,Microsoft Corporation,USD,14,5,MSFT,480.35,3566861025280,26.790295,20.376884,1.099,0.73,3.64,0.1983,349.2,553.72,223000,59.565,8.0643,0.40305,0.14088,0.34039003,44.668,76842999808,128812998656,331839012864,194237005824,0.67944,0.45111,29.118,1.099,1.23,0.7593,0.00090000004,2.17,7425545491,7414481428,569.5583,870.0,400.0,1.35714,53,331839000000.0,106374000000.0,225465000000.0,155237000000.0,133749000000.0,17.95,18.0,0,34666000000.0,32185000000.0,165934000000.0,207519000000.0,168985000000.0,201794000000.0,129134650000.0,38534000000.0,7453000000.0,7429000000.0,758376000000.0,315989000000.0,442387000000.0,56826000000.0,19359000000.0,20935000000.0,76651000000.0,1397000000.0,80876000000.0,337253000000.0,455944000000.0,-118691000000.0,119651000000.0,0,31067000000.0,168825000000.0,207710000000.0,38885000000.0,328265000000.0,117406000000.0,117406000000.0,442387000000.0,304127000000.0,482681000000.0,473454000000.0,182935000000.0,66987000000.0,-115948000000.0,-26445000000.0,-22271000000.0,-52546000000.0,-139500000000.0,-9111000000.0,20935000000.0,30242000000.0,12405000000.0,38534000000.0,14189000000.0,133749000000.0,-4895000000.0,0.0,-3000000000.0,14,39,3,0,0,0,
2026-08-11 14:10:00+00:00,501.7300109863,502.4150085449,501.0310058594,502.200012207,250630,0.0,0.0,MSFT,微软,Microsoft Corporation,USD,14,10,MSFT,480.35,3566861025280,26.790295,20.376884,1.099,0.73,3.64,0.1983,349.2,553.72,223000,59.565,8.0643,0.40305,0.14088,0.34039003,44.668,76842999808,128812998656,331839012864,194237005824,0.67944,0.45111,29.118,1.099,1.23,0.7593,0.00090000004,2.17,7425545491,7414481428,569.5583,870.0,400.0,1.35714,53,331839000000.0,106374000000.0,225465000000.0,155237000000.0,133749000000.0,17.95,18.0,0,34666000000.0,32185000000.0,165934000000.0,207519000000.0,168985000000.0,201794000000.0,129134650000.0,38534000000.0,7453000000.0,7429000000.0,758376000000.0,315989000000.0,442387000000.0,56826000000.0,19359000000.0,20935000000.0,76651000000.0,1397000000.0,80876000000.0,337253000000.0,455944000000.0,-118691000000.0,119651000000.0,0,31067000000.0,168825000000.0,207710000000.0,38885000000.0,328265000000.0,117406000000.0,117406000000.0,442387000000.0,304127000000.0,482681000000.0,473454000000.0,182935000000.0,66987000000.0,-115948000000.0,-26445000000.0,-22271000000.0,-52546000000.0,-139500000000.0,-9111000000.0,20935000000.0,30242000000.0,12405000000.0,38534000000.0,14189000000.0,133749000000.0,-4895000000.0,0.0,-3000000000.0,14,39,3,0,0,0,
2026-08-11 14:15:00+00:00,502.1500854492,502.450012207,500.8800048828,501.75,183425,0.0,0.0,MSFT,微软,Microsoft Corporation,USD,14,15,MSFT,480.35,3566861025280,26.790295,20.376884,1.099,0.73,3.64,0.1983,349.2,553.72,223000,59.565,8.0643,0.40305,0.14088,0.34039003,44.668,76842999808,128812998656,331839012864,194237005824,0.67944,0.45111,29.118,1.099,1.23,0.7593,0.00090000004,2.17,7425545491,7414481428,569.5583,870.0,400.0,1.35714,53,331839000000.0,106374000000.0,225465000000.0,155237000000.0,133749000000.0,17.95,18.0,0,34666000000.0,32185000000.0,165934000000.0,207519000000.0,168985000000.0,201794000000.0,129134650000.0,38534000000.0,7453000000.0,7429000000.0,758376000000.0,315989000000.0,442387000000.0,56826000000.0,19359000000.0,20935000000.0,76651000000.0,1397000000.0,80876000000.0,337253000000.0,455944000000.0,-118691000000.0,119651000000.0,0,31067000000.0,168825000000.0,207710000000.0,38885000000.0,328265000000.0,117406000000.0,117406000000.0,442387000000.0,304127000000.0,482681000000.0,473454000000.0,182935000000.0,66987000000.0,-115948000000.0,-26445000000.0,-22271000000.0,-52546000000.0,-139500000000.0,-9111000000.0,20935000000.0,30242000000.0,12405000000.0,38534000000.0,14189000000.0,133749000000.0,-4895000000.0,0.0,-3000000000.0,14,39,3,0,0,0,
2026-08-11 14:20:00+00:00,501.7399902344,502.0,500.6099853516,500.6799926758,188094,0.0,0.0,MSFT,微软,Microsoft Corporation,USD,14,20,MSFT,480.35,3566861025280,26.790295,20.376884,1.099,0.73,3.64,0.1983,349.2,553.72,223000,59.565,8.0643,0.40305,0.14088,0.34039003,44.668,76842999808,128812998656,331839012864,194237005824,0.67944,0.45111,29.118,1.099,1.23,0.7593,0.00090000004,2.17,7425545491,7414481428,569.5583,870.0,400.0,1.35714,53,331839000000.0,106374000000.0,225465000000.0,155237000000.0,133749000000.0,17.95,18.0,0,34666000000.0,32185000000.0,165934000000.0,207519000000.0,168985000000.0,201794000000.0,129134650000.0,38534000000.0,7453000000.0,7429000000.0,758376000000.0,315989000000.0,442387000000.0,56826000000.0,19359000000.0,20935000000.0,76651000000.0,1397000000.0,80876000000.0,337253000000.0,455944000000.0,-118691000000.0,119651000000.0,0,31067000000.0,168825000000.0,207710000000.0,38885000000.0,328265000000.0,117406000000.0,117406000000.0,442387000000.0,304127000000.0,482681000000.0,473454000000.0,182935000000.0,66987000000.0,-115948000000.0,-26445000000.0,-22271000000.0,-52546000000.0,-139500000000.0,-9111000000.0,20935000000.0,30242000000.0,12405000000.0,38534000000.0,14189000000.0,133749000000.0,-4895000000.0,0.0,-3000000000.0,14,39,3,0,0,0,
2026-08-11 14:25:00+00:00,500.6499938965,502.0700073242,500.299987793,501.5050048828,234246,0.0,0.0,MSFT,微软,Microsoft Corporation,USD,14,25,MSFT,480.35,3566861025280,26.790295,20.376884,1.099,0.73,3.64,0.1983,349.2,553.72,223000,59.565,8.0643,0.40305,0.14088,0.34039003,44.668,76842999808,128812998656,331839012864,194237005824,0.67944,0.45111,29.118,1.099,1.23,0.7593,0.00090000004,2.17,7425545491,7414481428,569.5583,870.0,400.0,1.35714,53,331839000000.0,106374000000.0,225465000000.0,155237000000.0,133749000000.0,17.95,18.0,0,34666000000.0,32185000000.0,165934000000.0,207519000000.0,168985000000.0,201794000000.0,129134650000.0,38534000000.0,7453000000.0,7429000000.0,758376000000.0,315989000000.0,442387000000.0,56826000000.0,19359000000.0,20935000000.0,76651000000.0,1397000000.0,80876000000.0,337253000000.0,455944000000.0,-118691000000.0,119651000000.0,0,31067000000.0,168825000000.0,207710000000.0,38885000000.0,328265000000.0,117406000000.0,117406000000.0,442387000000.0,304127000000.0,482681000000.0,473454000000.0,182935000000.0,66987000000.0,-115948000000.0,-26445000000.0,-22271000000.0,-52546000000.0,-139500000000.0,-9111000000.0,20935000000.0,30242000000.0,12405000000.0,38534000000.0,14189000000.0,133749000000.0,-4895000000.0,0.0,-3000000000.0,14,39,3,0,0,0,
2026-08-11 14:30:00+00:00,501.5799865723,501.799987793,500.799987793,501.2399902344,181616,0.0,0.0,MSFT,微软,Microsoft Corporation,USD,14,30,MSFT,480.35,3566861025280,26.790295,20.376884,1.099,0.73,3.64,0.1983,349.2,553.72,223000,59.565,8.0643,0.40305,0.14088,0.34039003,44.668,76842999808,128812998656,331839012864,194237005824,0.67944,0.45111,29.118,1.099,1.23,0.7593,0.00090000004,2.17,7425545491,7414481428,569.5583,870.0,400.0,1.35714,53,331839000000.0,106374000000.0,225465000000.0,155237000000.0,133749000000.0,17.95,18.0,0,34666000000.0,32185000000.0,165934000000.0,207519000000.0,168985000000.0,201794000000.0,129134650000.0,38534000000.0,7453000000.0,7429000000.0,758376000000.0,315989000000.0,442387000000.0,56826000000.0,19359000000.0,20935000000.0,76651000000.0,1397000000.0,80876000000.0,337253000000.0,455944000000.0,-118691000000.0,119651000000.0,0,31067000000.0,168825000000.0,207710000000.0,38885000000.0,328265000000.0,117406000000.0,117406000000.0,442387000000.0,304127000000.0,482681000000.0,473454000000.0,182935000000.0,66987000000.0,-115948000000.0,-26445000000.0,-22271000000.0,-52546000000.0,-139500000000.0,-9111000000.0,20935000000.0,30242000000.0,12405000000.0,38534000000.0,14189000000.0,133749000000.0,-4895000000.0,0.0,-3000000000.0,14,39,3,0,0,0,
2026-08-11 14:35:00+00:00,501.2550048828,501.958404541,501.1300048828,501.8500061035,144219,0.0,0.0,MSFT,微软,Microsoft Corporation,USD,14,35,MSFT,480.35,3566861025280,26.790295,20.376884,1.099,0.73,3.64,0.1983,349.2,553.72,223000,59.565,8.0643,0.40305,0.14088,0.34039003,44.668,76842999808,128812998656,331839012864,194237005824,0.67944,0.45111,29.118,1.099,1.23,0.7593,0.00090000004,2.17,7425545491,7414481428,569.5583,870.0,400.0,1.35714,53,331839000000.0,106374000000.0,225465000000.0,155237000000.0,133749000000.0,17.95,18.0,0,34666000000.0,32185000000.0,165934000000.0,207519000000.0,168985000000.0,201794000000.0,129134650000.0,38534000000.0,7453000000.0,7429000000.0,758376000000.0,315989000000.0,442387000000.0,56826000000.0,19359000000.0,20935000000.0,76651000000.0,1397000000.0,80876000000.0,337253000000.0,455944000000.0,-118691000000.0,119651000000.0,0,31067000000.0,168825000000.0,207710000000.0,38885000000.0,328265000000.0,117406000000.0,117406000000.0,442387000000.0,304127000000.0,482681000000.0,473454000000.0,182935000000.0,66987000000.0,-115948000000.0,-26445000000.0,-22271000000.0,-52546000000.0,-139500000000.0,-9111000000.0,20935000000.0,30242000000.0,12405000000.0,38534000000.0,14189000000.0,133749000000.0,-4895000000.0,0.0,-3000000000.0,14,39,3,0,0,0,
2026-08-11 14:40:00+00:00,501.8500061035,502.9899902344,501.6189880371,502.7900085449,201483,0.0,0.0,MSFT,微软,Microsoft Corporation,USD,14,40,MSFT,480.35,3566861025280,26.790295,20.376884,1.099,0.73,3.64,0.1983,349.2,553.72,223000,59.565,8.0643,0.40305,0.14088,0.34039003,44.668,76842999808,128812998656,331839012864,194237005824,0.67944,0.45111,29.118,1.099,1.23,0.7593,0.00090000004,2.17,7425545491,7414481428,569.5583,870.0,400.0,1.35714,53,331839000000.0,106374000000.0,225465000000.0,155237000000.0,133749000000.0,17.95,18.0,0,34666000000.0,32185000000.0,165934000000.0,207519000000.0,168985000000.0,201794000000.0,129134650000.0,38534000000.0,7453000000.0,7429000000.0,758376000000.0,315989000000.0,442387000000.0,56826000000.0,19359000000.0,20935000000.0,76651000000.0,1397000000.0,80876000000.0,337253000000.0,455944000000.0,-118691000000.0,119651000000.0,0,31067000000.0,168825000000.0,207710000000.0,38885000000.0,328265000000.0,117406000000.0,117406000000.0,442387000000.0,304127000000.0,482681000000.0,473454000000.0,182935000000.0,66987000000.0,-115948000000.0,-26445000000.0,-22271000000.0,-52546000000.0,-139500000000.0,-9111000000.0,20935000000.0,30242000000.0,12405000000.0,38534000000.0,14189000000.0,133749000000.0,-4895000000.0,0.0,-3000000000.0,14,39,3,0,0,0,
2026-08-11 14:45:00+00:00,502.7250061035,504.4200134277,502.5880126953,503.799987793,310304,0.0,0.0,MSFT,微软,Microsoft Corporation,USD,14,45,MSFT,480.35,3566861025280,26.790295,20.376884,1.099,0.73,3.64,0.1983,349.2,553.72,223000,59.565,8.0643,0.40305,0.14088,0.34039003,44.668,76842999808,128812998656,331839012864,194237005824,0.67944,0.45111,29.118,1.099,1.23,0.7593,0.00090000004,2.17,7425545491,7414481428,569.5583,870.0,400.0,1.35714,53,331839000000.0,106374000000.0,225465000000.0,155237000000.0,133749000000.0,17.95,18.0,0,34666000000.0,32185000000.0,165934000000.0,207519000000.0,168985000000.0,201794000000.0,129134650000.0,38534000000.0,7453000000.0,7429000000.0,758376000000.0,315989000000.0,442387000000.0,56826000000.0,19359000000.0,20935000000.0,76651000000.0,1397000000.0,80876000000.0,337253000000.0,455944000000.0,-118691000000.0,119651000000.0,0,31067000000.0,168825000000.0,207710000000.0,38885000000.0,328265000000.0,117406000000.0,117406000000.0,442387000000.0,304127000000.0,482681000000.0,473454000000.0,182935000000.0,66987000000.0,-115948000000.0,-26445000000.0,-22271000000.0,-52546000000.0,-139500000000.0,-9111000000.0,20935000000.0,30242000000.0,12405000000.0,38534000000.0,14189000000.0,133749000000.0,-4895000000.0,0.0,-3000000000.0,14,39,3,0,0,0,
2026-08-11 14:50:00+00:00,503.8049926758,504.3194885254,503.5199890137,504.2002868652,188077,0.0,0.0,MSFT,微软,Microsoft Corporation,USD,14,50,MSFT,480.35,3566861025280,26.790295,20.376884,1.099,0.73,3.64,0.1983,349.2,553.72,223000,59.565,8.0643,0.40305,0.14088,0.34039003,44.668,76842999808,128812998656,331839012864,194237005824,0.67944,0.45111,29.118,1.099,1.23,0.7593,0.00090000004,2.17,7425545491,7414481428,569.5583,870.0,400.0,1.35714,53,331839000000.0,106374000000.0,225465000000.0,155237000000.0,133749000000.0,17.95,18.0,0,34666000000.0,32185000000.0,165934000000.0,207519000000.0,168985000000.0,201794000000.0,129134650000.0,38534000000.0,7453000000.0,7429000000.0,758376000000.0,315989000000.0,442387000000.0,56826000000.0,19359000000.0,20935000000.0,76651000000.0,1397000000.0,80876000000.0,337253000000.0,455944000000.0,-118691000000.0,119651000000.0,0,31067000000.0,168825000000.0,207710000000.0,38885000000.0,328265000000.0,117406000000.0,117406000000.0,442387000000.0,304127000000.0,482681000000.0,473454000000.0,182935000000.0,66987000000.0,-115948000000.0,-26445000000.0,-22271000000.0,-52546000000.0,-139500000000.0,-9111000000.0,20935000000.0,30242000000.0,12405000000.0,38534000000.0,14189000000.0,133749000000.0,-4895000000.0,0.0,-3000000000.0,14,39,3,0,0,0,
2026-08-11 14:55:00+00:00,504.1600036621,504.5,503.4599914551,503.8291015625,186680,0.0,0.0,MSFT,微软,Microsoft Corporation,USD,14,55,MSFT,480.35,3566861025280,26.790295,20.376884,1.099,0.73,3.64,0.1983,349.2,553.72,223000,59.565,8.0643,0.40305,0.14088,0.34039003,44.668,76842999808,128812998656,331839012864,194237005824,0.67944,0.45111,29.118,1.099,1.23,0.7593,0.00090000004,2.17,7425545491,7414481428,569.5583,870.0,400.0,1.35714,53,331839000000.0,106374000000.0,225465000000.0,155237000000.0,133749000000.0,17.95,18.0,0,34666000000.0,32185000000.0,165934000000.0,207519000000.0,168985000000.0,201794000000.0,129134650000.0,38534000000.0,7453000000.0,7429000000.0,758376000000.0,315989000000.0,442387000000.0,56826000000.0,19359000000.0,20935000000.0,76651000000.0,1397000000.0,80876000000.0,337253000000.0,455944000000.0,-118691000000.0,119651000000.0,0,31067000000.0,168825000000.0,207710000000.0,38885000000.0,328265000000.0,117406000000.0,117406000000.0,442387000000.0,304127000000.0,482681000000.0,473454000000.0,182935000000.0,66987000000.0,-115948000000.0,-26445000000.0,-22271000000.0,-52546000000.0,-139500000000.0,-9111000000.0,20935000000.0,30242000000.0,12405000000.0,38534000000.0,14189000000.0,133749000000.0,-4895000000.0,0.0,-3000000000.0,14,39,3,0,0,0,
2026-08-11 15:00:00+00:00,503.875,504.3110046387,502.3700866699,502.4899902344,221555,0.0,0.0,MSFT,微软,Microsoft Corporation,USD,15,0,MSFT,480.35,3566861025280,26.790295,20.376884,1.099,0.73,3.64,0.1983,349.2,553.72,223000,59.565,8.0643,0.40305,0.14088,0.34039003,44.668,76842999808,128812998656,331839012864,194237005824,0.67944,0.45111,29.118,1.099,1.23,0.7593,0.00090000004,2.17,7425545491,7414481428,569.5583,870.0,400.0,1.35714,53,331839000000.0,106374000000.0,225465000000.0,155237000000.0,133749000000.0,17.95,18.0,0,34666000000.0,32185000000.0,165934000000.0,207519000000.0,168985000000.0,201794000000.0,129134650000.0,38534000000.0,7453000000.0,7429000000.0,758376000000.0,315989000000.0,442387000000.0,56826000000.0,19359000000.0,20935000000.0,76651000000.0,1397000000.0,80876000000.0,337253000000.0,455944000000.0,-118691000000.0,119651000000.0,0,31067000000.0,168825000000.0,207710000000.0,38885000000.0,328265000000.0,117406000000.0,117406000000.0,442387000000.0,304127000000.0,482681000000.0,473454000000.0,182935000000.0,66987000000.0,-115948000000.0,-26445000000.0,-22271000000.0,-52546000000.0,-139500000000.0,-9111000000.0,20935000000.0,30242000000.0,12405000000.0,38534000000.0,14189000000.0,133749000000.0,-4895000000.0,0.0,-3000000000.0,14,39,3,0,0,0,
2026-08-11 15:05:00+00:00,502.4400024414,503.2950134277,502.3299865723,503.1799926758,221246,0.0,0.0,MSFT,微软,Microsoft Corporation,USD,15,5,MSFT,480.35,3566861025280,26.790295,20.376884,1.099,0.73,3.64,0.1983,349.2,553.72,223000,59.565,8.0643,0.40305,0.14088,0.34039003,44.668,76842999808,128812998656,331839012864,194237005824,0.67944,0.45111,29.118,1.099,1.23,0.7593,0.00090000004,2.17,7425545491,7414481428,569.5583,870.0,400.0,1.35714,53,331839000000.0,106374000000.0,225465000000.0,155237000000.0,133749000000.0,17.95,18.0,0,34666000000.0,32185000000.0,165934000000.0,207519000000.0,168985000000.0,201794000000.0,129134650000.0,38534000000.0,7453000000.0,7429000000.0,758376000000.0,315989000000.0,442387000000.0,56826000000.0,19359000000.0,20935000000.0,76651000000.0,1397000000.0,80876000000.0,337253000000.0,455944000000.0,-118691000000.0,119651000000.0,0,31067000000.0,168825000000.0,207710000000.0,38885000000.0,328265000000.0,117406000000.0,117406000000.0,442387000000.0,304127000000.0,482681000000.0,473454000000.0,182935000000.0,66987000000.0,-115948000000.0,-26445000000.0,-22271000000.0,-52546000000.0,-139500000000.0,-9111000000.0,20935000000.0,30242000000.0,12405000000.0,38534000000.0,14189000000.0,133749000000.0,-4895000000.0,0.0,-3000000000.0,14,39,3,0,0,0,
2026-08-11 15:10:00+00:00,503.1400146484,503.4800109863,502.4800109863,502.5700073242,390416,0.0,0.0,MSFT,微软,Microsoft Corporation,USD,15,10,MSFT,480.35,3566861025280,26.790295,20.376884,1.099,0.73,3.64,0.1983,349.2,553.72,223000,59.565,8.0643,0.40305,0.14088,0.34039003,44.668,76842999808,128812998656,331839012864,194237005824,0.67944,0.45111,29.118,1.099,1.23,0.7593,0.00090000004,2.17,7425545491,7414481428,569.5583,870.0,400.0,1.35714,53,331839000000.0,106374000000.0,225465000000.0,155237000000.0,133749000000.0,17.95,18.0,0,34666000000.0,32185000000.0,165934000000.0,207519000000.0,168985000000.0,201794000000.0,129134650000.0,38534000000.0,7453000000.0,7429000000.0,758376000000.0,315989000000.0,442387000000.0,56826000000.0,19359000000.0,20935000000.0,76651000000.0,1397000000.0,80876000000.0,337253000000.0,455944000000.0,-118691000000.0,119651000000.0,0,31067000000.0,168825000000.0,207710000000.0,38885000000.0,328265000000.0,117406000000.0,117406000000.0,442387000000.0,304127000000.0,482681000000.0,473454000000.0,182935000000.0,66987000000.0,-115948000000.0,-26445000000.0,-22271000000.0,-52546000000.0,-139500000000.0,-9111000000.0,20935000000.0,30242000000.0,12405000000.0,38534000000.0,14189000000.0,133749000000.0,-4895000000.0,0.0,-3000000000.0,14,39,3,0,0,0,
2026-08-11 15:15:00+00:00,502.6099853516,503.2200012207,502.4901123047,502.9100036621,124239,0.0,0.0,MSFT,微软,Microsoft Corporation,USD,15,15,MSFT,480.35,3566861025280,26.790295,20.376884,1.099,0.73,3.64,0.1983,349.2,553.72,223000,59.565,8.0643,0.40305,0.14088,0.34039003,44.668,76842999808,128812998656,331839012864,194237005824,0.67944,0.45111,29.118,1.099,1.23,0.7593,0.00090000004,2.17,7425545491,7414481428,569.5583,870.0,400.0,1.35714,53,331839000000.0,106374000000.0,225465000000.0,155237000000.0,133749000000.0,17.95,18.0,0,34666000000.0,32185000000.0,165934000000.0,207519000000.0,168985000000.0,201794000000.0,129134650000.0,38534000000.0,7453000000.0,7429000000.0,758376000000.0,315989000000.0,442387000000.0,56826000000.0,19359000000.0,20935000000.0,76651000000.0,1397000000.0,80876000000.0,337253000000.0,455944000000.0,-118691000000.0,119651000000.0,0,31067000000.0,168825000000.0,207710000000.0,38885000000.0,328265000000.0,117406000000.0,117406000000.0,442387000000.0,304127000000.0,482681000000.0,473454000000.0,182935000000.0,66987000000.0,-115948000000.0,-26445000000.0,-22271000000.0,-52546000000.0,-139500000000.0,-9111000000.0,20935000000.0,30242000000.0,12405000000.0,38534000000.0,14189000000.0,133749000000.0,-4895000000.0,0.0,-3000000000.0,14,39,3,0,0,0,
2026-08-11 15:20:00+00:00,502.9725952148,503.2399902344,502.7200012207,502.7900085449,134006,0.0,0.0,MSFT,微软,Microsoft Corporation,USD,15,20,MSFT,480.35,3566861025280,26.790295,20.376884,1.099,0.73,3.64,0.1983,349.2,553.72,223000,59.565,8.0643,0.40305,0.14088,0.34039003,44.668,76842999808,128812998656,331839012864,194237005824,0.67944,0.45111,29.118,1.099,1.23,0.7593,0.00090000004,2.17,7425545491,7414481428,569.5583,870.0,400.0,1.35714,53,331839000000.0,106374000000.0,225465000000.0,155237000000.0,133749000000.0,17.95,18.0,0,34666000000.0,32185000000.0,165934000000.0,207519000000.0,168985000000.0,201794000000.0,129134650000.0,38534000000.0,7453000000.0,7429000000.0,758376000000.0,315989000000.0,442387000000.0,56826000000.0,19359000000.0,20935000000.0,76651000000.0,1397000000.0,80876000000.0,337253000000.0,455944000000.0,-118691000000.0,119651000000.0,0,31067000000.0,168825000000.0,207710000000.0,38885000000.0,328265000000.0,117406000000.0,117406000000.0,442387000000.0,304127000000.0,482681000000.0,473454000000.0,182935000000.0,66987000000.0,-115948000000.0,-26445000000.0,-22271000000.0,-52546000000.0,-139500000000.0,-9111000000.0,20935000000.0,30242000000.0,12405000000.0,38534000000.0,14189000000.0,133749000000.0,-4895000000.0,0.0,-3000000000.0,14,39,3,0,0,0,
2026-08-11 15:25:00+00:00,502.8200073242,502.8699951172,501.549987793,501.5599975586,200628,0.0,0.0,MSFT,微软,Microsoft Corporation,USD,15,25,MSFT,480.35,3566861025280,26.790295,20.376884,1.099,0.73,3.64,0.1983,349.2,553.72,223000,59.565,8.0643,0.40305,0.14088,0.34039003,44.668,76842999808,128812998656,331839012864,194237005824,0.67944,0.45111,29.118,1.099,1.23,0.7593,0.00090000004,2.17,7425545491,7414481428,569.5583,870.0,400.0,1.35714,53,331839000000.0,106374000000.0,225465000000.0,155237000000.0,133749000000.0,17.95,18.0,0,34666000000.0,32185000000.0,165934000000.0,207519000000.0,168985000000.0,201794000000.0,129134650000.0,38534000000.0,7453000000.0,7429000000.0,758376000000.0,315989000000.0,442387000000.0,56826000000.0,19359000000.0,20935000000.0,76651000000.0,1397000000.0,80876000000.0,337253000000.0,455944000000.0,-118691000000.0,119651000000.0,0,31067000000.0,168825000000.0,207710000000.0,38885000000.0,328265000000.0,117406000000.0,117406000000.0,442387000000.0,304127000000.0,482681000000.0,473454000000.0,182935000000.0,66987000000.0,-115948000000.0,-26445000000.0,-22271000000.0,-52546000000.0,-139500000000.0,-9111000000.0,20935000000.0,30242000000.0,12405000000.0,38534000000.0,14189000000.0,133749000000.0,-4895000000.0,0.0,-3000000000.0,14,39,3,0,0,0,
2026-08-11 15:30:00+00:00,501.5599975586,501.8299865723,500.780090332,500.9299926758,380116,0.0,0.0,MSFT,微软,Microsoft Corporation,USD,15,30,MSFT,480.35,3566861025280,26.790295,20.376884,1.099,0.73,3.64,0.1983,349.2,553.72,223000,59.565,8.0643,0.40305,0.14088,0.34039003,44.668,76842999808,128812998656,331839012864,194237005824,0.67944,0.45111,29.118,1.099,1.23,0.7593,0.00090000004,2.17,7425545491,7414481428,569.5583,870.0,400.0,1.35714,53,331839000000.0,106374000000.0,225465000000.0,155237000000.0,133749000000.0,17.95,18.0,0,34666000000.0,32185000000.0,165934000000.0,207519000000.0,168985000000.0,201794000000.0,129134650000.0,38534000000.0,7453000000.0,7429000000.0,758376000000.0,315989000000.0,442387000000.0,56826000000.0,19359000000.0,20935000000.0,76651000000.0,1397000000.0,80876000000.0,337253000000.0,455944000000.0,-118691000000.0,119651000000.0,0,31067000000.0,168825000000.0,207710000000.0,38885000000.0,328265000000.0,117406000000.0,117406000000.0,442387000000.0,304127000000.0,482681000000.0,473454000000.0,182935000000.0,66987000000.0,-115948000000.0,-26445000000.0,-22271000000.0,-52546000000.0,-139500000000.0,-9111000000.0,20935000000.0,30242000000.0,12405000000.0,38534000000.0,14189000000.0,133749000000.0,-4895000000.0,0.0,-3000000000.0,14,39,3,0,0,0,
2026-08-11 15:35:00+00:00,500.9200134277,501.2300109863,500.6000061035,500.6900024414,136736,0.0,0.0,MSFT,微软,Microsoft Corporation,USD,15,35,MSFT,480.35,3566861025280,26.790295,20.376884,1.099,0.73,3.64,0.1983,349.2,553.72,223000,59.565,8.0643,0.40305,0.14088,0.34039003,44.668,76842999808,128812998656,331839012864,194237005824,0.67944,0.45111,29.118,1.099,1.23,0.7593,0.00090000004,2.17,7425545491,7414481428,569.5583,870.0,400.0,1.35714,53,331839000000.0,106374000000.0,225465000000.0,155237000000.0,133749000000.0,17.95,18.0,0,34666000000.0,32185000000.0,165934000000.0,207519000000.0,168985000000.0,201794000000.0,129134650000.0,38534000000.0,7453000000.0,7429000000.0,758376000000.0,315989000000.0,442387000000.0,56826000000.0,19359000000.0,20935000000.0,76651000000.0,1397000000.0,80876000000.0,337253000000.0,455944000000.0,-118691000000.0,119651000000.0,0,31067000000.0,168825000000.0,207710000000.0,38885000000.0,328265000000.0,117406000000.0,117406000000.0,442387000000.0,304127000000.0,482681000000.0,473454000000.0,182935000000.0,66987000000.0,-115948000000.0,-26445000000.0,-22271000000.0,-52546000000.0,-139500000000.0,-9111000000.0,20935000000.0,30242000000.0,12405000000.0,38534000000.0,14189000000.0,133749000000.0,-4895000000.0,0.0,-3000000000.0,14,39,3,0,0,0,
2026-08-11 15:40:00+00:00,500.6600036621,501.2398986816,500.6000976562,501.0199890137,98081,0.0,0.0,MSFT,微软,Microsoft Corporation,USD,15,40,MSFT,480.35,3566861025280,26.790295,20.376884,1.099,0.73,3.64,0.1983,349.2,553.72,223000,59.565,8.0643,0.40305,0.14088,0.34039003,44.668,76842999808,128812998656,331839012864,194237005824,0.67944,0.45111,29.118,1.099,1.23,0.7593,0.00090000004,2.17,7425545491,7414481428,569.5583,870.0,400.0,1.35714,53,331839000000.0,106374000000.0,225465000000.0,155237000000.0,133749000000.0,17.95,18.0,0,34666000000.0,32185000000.0,165934000000.0,207519000000.0,168985000000.0,201794000000.0,129134650000.0,38534000000.0,7453000000.0,7429000000.0,758376000000.0,315989000000.0,442387000000.0,56826000000.0,19359000000.0,20935000000.0,76651000000.0,1397000000.0,80876000000.0,337253000000.0,455944000000.0,-118691000000.0,119651000000.0,0,31067000000.0,168825000000.0,207710000000.0,38885000000.0,328265000000.0,117406000000.0,117406000000.0,442387000000.0,304127000000.0,482681000000.0,473454000000.0,182935000000.0,66987000000.0,-115948000000.0,-26445000000.0,-22271000000.0,-52546000000.0,-139500000000.0,-9111000000.0,20935000000.0,30242000000.0,12405000000.0,38534000000.0,14189000000.0,133749000000.0,-4895000000.0,0.0,-3000000000.0,14,39,3,0,0,0,
2026-08-11 15:45:00+00:00,500.9949951172,501.3999023438,500.5100097656,500.6849975586,127109,0.0,0.0,MSFT,微软,Microsoft Corporation,USD,15,45,MSFT,480.35,3566861025280,26.790295,20.376884,1.099,0.73,3.64,0.1983,349.2,553.72,223000,59.565,8.0643,0.40305,0.14088,0.34039003,44.668,76842999808,128812998656,331839012864,194237005824,0.67944,0.45111,29.118,1.099,1.23,0.7593,0.00090000004,2.17,7425545491,7414481428,569.5583,870.0,400.0,1.35714,53,331839000000.0,106374000000.0,225465000000.0,155237000000.0,133749000000.0,17.95,18.0,0,34666000000.0,32185000000.0,165934000000.0,207519000000.0,168985000000.0,201794000000.0,129134650000.0,38534000000.0,7453000000.0,7429000000.0,758376000000.0,315989000000.0,442387000000.0,56826000000.0,19359000000.0,20935000000.0,76651000000.0,1397000000.0,80876000000.0,337253000000.0,455944000000.0,-118691000000.0,119651000000.0,0,31067000000.0,168825000000.0,207710000000.0,38885000000.0,328265000000.0,117406000000.0,117406000000.0,442387000000.0,304127000000.0,482681000000.0,473454000000.0,182935000000.0,66987000000.0,-115948000000.0,-26445000000.0,-22271000000.0,-52546000000.0,-139500000000.0,-9111000000.0,20935000000.0,30242000000.0,12405000000.0,38534000000.0,14189000000.0,133749000000.0,-4895000000.0,0.0,-3000000000.0,14,39,3,0,0,0,
2026-08-11 15:50:00+00:00,500.6900024414,501.1600036621,500.4299926758,500.7399902344,127301,0.0,0.0,MSFT,微软,Microsoft Corporation,USD,15,50,MSFT,480.35,3566861025280,26.790295,20.376884,1.099,0.73,3.64,0.1983,349.2,553.72,223000,59.565,8.0643,0.40305,0.14088,0.34039003,44.668,76842999808,128812998656,331839012864,194237005824,0.67944,0.45111,29.118,1.099,1.23,0.7593,0.00090000004,2.17,7425545491,7414481428,569.5583,870.0,400.0,1.35714,53,331839000000.0,106374000000.0,225465000000.0,155237000000.0,133749000000.0,17.95,18.0,0,34666000000.0,32185000000.0,165934000000.0,207519000000.0,168985000000.0,201794000000.0,129134650000.0,38534000000.0,7453000000.0,7429000000.0,758376000000.0,315989000000.0,442387000000.0,56826000000.0,19359000000.0,20935000000.0,76651000000.0,1397000000.0,80876000000.0,337253000000.0,455944000000.0,-118691000000.0,119651000000.0,0,31067000000.0,168825000000.0,207710000000.0,38885000000.0,328265000000.0,117406000000.0,117406000000.0,442387000000.0,304127000000.0,482681000000.0,473454000000.0,182935000000.0,66987000000.0,-115948000000.0,-26445000000.0,-22271000000.0,-52546000000.0,-139500000000.0,-9111000000.0,20935000000.0,30242000000.0,12405000000.0,38534000000.0,14189000000.0,133749000000.0,-4895000000.0,0.0,-3000000000.0,14,39,3,0,0,0,
2026-08-11 15:55:00+00:00,500.700012207,501.299987793,500.6499938965,501.1799926758,99722,0.0,0.0,MSFT,微软,Microsoft Corporation,USD,15,55,MSFT,480.35,3566861025280,26.790295,20.376884,1.099,0.73,3.64,0.1983,349.2,553.72,223000,59.565,8.0643,0.40305,0.14088,0.34039003,44.668,76842999808,128812998656,331839012864,194237005824,0.67944,0.45111,29.118,1.099,1.23,0.7593,0.00090000004,2.17,7425545491,7414481428,569.5583,870.0,400.0,1.35714,53,331839000000.0,106374000000.0,225465000000.0,155237000000.0,133749000000.0,17.95,18.0,0,34666000000.0,32185000000.0,165934000000.0,207519000000.0,168985000000.0,201794000000.0,129134650000.0,38534000000.0,7453000000.0,7429000000.0,758376000000.0,315989000000.0,442387000000.0,56826000000.0,19359000000.0,20935000000.0,76651000000.0,1397000000.0,80876000000.0,337253000000.0,455944000000.0,-118691000000.0,119651000000.0,0,31067000000.0,168825000000.0,207710000000.0,38885000000.0,328265000000.0,117406000000.0,117406000000.0,442387000000.0,304127000000.0,482681000000.0,473454000000.0,182935000000.0,66987000000.0,-115948000000.0,-26445000000.0,-22271000000.0,-52546000000.0,-139500000000.0,-9111000000.0,20935000000.0,30242000000.0,12405000000.0,38534000000.0,14189000000.0,133749000000.0,-4895000000.0,0.0,-3000000000.0,14,39,3,0,0,0,
2026-08-11 16:00:00+00:00,501.2099914551,501.9700012207,501.1900939941,501.8900146484,106108,0.0,0.0,MSFT,微软,Microsoft Corporation,USD,16,0,MSFT,480.35,3566861025280,26.790295,20.376884,1.099,0.73,3.64,0.1983,349.2,553.72,223000,59.565,8.0643,0.40305,0.14088,0.34039003,44.668,76842999808,128812998656,331839012864,194237005824,0.67944,0.45111,29.118,1.099,1.23,0.7593,0.00090000004,2.17,7425545491,7414481428,569.5583,870.0,400.0,1.35714,53,331839000000.0,106374000000.0,225465000000.0,155237000000.0,133749000000.0,17.95,18.0,0,34666000000.0,32185000000.0,165934000000.0,207519000000.0,168985000000.0,201794000000.0,129134650000.0,38534000000.0,7453000000.0,7429000000.0,758376000000.0,315989000000.0,442387000000.0,56826000000.0,19359000000.0,20935000000.0,76651000000.0,1397000000.0,80876000000.0,337253000000.0,455944000000.0,-118691000000.0,119651000000.0,0,31067000000.0,168825000000.0,207710000000.0,38885000000.0,328265000000.0,117406000000.0,117406000000.0,442387000000.0,304127000000.0,482681000000.0,473454000000.0,182935000000.0,66987000000.0,-115948000000.0,-26445000000.0,-22271000000.0,-52546000000.0,-139500000000.0,-9111000000.0,20935000000.0,30242000000.0,12405000000.0,38534000000.0,14189000000.0,133749000000.0,-4895000000.0,0.0,-3000000000.0,14,39,3,0,0,0,
2026-08-11 16:05:00+00:00,501.8500061035,502.7326049805,501.8099975586,502.7326049805,159862,0.0,0.0,MSFT,微软,Microsoft Corporation,USD,16,5,MSFT,480.35,3566861025280,26.790295,20.376884,1.099,0.73,3.64,0.1983,349.2,553.72,223000,59.565,8.0643,0.40305,0.14088,0.34039003,44.668,76842999808,128812998656,331839012864,194237005824,0.67944,0.45111,29.118,1.099,1.23,0.7593,0.00090000004,2.17,7425545491,7414481428,569.5583,870.0,400.0,1.35714,53,331839000000.0,106374000000.0,225465000000.0,155237000000.0,133749000000.0,17.95,18.0,0,34666000000.0,32185000000.0,165934000000.0,207519000000.0,168985000000.0,201794000000.0,129134650000.0,38534000000.0,7453000000.0,7429000000.0,758376000000.0,315989000000.0,442387000000.0,56826000000.0,19359000000.0,20935000000.0,76651000000.0,1397000000.0,80876000000.0,337253000000.0,455944000000.0,-118691000000.0,119651000000.0,0,31067000000.0,168825000000.0,207710000000.0,38885000000.0,328265000000.0,117406000000.0,117406000000.0,442387000000.0,304127000000.0,482681000000.0,473454000000.0,182935000000.0,66987000000.0,-115948000000.0,-26445000000.0,-22271000000.0,-52546000000.0,-139500000000.0,-9111000000.0,20935000000.0,30242000000.0,12405000000.0,38534000000.0,14189000000.0,133749000000.0,-4895000000.0,0.0,-3000000000.0,14,39,3,0,0,0,
2026-08-11 16:10:00+00:00,502.700012207,502.700012207,501.7401123047,502.1000061035,99631,0.0,0.0,MSFT,微软,Microsoft Corporation,USD,16,10,MSFT,480.35,3566861025280,26.790295,20.376884,1.099,0.73,3.64,0.1983,349.2,553.72,223000,59.565,8.0643,0.40305,0.14088,0.34039003,44.668,76842999808,128812998656,331839012864,194237005824,0.67944,0.45111,29.118,1.099,1.23,0.7593,0.00090000004,2.17,7425545491,7414481428,569.5583,870.0,400.0,1.35714,53,331839000000.0,106374000000.0,225465000000.0,155237000000.0,133749000000.0,17.95,18.0,0,34666000000.0,32185000000.0,165934000000.0,207519000000.0,168985000000.0,201794000000.0,129134650000.0,38534000000.0,7453000000.0,7429000000.0,758376000000.0,315989000000.0,442387000000.0,56826000000.0,19359000000.0,20935000000.0,76651000000.0,1397000000.0,80876000000.0,337253000000.0,455944000000.0,-118691000000.0,119651000000.0,0,31067000000.0,168825000000.0,207710000000.0,38885000000.0,328265000000.0,117406000000.0,117406000000.0,442387000000.0,304127000000.0,482681000000.0,473454000000.0,182935000000.0,66987000000.0,-115948000000.0,-26445000000.0,-22271000000.0,-52546000000.0,-139500000000.0,-9111000000.0,20935000000.0,30242000000.0,12405000000.0,38534000000.0,14189000000.0,133749000000.0,-4895000000.0,0.0,-3000000000.0,14,39,3,0,0,0,
2026-08-11 16:15:00+00:00,502.070098877,502.3699951172,501.2301025391,501.25,99674,0.0,0.0,MSFT,微软,Microsoft Corporation,USD,16,15,MSFT,480.35,3566861025280,26.790295,20.376884,1.099,0.73,3.64,0.1983,349.2,553.72,223000,59.565,8.0643,0.40305,0.14088,0.34039003,44.668,76842999808,128812998656,331839012864,194237005824,0.67944,0.45111,29.118,1.099,1.23,0.7593,0.00090000004,2.17,7425545491,7414481428,569.5583,870.0,400.0,1.35714,53,331839000000.0,106374000000.0,225465000000.0,155237000000.0,133749000000.0,17.95,18.0,0,34666000000.0,32185000000.0,165934000000.0,207519000000.0,168985000000.0,201794000000.0,129134650000.0,38534000000.0,7453000000.0,7429000000.0,758376000000.0,315989000000.0,442387000000.0,56826000000.0,19359000000.0,20935000000.0,76651000000.0,1397000000.0,80876000000.0,337253000000.0,455944000000.0,-118691000000.0,119651000000.0,0,31067000000.0,168825000000.0,207710000000.0,38885000000.0,328265000000.0,117406000000.0,117406000000.0,442387000000.0,304127000000.0,482681000000.0,473454000000.0,182935000000.0,66987000000.0,-115948000000.0,-26445000000.0,-22271000000.0,-52546000000.0,-139500000000.0,-9111000000.0,20935000000.0,30242000000.0,12405000000.0,38534000000.0,14189000000.0,133749000000.0,-4895000000.0,0.0,-3000000000.0,14,39,3,0,0,0,
2026-08-11 16:20:00+00:00,501.25,501.4685058594,500.5,500.5799865723,143465,0.0,0.0,MSFT,微软,Microsoft Corporation,USD,16,20,MSFT,480.35,3566861025280,26.790295,20.376884,1.099,0.73,3.64,0.1983,349.2,553.72,223000,59.565,8.0643,0.40305,0.14088,0.34039003,44.668,76842999808,128812998656,331839012864,194237005824,0.67944,0.45111,29.118,1.099,1.23,0.7593,0.00090000004,2.17,7425545491,7414481428,569.5583,870.0,400.0,1.35714,53,331839000000.0,106374000000.0,225465000000.0,155237000000.0,133749000000.0,17.95,18.0,0,34666000000.0,32185000000.0,165934000000.0,207519000000.0,168985000000.0,201794000000.0,129134650000.0,38534000000.0,7453000000.0,7429000000.0,758376000000.0,315989000000.0,442387000000.0,56826000000.0,19359000000.0,20935000000.0,76651000000.0,1397000000.0,80876000000.0,337253000000.0,455944000000.0,-118691000000.0,119651000000.0,0,31067000000.0,168825000000.0,207710000000.0,38885000000.0,328265000000.0,117406000000.0,117406000000.0,442387000000.0,304127000000.0,482681000000.0,473454000000.0,182935000000.0,66987000000.0,-115948000000.0,-26445000000.0,-22271000000.0,-52546000000.0,-139500000000.0,-9111000000.0,20935000000.0,30242000000.0,12405000000.0,38534000000.0,14189000000.0,133749000000.0,-4895000000.0,0.0,-3000000000.0,14,39,3,0,0,0,
2026-08-11 16:25:00+00:00,500.5719909668,501.1900024414,500.2699890137,500.7399902344,181938,0.0,0.0,MSFT,微软,Microsoft Corporation,USD,16,25,MSFT,480.35,3566861025280,26.790295,20.376884,1.099,0.73,3.64,0.1983,349.2,553.72,223000,59.565,8.0643,0.40305,0.14088,0.34039003,44.668,76842999808,128812998656,331839012864,194237005824,0.67944,0.45111,29.118,1.099,1.23,0.7593,0.00090000004,2.17,7425545491,7414481428,569.5583,870.0,400.0,1.35714,53,331839000000.0,106374000000.0,225465000000.0,155237000000.0,133749000000.0,17.95,18.0,0,34666000000.0,32185000000.0,165934000000.0,207519000000.0,168985000000.0,201794000000.0,129134650000.0,38534000000.0,7453000000.0,7429000000.0,758376000000.0,315989000000.0,442387000000.0,56826000000.0,19359000000.0,20935000000.0,76651000000.0,1397000000.0,80876000000.0,337253000000.0,455944000000.0,-118691000000.0,119651000000.0,0,31067000000.0,168825000000.0,207710000000.0,38885000000.0,328265000000.0,117406000000.0,117406000000.0,442387000000.0,304127000000.0,482681000000.0,473454000000.0,182935000000.0,66987000000.0,-115948000000.0,-26445000000.0,-22271000000.0,-52546000000.0,-139500000000.0,-9111000000.0,20935000000.0,30242000000.0,12405000000.0,38534000000.0,14189000000.0,133749000000.0,-4895000000.0,0.0,-3000000000.0,14,39,3,0,0,0,
2026-08-11 16:30:00+00:00,500.7300109863,501.0700073242,500.7001037598,500.8850097656,90209,0.0,0.0,MSFT,微软,Microsoft Corporation,USD,16,30,MSFT,480.35,3566861025280,26.790295,20.376884,1.099,0.73,3.64,0.1983,349.2,553.72,223000,59.565,8.0643,0.40305,0.14088,0.34039003,44.668,76842999808,128812998656,331839012864,194237005824,0.67944,0.45111,29.118,1.099,1.23,0.7593,0.00090000004,2.17,7425545491,7414481428,569.5583,870.0,400.0,1.35714,53,331839000000.0,106374000000.0,225465000000.0,155237000000.0,133749000000.0,17.95,18.0,0,34666000000.0,32185000000.0,165934000000.0,207519000000.0,168985000000.0,201794000000.0,129134650000.0,38534000000.0,7453000000.0,7429000000.0,758376000000.0,315989000000.0,442387000000.0,56826000000.0,19359000000.0,20935000000.0,76651000000.0,1397000000.0,80876000000.0,337253000000.0,455944000000.0,-118691000000.0,119651000000.0,0,31067000000.0,168825000000.0,207710000000.0,38885000000.0,328265000000.0,117406000000.0,117406000000.0,442387000000.0,304127000000.0,482681000000.0,473454000000.0,182935000000.0,66987000000.0,-115948000000.0,-26445000000.0,-22271000000.0,-52546000000.0,-139500000000.0,-9111000000.0,20935000000.0,30242000000.0,12405000000.0,38534000000.0,14189000000.0,133749000000.0,-4895000000.0,0.0,-3000000000.0,14,39,3,0,0,0,
2026-08-11 16:35:00+00:00,500.8800048828,501.6000061035,500.7200012207,501.4851989746,128169,0.0,0.0,MSFT,微软,Microsoft Corporation,USD,16,35,MSFT,480.35,3566861025280,26.790295,20.376884,1.099,0.73,3.64,0.1983,349.2,553.72,223000,59.565,8.0643,0.40305,0.14088,0.34039003,44.668,76842999808,128812998656,331839012864,194237005824,0.67944,0.45111,29.118,1.099,1.23,0.7593,0.00090000004,2.17,7425545491,7414481428,569.5583,870.0,400.0,1.35714,53,331839000000.0,106374000000.0,225465000000.0,155237000000.0,133749000000.0,17.95,18.0,0,34666000000.0,32185000000.0,165934000000.0,207519000000.0,168985000000.0,201794000000.0,129134650000.0,38534000000.0,7453000000.0,7429000000.0,758376000000.0,315989000000.0,442387000000.0,56826000000.0,19359000000.0,20935000000.0,76651000000.0,1397000000.0,80876000000.0,337253000000.0,455944000000.0,-118691000000.0,119651000000.0,0,31067000000.0,168825000000.0,207710000000.0,38885000000.0,328265000000.0,117406000000.0,117406000000.0,442387000000.0,304127000000.0,482681000000.0,473454000000.0,182935000000.0,66987000000.0,-115948000000.0,-26445000000.0,-22271000000.0,-52546000000.0,-139500000000.0,-9111000000.0,20935000000.0,30242000000.0,12405000000.0,38534000000.0,14189000000.0,133749000000.0,-4895000000.0,0.0,-3000000000.0,14,39,3,0,0,0,
2026-08-11 16:40:00+00:00,501.4299926758,501.7300109863,501.25,501.5899963379,115153,0.0,0.0,MSFT,微软,Microsoft Corporation,USD,16,40,MSFT,480.35,3566861025280,26.790295,20.376884,1.099,0.73,3.64,0.1983,349.2,553.72,223000,59.565,8.0643,0.40305,0.14088,0.34039003,44.668,76842999808,128812998656,331839012864,194237005824,0.67944,0.45111,29.118,1.099,1.23,0.7593,0.00090000004,2.17,7425545491,7414481428,569.5583,870.0,400.0,1.35714,53,331839000000.0,106374000000.0,225465000000.0,155237000000.0,133749000000.0,17.95,18.0,0,34666000000.0,32185000000.0,165934000000.0,207519000000.0,168985000000.0,201794000000.0,129134650000.0,38534000000.0,7453000000.0,7429000000.0,758376000000.0,315989000000.0,442387000000.0,56826000000.0,19359000000.0,20935000000.0,76651000000.0,1397000000.0,80876000000.0,337253000000.0,455944000000.0,-118691000000.0,119651000000.0,0,31067000000.0,168825000000.0,207710000000.0,38885000000.0,328265000000.0,117406000000.0,117406000000.0,442387000000.0,304127000000.0,482681000000.0,473454000000.0,182935000000.0,66987000000.0,-115948000000.0,-26445000000.0,-22271000000.0,-52546000000.0,-139500000000.0,-9111000000.0,20935000000.0,30242000000.0,12405000000.0,38534000000.0,14189000000.0,133749000000.0,-4895000000.0,0.0,-3000000000.0,14,39,3,0,0,0,
2026-08-11 16:45:00+00:00,501.6099853516,502.1000061035,501.5101013184,502.0050048828,101170,0.0,0.0,MSFT,微软,Microsoft Corporation,USD,16,45,MSFT,480.35,3566861025280,26.790295,20.376884,1.099,0.73,3.64,0.1983,349.2,553.72,223000,59.565,8.0643,0.40305,0.14088,0.34039003,44.668,76842999808,128812998656,331839012864,194237005824,0.67944,0.45111,29.118,1.099,1.23,0.7593,0.00090000004,2.17,7425545491,7414481428,569.5583,870.0,400.0,1.35714,53,331839000000.0,106374000000.0,225465000000.0,155237000000.0,133749000000.0,17.95,18.0,0,34666000000.0,32185000000.0,165934000000.0,207519000000.0,168985000000.0,201794000000.0,129134650000.0,38534000000.0,7453000000.0,7429000000.0,758376000000.0,315989000000.0,442387000000.0,56826000000.0,19359000000.0,20935000000.0,76651000000.0,1397000000.0,80876000000.0,337253000000.0,455944000000.0,-118691000000.0,119651000000.0,0,31067000000.0,168825000000.0,207710000000.0,38885000000.0,328265000000.0,117406000000.0,117406000000.0,442387000000.0,304127000000.0,482681000000.0,473454000000.0,182935000000.0,66987000000.0,-115948000000.0,-26445000000.0,-22271000000.0,-52546000000.0,-139500000000.0,-9111000000.0,20935000000.0,30242000000.0,12405000000.0,38534000000.0,14189000000.0,133749000000.0,-4895000000.0,0.0,-3000000000.0,14,39,3,0,0,0,
2026-08-11 16:50:00+00:00,502.049987793,502.5299987793,501.8800048828,502.2250061035,110791,0.0,0.0,MSFT,微软,Microsoft Corporation,USD,16,50,MSFT,480.35,3566861025280,26.790295,20.376884,1.099,0.73,3.64,0.1983,349.2,553.72,223000,59.565,8.0643,0.40305,0.14088,0.34039003,44.668,76842999808,128812998656,331839012864,194237005824,0.67944,0.45111,29.118,1.099,1.23,0.7593,0.00090000004,2.17,7425545491,7414481428,569.5583,870.0,400.0,1.35714,53,331839000000.0,106374000000.0,225465000000.0,155237000000.0,133749000000.0,17.95,18.0,0,34666000000.0,32185000000.0,165934000000.0,207519000000.0,168985000000.0,201794000000.0,129134650000.0,38534000000.0,7453000000.0,7429000000.0,758376000000.0,315989000000.0,442387000000.0,56826000000.0,19359000000.0,20935000000.0,76651000000.0,1397000000.0,80876000000.0,337253000000.0,455944000000.0,-118691000000.0,119651000000.0,0,31067000000.0,168825000000.0,207710000000.0,38885000000.0,328265000000.0,117406000000.0,117406000000.0,442387000000.0,304127000000.0,482681000000.0,473454000000.0,182935000000.0,66987000000.0,-115948000000.0,-26445000000.0,-22271000000.0,-52546000000.0,-139500000000.0,-9111000000.0,20935000000.0,30242000000.0,12405000000.0,38534000000.0,14189000000.0,133749000000.0,-4895000000.0,0.0,-3000000000.0,14,39,3,0,0,0,
2026-08-11 16:55:00+00:00,502.2399902344,502.2399902344,501.6600036621,502.1225891113,88371,0.0,0.0,MSFT,微软,Microsoft Corporation,USD,16,55,MSFT,480.35,3566861025280,26.790295,20.376884,1.099,0.73,3.64,0.1983,349.2,553.72,223000,59.565,8.0643,0.40305,0.14088,0.34039003,44.668,76842999808,128812998656,331839012864,194237005824,0.67944,0.45111,29.118,1.099,1.23,0.7593,0.00090000004,2.17,7425545491,7414481428,569.5583,870.0,400.0,1.35714,53,331839000000.0,106374000000.0,225465000000.0,155237000000.0,133749000000.0,17.95,18.0,0,34666000000.0,32185000000.0,165934000000.0,207519000000.0,168985000000.0,201794000000.0,129134650000.0,38534000000.0,7453000000.0,7429000000.0,758376000000.0,315989000000.0,442387000000.0,56826000000.0,19359000000.0,20935000000.0,76651000000.0,1397000000.0,80876000000.0,337253000000.0,455944000000.0,-118691000000.0,119651000000.0,0,31067000000.0,168825000000.0,207710000000.0,38885000000.0,328265000000.0,117406000000.0,117406000000.0,442387000000.0,304127000000.0,482681000000.0,473454000000.0,182935000000.0,66987000000.0,-115948000000.0,-26445000000.0,-22271000000.0,-52546000000.0,-139500000000.0,-9111000000.0,20935000000.0,30242000000.0,12405000000.0,38534000000.0,14189000000.0,133749000000.0,-4895000000.0,0.0,-3000000000.0,14,39,3,0,0,0,
2026-08-11 17:00:00+00:00,502.1700134277,502.4200134277,501.9400024414,502.200012207,79294,0.0,0.0,MSFT,微软,Microsoft Corporation,USD,17,0,MSFT,480.35,3566861025280,26.790295,20.376884,1.099,0.73,3.64,0.1983,349.2,553.72,223000,59.565,8.0643,0.40305,0.14088,0.34039003,44.668,76842999808,128812998656,331839012864,194237005824,0.67944,0.45111,29.118,1.099,1.23,0.7593,0.00090000004,2.17,7425545491,7414481428,569.5583,870.0,400.0,1.35714,53,331839000000.0,106374000000.0,225465000000.0,155237000000.0,133749000000.0,17.95,18.0,0,34666000000.0,32185000000.0,165934000000.0,207519000000.0,168985000000.0,201794000000.0,129134650000.0,38534000000.0,7453000000.0,7429000000.0,758376000000.0,315989000000.0,442387000000.0,56826000000.0,19359000000.0,20935000000.0,76651000000.0,1397000000.0,80876000000.0,337253000000.0,455944000000.0,-118691000000.0,119651000000.0,0,31067000000.0,168825000000.0,207710000000.0,38885000000.0,328265000000.0,117406000000.0,117406000000.0,442387000000.0,304127000000.0,482681000000.0,473454000000.0,182935000000.0,66987000000.0,-115948000000.0,-26445000000.0,-22271000000.0,-52546000000.0,-139500000000.0,-9111000000.0,20935000000.0,30242000000.0,12405000000.0,38534000000.0,14189000000.0,133749000000.0,-4895000000.0,0.0,-3000000000.0,14,39,3,0,0,0,
2026-08-11 17:05:00+00:00,502.1950073242,502.4049987793,501.9700012207,502.3500061035,332087,0.0,0.0,MSFT,微软,Microsoft Corporation,USD,17,5,MSFT,480.35,3566861025280,26.790295,20.376884,1.099,0.73,3.64,0.1983,349.2,553.72,223000,59.565,8.0643,0.40305,0.14088,0.34039003,44.668,76842999808,128812998656,331839012864,194237005824,0.67944,0.45111,29.118,1.099,1.23,0.7593,0.00090000004,2.17,7425545491,7414481428,569.5583,870.0,400.0,1.35714,53,331839000000.0,106374000000.0,225465000000.0,155237000000.0,133749000000.0,17.95,18.0,0,34666000000.0,32185000000.0,165934000000.0,207519000000.0,168985000000.0,201794000000.0,129134650000.0,38534000000.0,7453000000.0,7429000000.0,758376000000.0,315989000000.0,442387000000.0,56826000000.0,19359000000.0,20935000000.0,76651000000.0,1397000000.0,80876000000.0,337253000000.0,455944000000.0,-118691000000.0,119651000000.0,0,31067000000.0,168825000000.0,207710000000.0,38885000000.0,328265000000.0,117406000000.0,117406000000.0,442387000000.0,304127000000.0,482681000000.0,473454000000.0,182935000000.0,66987000000.0,-115948000000.0,-26445000000.0,-22271000000.0,-52546000000.0,-139500000000.0,-9111000000.0,20935000000.0,30242000000.0,12405000000.0,38534000000.0,14189000000.0,133749000000.0,-4895000000.0,0.0,-3000000000.0,14,39,3,0,0,0,
2026-08-11 17:10:00+00:00,502.3424987793,502.700012207,502.0,502.0350036621,184311,0.0,0.0,MSFT,微软,Microsoft Corporation,USD,17,10,MSFT,480.35,3566861025280,26.790295,20.376884,1.099,0.73,3.64,0.1983,349.2,553.72,223000,59.565,8.0643,0.40305,0.14088,0.34039003,44.668,76842999808,128812998656,331839012864,194237005824,0.67944,0.45111,29.118,1.099,1.23,0.7593,0.00090000004,2.17,7425545491,7414481428,569.5583,870.0,400.0,1.35714,53,331839000000.0,106374000000.0,225465000000.0,155237000000.0,133749000000.0,17.95,18.0,0,34666000000.0,32185000000.0,165934000000.0,207519000000.0,168985000000.0,201794000000.0,129134650000.0,38534000000.0,7453000000.0,7429000000.0,758376000000.0,315989000000.0,442387000000.0,56826000000.0,19359000000.0,20935000000.0,76651000000.0,1397000000.0,80876000000.0,337253000000.0,455944000000.0,-118691000000.0,119651000000.0,0,31067000000.0,168825000000.0,207710000000.0,38885000000.0,328265000000.0,117406000000.0,117406000000.0,442387000000.0,304127000000.0,482681000000.0,473454000000.0,182935000000.0,66987000000.0,-115948000000.0,-26445000000.0,-22271000000.0,-52546000000.0,-139500000000.0,-9111000000.0,20935000000.0,30242000000.0,12405000000.0,38534000000.0,14189000000.0,133749000000.0,-4895000000.0,0.0,-3000000000.0,14,39,3,0,0,0,
2026-08-11 17:15:00+00:00,501.9800109863,502.4599914551,501.9800109863,502.3049926758,107132,0.0,0.0,MSFT,微软,Microsoft Corporation,USD,17,15,MSFT,480.35,3566861025280,26.790295,20.376884,1.099,0.73,3.64,0.1983,349.2,553.72,223000,59.565,8.0643,0.40305,0.14088,0.34039003,44.668,76842999808,128812998656,331839012864,194237005824,0.67944,0.45111,29.118,1.099,1.23,0.7593,0.00090000004,2.17,7425545491,7414481428,569.5583,870.0,400.0,1.35714,53,331839000000.0,106374000000.0,225465000000.0,155237000000.0,133749000000.0,17.95,18.0,0,34666000000.0,32185000000.0,165934000000.0,207519000000.0,168985000000.0,201794000000.0,129134650000.0,38534000000.0,7453000000.0,7429000000.0,758376000000.0,315989000000.0,442387000000.0,56826000000.0,19359000000.0,20935000000.0,76651000000.0,1397000000.0,80876000000.0,337253000000.0,455944000000.0,-118691000000.0,119651000000.0,0,31067000000.0,168825000000.0,207710000000.0,38885000000.0,328265000000.0,117406000000.0,117406000000.0,442387000000.0,304127000000.0,482681000000.0,473454000000.0,182935000000.0,66987000000.0,-115948000000.0,-26445000000.0,-22271000000.0,-52546000000.0,-139500000000.0,-9111000000.0,20935000000.0,30242000000.0,12405000000.0,38534000000.0,14189000000.0,133749000000.0,-4895000000.0,0.0,-3000000000.0,14,39,3,0,0,0,
2026-08-11 17:20:00+00:00,502.3049926758,502.7049865723,502.0729980469,502.5199890137,120076,0.0,0.0,MSFT,微软,Microsoft Corporation,USD,17,20,MSFT,480.35,3566861025280,26.790295,20.376884,1.099,0.73,3.64,0.1983,349.2,553.72,223000,59.565,8.0643,0.40305,0.14088,0.34039003,44.668,76842999808,128812998656,331839012864,194237005824,0.67944,0.45111,29.118,1.099,1.23,0.7593,0.00090000004,2.17,7425545491,7414481428,569.5583,870.0,400.0,1.35714,53,331839000000.0,106374000000.0,225465000000.0,155237000000.0,133749000000.0,17.95,18.0,0,34666000000.0,32185000000.0,165934000000.0,207519000000.0,168985000000.0,201794000000.0,129134650000.0,38534000000.0,7453000000.0,7429000000.0,758376000000.0,315989000000.0,442387000000.0,56826000000.0,19359000000.0,20935000000.0,76651000000.0,1397000000.0,80876000000.0,337253000000.0,455944000000.0,-118691000000.0,119651000000.0,0,31067000000.0,168825000000.0,207710000000.0,38885000000.0,328265000000.0,117406000000.0,117406000000.0,442387000000.0,304127000000.0,482681000000.0,473454000000.0,182935000000.0,66987000000.0,-115948000000.0,-26445000000.0,-22271000000.0,-52546000000.0,-139500000000.0,-9111000000.0,20935000000.0,30242000000.0,12405000000.0,38534000000.0,14189000000.0,133749000000.0,-4895000000.0,0.0,-3000000000.0,14,39,3,0,0,0,
2026-08-11 17:25:00+00:00,502.6300048828,502.6799926758,502.3204956055,502.6199951172,86689,0.0,0.0,MSFT,微软,Microsoft Corporation,USD,17,25,MSFT,480.35,3566861025280,26.790295,20.376884,1.099,0.73,3.64,0.1983,349.2,553.72,223000,59.565,8.0643,0.40305,0.14088,0.34039003,44.668,76842999808,128812998656,331839012864,194237005824,0.67944,0.45111,29.118,1.099,1.23,0.7593,0.00090000004,2.17,7425545491,7414481428,569.5583,870.0,400.0,1.35714,53,331839000000.0,106374000000.0,225465000000.0,155237000000.0,133749000000.0,17.95,18.0,0,34666000000.0,32185000000.0,165934000000.0,207519000000.0,168985000000.0,201794000000.0,129134650000.0,38534000000.0,7453000000.0,7429000000.0,758376000000.0,315989000000.0,442387000000.0,56826000000.0,19359000000.0,20935000000.0,76651000000.0,1397000000.0,80876000000.0,337253000000.0,455944000000.0,-118691000000.0,119651000000.0,0,31067000000.0,168825000000.0,207710000000.0,38885000000.0,328265000000.0,117406000000.0,117406000000.0,442387000000.0,304127000000.0,482681000000.0,473454000000.0,182935000000.0,66987000000.0,-115948000000.0,-26445000000.0,-22271000000.0,-52546000000.0,-139500000000.0,-9111000000.0,20935000000.0,30242000000.0,12405000000.0,38534000000.0,14189000000.0,133749000000.0,-4895000000.0,0.0,-3000000000.0,14,39,3,0,0,0,
2026-08-11 17:30:00+00:00,502.6400146484,503.1799926758,502.5600891113,503.1149902344,88544,0.0,0.0,MSFT,微软,Microsoft Corporation,USD,17,30,MSFT,480.35,3566861025280,26.790295,20.376884,1.099,0.73,3.64,0.1983,349.2,553.72,223000,59.565,8.0643,0.40305,0.14088,0.34039003,44.668,76842999808,128812998656,331839012864,194237005824,0.67944,0.45111,29.118,1.099,1.23,0.7593,0.00090000004,2.17,7425545491,7414481428,569.5583,870.0,400.0,1.35714,53,331839000000.0,106374000000.0,225465000000.0,155237000000.0,133749000000.0,17.95,18.0,0,34666000000.0,32185000000.0,165934000000.0,207519000000.0,168985000000.0,201794000000.0,129134650000.0,38534000000.0,7453000000.0,7429000000.0,758376000000.0,315989000000.0,442387000000.0,56826000000.0,19359000000.0,20935000000.0,76651000000.0,1397000000.0,80876000000.0,337253000000.0,455944000000.0,-118691000000.0,119651000000.0,0,31067000000.0,168825000000.0,207710000000.0,38885000000.0,328265000000.0,117406000000.0,117406000000.0,442387000000.0,304127000000.0,482681000000.0,473454000000.0,182935000000.0,66987000000.0,-115948000000.0,-26445000000.0,-22271000000.0,-52546000000.0,-139500000000.0,-9111000000.0,20935000000.0,30242000000.0,12405000000.0,38534000000.0,14189000000.0,133749000000.0,-4895000000.0,0.0,-3000000000.0,14,39,3,0,0,0,
2026-08-11 17:35:00+00:00,503.1499938965,503.3299865723,502.9200134277,503.1650085449,113436,0.0,0.0,MSFT,微软,Microsoft Corporation,USD,17,35,MSFT,480.35,3566861025280,26.790295,20.376884,1.099,0.73,3.64,0.1983,349.2,553.72,223000,59.565,8.0643,0.40305,0.14088,0.34039003,44.668,76842999808,128812998656,331839012864,194237005824,0.67944,0.45111,29.118,1.099,1.23,0.7593,0.00090000004,2.17,7425545491,7414481428,569.5583,870.0,400.0,1.35714,53,331839000000.0,106374000000.0,225465000000.0,155237000000.0,133749000000.0,17.95,18.0,0,34666000000.0,32185000000.0,165934000000.0,207519000000.0,168985000000.0,201794000000.0,129134650000.0,38534000000.0,7453000000.0,7429000000.0,758376000000.0,315989000000.0,442387000000.0,56826000000.0,19359000000.0,20935000000.0,76651000000.0,1397000000.0,80876000000.0,337253000000.0,455944000000.0,-118691000000.0,119651000000.0,0,31067000000.0,168825000000.0,207710000000.0,38885000000.0,328265000000.0,117406000000.0,117406000000.0,442387000000.0,304127000000.0,482681000000.0,473454000000.0,182935000000.0,66987000000.0,-115948000000.0,-26445000000.0,-22271000000.0,-52546000000.0,-139500000000.0,-9111000000.0,20935000000.0,30242000000.0,12405000000.0,38534000000.0,14189000000.0,133749000000.0,-4895000000.0,0.0,-3000000000.0,14,39,3,0,0,0,
2026-08-11 17:40:00+00:00,503.1650085449,503.4700012207,503.0400085449,503.4049987793,80193,0.0,0.0,MSFT,微软,Microsoft Corporation,USD,17,40,MSFT,480.35,3566861025280,26.790295,20.376884,1.099,0.73,3.64,0.1983,349.2,553.72,223000,59.565,8.0643,0.40305,0.14088,0.34039003,44.668,76842999808,128812998656,331839012864,194237005824,0.67944,0.45111,29.118,1.099,1.23,0.7593,0.00090000004,2.17,7425545491,7414481428,569.5583,870.0,400.0,1.35714,53,331839000000.0,106374000000.0,225465000000.0,155237000000.0,133749000000.0,17.95,18.0,0,34666000000.0,32185000000.0,165934000000.0,207519000000.0,168985000000.0,201794000000.0,129134650000.0,38534000000.0,7453000000.0,7429000000.0,758376000000.0,315989000000.0,442387000000.0,56826000000.0,19359000000.0,20935000000.0,76651000000.0,1397000000.0,80876000000.0,337253000000.0,455944000000.0,-118691000000.0,119651000000.0,0,31067000000.0,168825000000.0,207710000000.0,38885000000.0,328265000000.0,117406000000.0,117406000000.0,442387000000.0,304127000000.0,482681000000.0,473454000000.0,182935000000.0,66987000000.0,-115948000000.0,-26445000000.0,-22271000000.0,-52546000000.0,-139500000000.0,-9111000000.0,20935000000.0,30242000000.0,12405000000.0,38534000000.0,14189000000.0,133749000000.0,-4895000000.0,0.0,-3000000000.0,14,39,3,0,0,0,
2026-08-11 17:45:00+00:00,503.4400024414,503.6199951172,502.9700012207,503.125,154354,0.0,0.0,MSFT,微软,Microsoft Corporation,USD,17,45,MSFT,480.35,3566861025280,26.790295,20.376884,1.099,0.73,3.64,0.1983,349.2,553.72,223000,59.565,8.0643,0.40305,0.14088,0.34039003,44.668,76842999808,128812998656,331839012864,194237005824,0.67944,0.45111,29.118,1.099,1.23,0.7593,0.00090000004,2.17,7425545491,7414481428,569.5583,870.0,400.0,1.35714,53,331839000000.0,106374000000.0,225465000000.0,155237000000.0,133749000000.0,17.95,18.0,0,34666000000.0,32185000000.0,165934000000.0,207519000000.0,168985000000.0,201794000000.0,129134650000.0,38534000000.0,7453000000.0,7429000000.0,758376000000.0,315989000000.0,442387000000.0,56826000000.0,19359000000.0,20935000000.0,76651000000.0,1397000000.0,80876000000.0,337253000000.0,455944000000.0,-118691000000.0,119651000000.0,0,31067000000.0,168825000000.0,207710000000.0,38885000000.0,328265000000.0,117406000000.0,117406000000.0,442387000000.0,304127000000.0,482681000000.0,473454000000.0,182935000000.0,66987000000.0,-115948000000.0,-26445000000.0,-22271000000.0,-52546000000.0,-139500000000.0,-9111000000.0,20935000000.0,30242000000.0,12405000000.0,38534000000.0,14189000000.0,133749000000.0,-4895000000.0,0.0,-3000000000.0,14,39,3,0,0,0,
2026-08-11 17:50:00+00:00,503.1700134277,503.2799987793,502.9899902344,503.1300048828,73396,0.0,0.0,MSFT,微软,Microsoft Corporation,USD,17,50,MSFT,480.35,3566861025280,26.790295,20.376884,1.099,0.73,3.64,0.1983,349.2,553.72,223000,59.565,8.0643,0.40305,0.14088,0.34039003,44.668,76842999808,128812998656,331839012864,194237005824,0.67944,0.45111,29.118,1.099,1.23,0.7593,0.00090000004,2.17,7425545491,7414481428,569.5583,870.0,400.0,1.35714,53,331839000000.0,106374000000.0,225465000000.0,155237000000.0,133749000000.0,17.95,18.0,0,34666000000.0,32185000000.0,165934000000.0,207519000000.0,168985000000.0,201794000000.0,129134650000.0,38534000000.0,7453000000.0,7429000000.0,758376000000.0,315989000000.0,442387000000.0,56826000000.0,19359000000.0,20935000000.0,76651000000.0,1397000000.0,80876000000.0,337253000000.0,455944000000.0,-118691000000.0,119651000000.0,0,31067000000.0,168825000000.0,207710000000.0,38885000000.0,328265000000.0,117406000000.0,117406000000.0,442387000000.0,304127000000.0,482681000000.0,473454000000.0,182935000000.0,66987000000.0,-115948000000.0,-26445000000.0,-22271000000.0,-52546000000.0,-139500000000.0,-9111000000.0,20935000000.0,30242000000.0,12405000000.0,38534000000.0,14189000000.0,133749000000.0,-4895000000.0,0.0,-3000000000.0,14,39,3,0,0,0,
2026-08-11 17:55:00+00:00,503.1600036621,503.200012207,502.75,502.8724975586,95746,0.0,0.0,MSFT,微软,Microsoft Corporation,USD,17,55,MSFT,480.35,3566861025280,26.790295,20.376884,1.099,0.73,3.64,0.1983,349.2,553.72,223000,59.565,8.0643,0.40305,0.14088,0.34039003,44.668,76842999808,128812998656,331839012864,194237005824,0.67944,0.45111,29.118,1.099,1.23,0.7593,0.00090000004,2.17,7425545491,7414481428,569.5583,870.0,400.0,1.35714,53,331839000000.0,106374000000.0,225465000000.0,155237000000.0,133749000000.0,17.95,18.0,0,34666000000.0,32185000000.0,165934000000.0,207519000000.0,168985000000.0,201794000000.0,129134650000.0,38534000000.0,7453000000.0,7429000000.0,758376000000.0,315989000000.0,442387000000.0,56826000000.0,19359000000.0,20935000000.0,76651000000.0,1397000000.0,80876000000.0,337253000000.0,455944000000.0,-118691000000.0,119651000000.0,0,31067000000.0,168825000000.0,207710000000.0,38885000000.0,328265000000.0,117406000000.0,117406000000.0,442387000000.0,304127000000.0,482681000000.0,473454000000.0,182935000000.0,66987000000.0,-115948000000.0,-26445000000.0,-22271000000.0,-52546000000.0,-139500000000.0,-9111000000.0,20935000000.0,30242000000.0,12405000000.0,38534000000.0,14189000000.0,133749000000.0,-4895000000.0,0.0,-3000000000.0,14,39,3,0,0,0,
2026-08-11 18:00:00+00:00,502.8800048828,503.1000061035,502.770111084,502.9049987793,590248,0.0,0.0,MSFT,微软,Microsoft Corporation,USD,18,0,MSFT,480.35,3566861025280,26.790295,20.376884,1.099,0.73,3.64,0.1983,349.2,553.72,223000,59.565,8.0643,0.40305,0.14088,0.34039003,44.668,76842999808,128812998656,331839012864,194237005824,0.67944,0.45111,29.118,1.099,1.23,0.7593,0.00090000004,2.17,7425545491,7414481428,569.5583,870.0,400.0,1.35714,53,331839000000.0,106374000000.0,225465000000.0,155237000000.0,133749000000.0,17.95,18.0,0,34666000000.0,32185000000.0,165934000000.0,207519000000.0,168985000000.0,201794000000.0,129134650000.0,38534000000.0,7453000000.0,7429000000.0,758376000000.0,315989000000.0,442387000000.0,56826000000.0,19359000000.0,20935000000.0,76651000000.0,1397000000.0,80876000000.0,337253000000.0,455944000000.0,-118691000000.0,119651000000.0,0,31067000000.0,168825000000.0,207710000000.0,38885000000.0,328265000000.0,117406000000.0,117406000000.0,442387000000.0,304127000000.0,482681000000.0,473454000000.0,182935000000.0,66987000000.0,-115948000000.0,-26445000000.0,-22271000000.0,-52546000000.0,-139500000000.0,-9111000000.0,20935000000.0,30242000000.0,12405000000.0,38534000000.0,14189000000.0,133749000000.0,-4895000000.0,0.0,-3000000000.0,14,39,3,0,0,0,
2026-08-11 18:05:00+00:00,502.9049987793,503.0100097656,502.4599914551,502.6300048828,171867,0.0,0.0,MSFT,微软,Microsoft Corporation,USD,18,5,MSFT,480.35,3566861025280,26.790295,20.376884,1.099,0.73,3.64,0.1983,349.2,553.72,223000,59.565,8.0643,0.40305,0.14088,0.34039003,44.668,76842999808,128812998656,331839012864,194237005824,0.67944,0.45111,29.118,1.099,1.23,0.7593,0.00090000004,2.17,7425545491,7414481428,569.5583,870.0,400.0,1.35714,53,331839000000.0,106374000000.0,225465000000.0,155237000000.0,133749000000.0,17.95,18.0,0,34666000000.0,32185000000.0,165934000000.0,207519000000.0,168985000000.0,201794000000.0,129134650000.0,38534000000.0,7453000000.0,7429000000.0,758376000000.0,315989000000.0,442387000000.0,56826000000.0,19359000000.0,20935000000.0,76651000000.0,1397000000.0,80876000000.0,337253000000.0,455944000000.0,-118691000000.0,119651000000.0,0,31067000000.0,168825000000.0,207710000000.0,38885000000.0,328265000000.0,117406000000.0,117406000000.0,442387000000.0,304127000000.0,482681000000.0,473454000000.0,182935000000.0,66987000000.0,-115948000000.0,-26445000000.0,-22271000000.0,-52546000000.0,-139500000000.0,-9111000000.0,20935000000.0,30242000000.0,12405000000.0,38534000000.0,14189000000.0,133749000000.0,-4895000000.0,0.0,-3000000000.0,14,39,3,0,0,0,
2026-08-11 18:10:00+00:00,502.6799926758,502.8800048828,502.6069030762,502.6069030762,96461,0.0,0.0,MSFT,微软,Microsoft Corporation,USD,18,10,MSFT,480.35,3566861025280,26.790295,20.376884,1.099,0.73,3.64,0.1983,349.2,553.72,223000,59.565,8.0643,0.40305,0.14088,0.34039003,44.668,76842999808,128812998656,331839012864,194237005824,0.67944,0.45111,29.118,1.099,1.23,0.7593,0.00090000004,2.17,7425545491,7414481428,569.5583,870.0,400.0,1.35714,53,331839000000.0,106374000000.0,225465000000.0,155237000000.0,133749000000.0,17.95,18.0,0,34666000000.0,32185000000.0,165934000000.0,207519000000.0,168985000000.0,201794000000.0,129134650000.0,38534000000.0,7453000000.0,7429000000.0,758376000000.0,315989000000.0,442387000000.0,56826000000.0,19359000000.0,20935000000.0,76651000000.0,1397000000.0,80876000000.0,337253000000.0,455944000000.0,-118691000000.0,119651000000.0,0,31067000000.0,168825000000.0,207710000000.0,38885000000.0,328265000000.0,117406000000.0,117406000000.0,442387000000.0,304127000000.0,482681000000.0,473454000000.0,182935000000.0,66987000000.0,-115948000000.0,-26445000000.0,-22271000000.0,-52546000000.0,-139500000000.0,-9111000000.0,20935000000.0,30242000000.0,12405000000.0,38534000000.0,14189000000.0,133749000000.0,-4895000000.0,0.0,-3000000000.0,14,39,3,0,0,0,
2026-08-11 18:15:00+00:00,502.6300048828,502.8299865723,502.530090332,502.7900085449,98134,0.0,0.0,MSFT,微软,Microsoft Corporation,USD,18,15,MSFT,480.35,3566861025280,26.790295,20.376884,1.099,0.73,3.64,0.1983,349.2,553.72,223000,59.565,8.0643,0.40305,0.14088,0.34039003,44.668,76842999808,128812998656,331839012864,194237005824,0.67944,0.45111,29.118,1.099,1.23,0.7593,0.00090000004,2.17,7425545491,7414481428,569.5583,870.0,400.0,1.35714,53,331839000000.0,106374000000.0,225465000000.0,155237000000.0,133749000000.0,17.95,18.0,0,34666000000.0,32185000000.0,165934000000.0,207519000000.0,168985000000.0,201794000000.0,129134650000.0,38534000000.0,7453000000.0,7429000000.0,758376000000.0,315989000000.0,442387000000.0,56826000000.0,19359000000.0,20935000000.0,76651000000.0,1397000000.0,80876000000.0,337253000000.0,455944000000.0,-118691000000.0,119651000000.0,0,31067000000.0,168825000000.0,207710000000.0,38885000000.0,328265000000.0,117406000000.0,117406000000.0,442387000000.0,304127000000.0,482681000000.0,473454000000.0,182935000000.0,66987000000.0,-115948000000.0,-26445000000.0,-22271000000.0,-52546000000.0,-139500000000.0,-9111000000.0,20935000000.0,30242000000.0,12405000000.0,38534000000.0,14189000000.0,133749000000.0,-4895000000.0,0.0,-3000000000.0,14,39,3,0,0,0,
2026-08-11 18:20:00+00:00,502.7349853516,502.8299865723,502.4201049805,502.7766113281,90562,0.0,0.0,MSFT,微软,Microsoft Corporation,USD,18,20,MSFT,480.35,3566861025280,26.790295,20.376884,1.099,0.73,3.64,0.1983,349.2,553.72,223000,59.565,8.0643,0.40305,0.14088,0.34039003,44.668,76842999808,128812998656,331839012864,194237005824,0.67944,0.45111,29.118,1.099,1.23,0.7593,0.00090000004,2.17,7425545491,7414481428,569.5583,870.0,400.0,1.35714,53,331839000000.0,106374000000.0,225465000000.0,155237000000.0,133749000000.0,17.95,18.0,0,34666000000.0,32185000000.0,165934000000.0,207519000000.0,168985000000.0,201794000000.0,129134650000.0,38534000000.0,7453000000.0,7429000000.0,758376000000.0,315989000000.0,442387000000.0,56826000000.0,19359000000.0,20935000000.0,76651000000.0,1397000000.0,80876000000.0,337253000000.0,455944000000.0,-118691000000.0,119651000000.0,0,31067000000.0,168825000000.0,207710000000.0,38885000000.0,328265000000.0,117406000000.0,117406000000.0,442387000000.0,304127000000.0,482681000000.0,473454000000.0,182935000000.0,66987000000.0,-115948000000.0,-26445000000.0,-22271000000.0,-52546000000.0,-139500000000.0,-9111000000.0,20935000000.0,30242000000.0,12405000000.0,38534000000.0,14189000000.0,133749000000.0,-4895000000.0,0.0,-3000000000.0,14,39,3,0,0,0,
2026-08-11 18:25:00+00:00,502.7699890137,502.9595031738,501.8999938965,501.9840087891,243632,0.0,0.0,MSFT,微软,Microsoft Corporation,USD,18,25,MSFT,480.35,3566861025280,26.790295,20.376884,1.099,0.73,3.64,0.1983,349.2,553.72,223000,59.565,8.0643,0.40305,0.14088,0.34039003,44.668,76842999808,128812998656,331839012864,194237005824,0.67944,0.45111,29.118,1.099,1.23,0.7593,0.00090000004,2.17,7425545491,7414481428,569.5583,870.0,400.0,1.35714,53,331839000000.0,106374000000.0,225465000000.0,155237000000.0,133749000000.0,17.95,18.0,0,34666000000.0,32185000000.0,165934000000.0,207519000000.0,168985000000.0,201794000000.0,129134650000.0,38534000000.0,7453000000.0,7429000000.0,758376000000.0,315989000000.0,442387000000.0,56826000000.0,19359000000.0,20935000000.0,76651000000.0,1397000000.0,80876000000.0,337253000000.0,455944000000.0,-118691000000.0,119651000000.0,0,31067000000.0,168825000000.0,207710000000.0,38885000000.0,328265000000.0,117406000000.0,117406000000.0,442387000000.0,304127000000.0,482681000000.0,473454000000.0,182935000000.0,66987000000.0,-115948000000.0,-26445000000.0,-22271000000.0,-52546000000.0,-139500000000.0,-9111000000.0,20935000000.0,30242000000.0,12405000000.0,38534000000.0,14189000000.0,133749000000.0,-4895000000.0,0.0,-3000000000.0,14,39,3,0,0,0,
2026-08-11 18:30:00+00:00,501.9400939941,502.4100036621,501.9200134277,502.3299865723,119037,0.0,0.0,MSFT,微软,Microsoft Corporation,USD,18,30,MSFT,480.35,3566861025280,26.790295,20.376884,1.099,0.73,3.64,0.1983,349.2,553.72,223000,59.565,8.0643,0.40305,0.14088,0.34039003,44.668,76842999808,128812998656,331839012864,194237005824,0.67944,0.45111,29.118,1.099,1.23,0.7593,0.00090000004,2.17,7425545491,7414481428,569.5583,870.0,400.0,1.35714,53,331839000000.0,106374000000.0,225465000000.0,155237000000.0,133749000000.0,17.95,18.0,0,34666000000.0,32185000000.0,165934000000.0,207519000000.0,168985000000.0,201794000000.0,129134650000.0,38534000000.0,7453000000.0,7429000000.0,758376000000.0,315989000000.0,442387000000.0,56826000000.0,19359000000.0,20935000000.0,76651000000.0,1397000000.0,80876000000.0,337253000000.0,455944000000.0,-118691000000.0,119651000000.0,0,31067000000.0,168825000000.0,207710000000.0,38885000000.0,328265000000.0,117406000000.0,117406000000.0,442387000000.0,304127000000.0,482681000000.0,473454000000.0,182935000000.0,66987000000.0,-115948000000.0,-26445000000.0,-22271000000.0,-52546000000.0,-139500000000.0,-9111000000.0,20935000000.0,30242000000.0,12405000000.0,38534000000.0,14189000000.0,133749000000.0,-4895000000.0,0.0,-3000000000.0,14,39,3,0,0,0,
2026-08-11 18:35:00+00:00,502.2550048828,502.799987793,502.2550048828,502.3900146484,120744,0.0,0.0,MSFT,微软,Microsoft Corporation,USD,18,35,MSFT,480.35,3566861025280,26.790295,20.376884,1.099,0.73,3.64,0.1983,349.2,553.72,223000,59.565,8.0643,0.40305,0.14088,0.34039003,44.668,76842999808,128812998656,331839012864,194237005824,0.67944,0.45111,29.118,1.099,1.23,0.7593,0.00090000004,2.17,7425545491,7414481428,569.5583,870.0,400.0,1.35714,53,331839000000.0,106374000000.0,225465000000.0,155237000000.0,133749000000.0,17.95,18.0,0,34666000000.0,32185000000.0,165934000000.0,207519000000.0,168985000000.0,201794000000.0,129134650000.0,38534000000.0,7453000000.0,7429000000.0,758376000000.0,315989000000.0,442387000000.0,56826000000.0,19359000000.0,20935000000.0,76651000000.0,1397000000.0,80876000000.0,337253000000.0,455944000000.0,-118691000000.0,119651000000.0,0,31067000000.0,168825000000.0,207710000000.0,38885000000.0,328265000000.0,117406000000.0,117406000000.0,442387000000.0,304127000000.0,482681000000.0,473454000000.0,182935000000.0,66987000000.0,-115948000000.0,-26445000000.0,-22271000000.0,-52546000000.0,-139500000000.0,-9111000000.0,20935000000.0,30242000000.0,12405000000.0,38534000000.0,14189000000.0,133749000000.0,-4895000000.0,0.0,-3000000000.0,14,39,3,0,0,0,
2026-08-11 18:40:00+00:00,502.4400024414,503.1099853516,502.3299865723,502.8450012207,201272,0.0,0.0,MSFT,微软,Microsoft Corporation,USD,18,40,MSFT,480.35,3566861025280,26.790295,20.376884,1.099,0.73,3.64,0.1983,349.2,553.72,223000,59.565,8.0643,0.40305,0.14088,0.34039003,44.668,76842999808,128812998656,331839012864,194237005824,0.67944,0.45111,29.118,1.099,1.23,0.7593,0.00090000004,2.17,7425545491,7414481428,569.5583,870.0,400.0,1.35714,53,331839000000.0,106374000000.0,225465000000.0,155237000000.0,133749000000.0,17.95,18.0,0,34666000000.0,32185000000.0,165934000000.0,207519000000.0,168985000000.0,201794000000.0,129134650000.0,38534000000.0,7453000000.0,7429000000.0,758376000000.0,315989000000.0,442387000000.0,56826000000.0,19359000000.0,20935000000.0,76651000000.0,1397000000.0,80876000000.0,337253000000.0,455944000000.0,-118691000000.0,119651000000.0,0,31067000000.0,168825000000.0,207710000000.0,38885000000.0,328265000000.0,117406000000.0,117406000000.0,442387000000.0,304127000000.0,482681000000.0,473454000000.0,182935000000.0,66987000000.0,-115948000000.0,-26445000000.0,-22271000000.0,-52546000000.0,-139500000000.0,-9111000000.0,20935000000.0,30242000000.0,12405000000.0,38534000000.0,14189000000.0,133749000000.0,-4895000000.0,0.0,-3000000000.0,14,39,3,0,0,0,
2026-08-11 18:45:00+00:00,502.9200134277,503.7300109863,502.8699951172,503.625,434419,0.0,0.0,MSFT,微软,Microsoft Corporation,USD,18,45,MSFT,480.35,3566861025280,26.790295,20.376884,1.099,0.73,3.64,0.1983,349.2,553.72,223000,59.565,8.0643,0.40305,0.14088,0.34039003,44.668,76842999808,128812998656,331839012864,194237005824,0.67944,0.45111,29.118,1.099,1.23,0.7593,0.00090000004,2.17,7425545491,7414481428,569.5583,870.0,400.0,1.35714,53,331839000000.0,106374000000.0,225465000000.0,155237000000.0,133749000000.0,17.95,18.0,0,34666000000.0,32185000000.0,165934000000.0,207519000000.0,168985000000.0,201794000000.0,129134650000.0,38534000000.0,7453000000.0,7429000000.0,758376000000.0,315989000000.0,442387000000.0,56826000000.0,19359000000.0,20935000000.0,76651000000.0,1397000000.0,80876000000.0,337253000000.0,455944000000.0,-118691000000.0,119651000000.0,0,31067000000.0,168825000000.0,207710000000.0,38885000000.0,328265000000.0,117406000000.0,117406000000.0,442387000000.0,304127000000.0,482681000000.0,473454000000.0,182935000000.0,66987000000.0,-115948000000.0,-26445000000.0,-22271000000.0,-52546000000.0,-139500000000.0,-9111000000.0,20935000000.0,30242000000.0,12405000000.0,38534000000.0,14189000000.0,133749000000.0,-4895000000.0,0.0,-3000000000.0,14,39,3,0,0,0,
2026-08-11 18:50:00+00:00,503.6195068359,503.6599121094,503.200012207,503.3699951172,104189,0.0,0.0,MSFT,微软,Microsoft Corporation,USD,18,50,MSFT,480.35,3566861025280,26.790295,20.376884,1.099,0.73,3.64,0.1983,349.2,553.72,223000,59.565,8.0643,0.40305,0.14088,0.34039003,44.668,76842999808,128812998656,331839012864,194237005824,0.67944,0.45111,29.118,1.099,1.23,0.7593,0.00090000004,2.17,7425545491,7414481428,569.5583,870.0,400.0,1.35714,53,331839000000.0,106374000000.0,225465000000.0,155237000000.0,133749000000.0,17.95,18.0,0,34666000000.0,32185000000.0,165934000000.0,207519000000.0,168985000000.0,201794000000.0,129134650000.0,38534000000.0,7453000000.0,7429000000.0,758376000000.0,315989000000.0,442387000000.0,56826000000.0,19359000000.0,20935000000.0,76651000000.0,1397000000.0,80876000000.0,337253000000.0,455944000000.0,-118691000000.0,119651000000.0,0,31067000000.0,168825000000.0,207710000000.0,38885000000.0,328265000000.0,117406000000.0,117406000000.0,442387000000.0,304127000000.0,482681000000.0,473454000000.0,182935000000.0,66987000000.0,-115948000000.0,-26445000000.0,-22271000000.0,-52546000000.0,-139500000000.0,-9111000000.0,20935000000.0,30242000000.0,12405000000.0,38534000000.0,14189000000.0,133749000000.0,-4895000000.0,0.0,-3000000000.0,14,39,3,0,0,0,
2026-08-11 18:55:00+00:00,503.3900146484,503.3900146484,502.950012207,502.9599914551,122919,0.0,0.0,MSFT,微软,Microsoft Corporation,USD,18,55,MSFT,480.35,3566861025280,26.790295,20.376884,1.099,0.73,3.64,0.1983,349.2,553.72,223000,59.565,8.0643,0.40305,0.14088,0.34039003,44.668,76842999808,128812998656,331839012864,194237005824,0.67944,0.45111,29.118,1.099,1.23,0.7593,0.00090000004,2.17,7425545491,7414481428,569.5583,870.0,400.0,1.35714,53,331839000000.0,106374000000.0,225465000000.0,155237000000.0,133749000000.0,17.95,18.0,0,34666000000.0,32185000000.0,165934000000.0,207519000000.0,168985000000.0,201794000000.0,129134650000.0,38534000000.0,7453000000.0,7429000000.0,758376000000.0,315989000000.0,442387000000.0,56826000000.0,19359000000.0,20935000000.0,76651000000.0,1397000000.0,80876000000.0,337253000000.0,455944000000.0,-118691000000.0,119651000000.0,0,31067000000.0,168825000000.0,207710000000.0,38885000000.0,328265000000.0,117406000000.0,117406000000.0,442387000000.0,304127000000.0,482681000000.0,473454000000.0,182935000000.0,66987000000.0,-115948000000.0,-26445000000.0,-22271000000.0,-52546000000.0,-139500000000.0,-9111000000.0,20935000000.0,30242000000.0,12405000000.0,38534000000.0,14189000000.0,133749000000.0,-4895000000.0,0.0,-3000000000.0,14,39,3,0,0,0,
2026-08-11 19:00:00+00:00,502.9700012207,503.5150146484,502.9400024414,503.4450073242,107962,0.0,0.0,MSFT,微软,Microsoft Corporation,USD,19,0,MSFT,480.35,3566861025280,26.790295,20.376884,1.099,0.73,3.64,0.1983,349.2,553.72,223000,59.565,8.0643,0.40305,0.14088,0.34039003,44.668,76842999808,128812998656,331839012864,194237005824,0.67944,0.45111,29.118,1.099,1.23,0.7593,0.00090000004,2.17,7425545491,7414481428,569.5583,870.0,400.0,1.35714,53,331839000000.0,106374000000.0,225465000000.0,155237000000.0,133749000000.0,17.95,18.0,0,34666000000.0,32185000000.0,165934000000.0,207519000000.0,168985000000.0,201794000000.0,129134650000.0,38534000000.0,7453000000.0,7429000000.0,758376000000.0,315989000000.0,442387000000.0,56826000000.0,19359000000.0,20935000000.0,76651000000.0,1397000000.0,80876000000.0,337253000000.0,455944000000.0,-118691000000.0,119651000000.0,0,31067000000.0,168825000000.0,207710000000.0,38885000000.0,328265000000.0,117406000000.0,117406000000.0,442387000000.0,304127000000.0,482681000000.0,473454000000.0,182935000000.0,66987000000.0,-115948000000.0,-26445000000.0,-22271000000.0,-52546000000.0,-139500000000.0,-9111000000.0,20935000000.0,30242000000.0,12405000000.0,38534000000.0,14189000000.0,133749000000.0,-4895000000.0,0.0,-3000000000.0,14,39,3,0,0,0,
2026-08-11 19:05:00+00:00,503.4100036621,503.6400146484,502.3150024414,502.8850097656,199909,0.0,0.0,MSFT,微软,Microsoft Corporation,USD,19,5,MSFT,480.35,3566861025280,26.790295,20.376884,1.099,0.73,3.64,0.1983,349.2,553.72,223000,59.565,8.0643,0.40305,0.14088,0.34039003,44.668,76842999808,128812998656,331839012864,194237005824,0.67944,0.45111,29.118,1.099,1.23,0.7593,0.00090000004,2.17,7425545491,7414481428,569.5583,870.0,400.0,1.35714,53,331839000000.0,106374000000.0,225465000000.0,155237000000.0,133749000000.0,17.95,18.0,0,34666000000.0,32185000000.0,165934000000.0,207519000000.0,168985000000.0,201794000000.0,129134650000.0,38534000000.0,7453000000.0,7429000000.0,758376000000.0,315989000000.0,442387000000.0,56826000000.0,19359000000.0,20935000000.0,76651000000.0,1397000000.0,80876000000.0,337253000000.0,455944000000.0,-118691000000.0,119651000000.0,0,31067000000.0,168825000000.0,207710000000.0,38885000000.0,328265000000.0,117406000000.0,117406000000.0,442387000000.0,304127000000.0,482681000000.0,473454000000.0,182935000000.0,66987000000.0,-115948000000.0,-26445000000.0,-22271000000.0,-52546000000.0,-139500000000.0,-9111000000.0,20935000000.0,30242000000.0,12405000000.0,38534000000.0,14189000000.0,133749000000.0,-4895000000.0,0.0,-3000000000.0,14,39,3,0,0,0,
2026-08-11 19:10:00+00:00,502.9100036621,503.1099853516,502.7062072754,502.9700012207,121928,0.0,0.0,MSFT,微软,Microsoft Corporation,USD,19,10,MSFT,480.35,3566861025280,26.790295,20.376884,1.099,0.73,3.64,0.1983,349.2,553.72,223000,59.565,8.0643,0.40305,0.14088,0.34039003,44.668,76842999808,128812998656,331839012864,194237005824,0.67944,0.45111,29.118,1.099,1.23,0.7593,0.00090000004,2.17,7425545491,7414481428,569.5583,870.0,400.0,1.35714,53,331839000000.0,106374000000.0,225465000000.0,155237000000.0,133749000000.0,17.95,18.0,0,34666000000.0,32185000000.0,165934000000.0,207519000000.0,168985000000.0,201794000000.0,129134650000.0,38534000000.0,7453000000.0,7429000000.0,758376000000.0,315989000000.0,442387000000.0,56826000000.0,19359000000.0,20935000000.0,76651000000.0,1397000000.0,80876000000.0,337253000000.0,455944000000.0,-118691000000.0,119651000000.0,0,31067000000.0,168825000000.0,207710000000.0,38885000000.0,328265000000.0,117406000000.0,117406000000.0,442387000000.0,304127000000.0,482681000000.0,473454000000.0,182935000000.0,66987000000.0,-115948000000.0,-26445000000.0,-22271000000.0,-52546000000.0,-139500000000.0,-9111000000.0,20935000000.0,30242000000.0,12405000000.0,38534000000.0,14189000000.0,133749000000.0,-4895000000.0,0.0,-3000000000.0,14,39,3,0,0,0,
2026-08-11 19:15:00+00:00,502.950012207,503.2200012207,502.825012207,503.0299987793,112057,0.0,0.0,MSFT,微软,Microsoft Corporation,USD,19,15,MSFT,480.35,3566861025280,26.790295,20.376884,1.099,0.73,3.64,0.1983,349.2,553.72,223000,59.565,8.0643,0.40305,0.14088,0.34039003,44.668,76842999808,128812998656,331839012864,194237005824,0.67944,0.45111,29.118,1.099,1.23,0.7593,0.00090000004,2.17,7425545491,7414481428,569.5583,870.0,400.0,1.35714,53,331839000000.0,106374000000.0,225465000000.0,155237000000.0,133749000000.0,17.95,18.0,0,34666000000.0,32185000000.0,165934000000.0,207519000000.0,168985000000.0,201794000000.0,129134650000.0,38534000000.0,7453000000.0,7429000000.0,758376000000.0,315989000000.0,442387000000.0,56826000000.0,19359000000.0,20935000000.0,76651000000.0,1397000000.0,80876000000.0,337253000000.0,455944000000.0,-118691000000.0,119651000000.0,0,31067000000.0,168825000000.0,207710000000.0,38885000000.0,328265000000.0,117406000000.0,117406000000.0,442387000000.0,304127000000.0,482681000000.0,473454000000.0,182935000000.0,66987000000.0,-115948000000.0,-26445000000.0,-22271000000.0,-52546000000.0,-139500000000.0,-9111000000.0,20935000000.0,30242000000.0,12405000000.0,38534000000.0,14189000000.0,133749000000.0,-4895000000.0,0.0,-3000000000.0,14,39,3,0,0,0,
2026-08-11 19:20:00+00:00,503.0299987793,503.3049926758,502.8699951172,503.25,195440,0.0,0.0,MSFT,微软,Microsoft Corporation,USD,19,20,MSFT,480.35,3566861025280,26.790295,20.376884,1.099,0.73,3.64,0.1983,349.2,553.72,223000,59.565,8.0643,0.40305,0.14088,0.34039003,44.668,76842999808,128812998656,331839012864,194237005824,0.67944,0.45111,29.118,1.099,1.23,0.7593,0.00090000004,2.17,7425545491,7414481428,569.5583,870.0,400.0,1.35714,53,331839000000.0,106374000000.0,225465000000.0,155237000000.0,133749000000.0,17.95,18.0,0,34666000000.0,32185000000.0,165934000000.0,207519000000.0,168985000000.0,201794000000.0,129134650000.0,38534000000.0,7453000000.0,7429000000.0,758376000000.0,315989000000.0,442387000000.0,56826000000.0,19359000000.0,20935000000.0,76651000000.0,1397000000.0,80876000000.0,337253000000.0,455944000000.0,-118691000000.0,119651000000.0,0,31067000000.0,168825000000.0,207710000000.0,38885000000.0,328265000000.0,117406000000.0,117406000000.0,442387000000.0,304127000000.0,482681000000.0,473454000000.0,182935000000.0,66987000000.0,-115948000000.0,-26445000000.0,-22271000000.0,-52546000000.0,-139500000000.0,-9111000000.0,20935000000.0,30242000000.0,12405000000.0,38534000000.0,14189000000.0,133749000000.0,-4895000000.0,0.0,-3000000000.0,14,39,3,0,0,0,
2026-08-11 19:25:00+00:00,503.25,503.3800048828,502.5199890137,502.9530029297,115454,0.0,0.0,MSFT,微软,Microsoft Corporation,USD,19,25,MSFT,480.35,3566861025280,26.790295,20.376884,1.099,0.73,3.64,0.1983,349.2,553.72,223000,59.565,8.0643,0.40305,0.14088,0.34039003,44.668,76842999808,128812998656,331839012864,194237005824,0.67944,0.45111,29.118,1.099,1.23,0.7593,0.00090000004,2.17,7425545491,7414481428,569.5583,870.0,400.0,1.35714,53,331839000000.0,106374000000.0,225465000000.0,155237000000.0,133749000000.0,17.95,18.0,0,34666000000.0,32185000000.0,165934000000.0,207519000000.0,168985000000.0,201794000000.0,129134650000.0,38534000000.0,7453000000.0,7429000000.0,758376000000.0,315989000000.0,442387000000.0,56826000000.0,19359000000.0,20935000000.0,76651000000.0,1397000000.0,80876000000.0,337253000000.0,455944000000.0,-118691000000.0,119651000000.0,0,31067000000.0,168825000000.0,207710000000.0,38885000000.0,328265000000.0,117406000000.0,117406000000.0,442387000000.0,304127000000.0,482681000000.0,473454000000.0,182935000000.0,66987000000.0,-115948000000.0,-26445000000.0,-22271000000.0,-52546000000.0,-139500000000.0,-9111000000.0,20935000000.0,30242000000.0,12405000000.0,38534000000.0,14189000000.0,133749000000.0,-4895000000.0,0.0,-3000000000.0,14,39,3,0,0,0,
2026-08-11 19:30:00+00:00,502.8599853516,503.3200073242,502.75,503.2749938965,151451,0.0,0.0,MSFT,微软,Microsoft Corporation,USD,19,30,MSFT,480.35,3566861025280,26.790295,20.376884,1.099,0.73,3.64,0.1983,349.2,553.72,223000,59.565,8.0643,0.40305,0.14088,0.34039003,44.668,76842999808,128812998656,331839012864,194237005824,0.67944,0.45111,29.118,1.099,1.23,0.7593,0.00090000004,2.17,7425545491,7414481428,569.5583,870.0,400.0,1.35714,53,331839000000.0,106374000000.0,225465000000.0,155237000000.0,133749000000.0,17.95,18.0,0,34666000000.0,32185000000.0,165934000000.0,207519000000.0,168985000000.0,201794000000.0,129134650000.0,38534000000.0,7453000000.0,7429000000.0,758376000000.0,315989000000.0,442387000000.0,56826000000.0,19359000000.0,20935000000.0,76651000000.0,1397000000.0,80876000000.0,337253000000.0,455944000000.0,-118691000000.0,119651000000.0,0,31067000000.0,168825000000.0,207710000000.0,38885000000.0,328265000000.0,117406000000.0,117406000000.0,442387000000.0,304127000000.0,482681000000.0,473454000000.0,182935000000.0,66987000000.0,-115948000000.0,-26445000000.0,-22271000000.0,-52546000000.0,-139500000000.0,-9111000000.0,20935000000.0,30242000000.0,12405000000.0,38534000000.0,14189000000.0,133749000000.0,-4895000000.0,0.0,-3000000000.0,14,39,3,0,0,0,
2026-08-11 19:35:00+00:00,503.299987793,503.799987793,503.2749938965,503.7399902344,236570,0.0,0.0,MSFT,微软,Microsoft Corporation,USD,19,35,MSFT,480.35,3566861025280,26.790295,20.376884,1.099,0.73,3.64,0.1983,349.2,553.72,223000,59.565,8.0643,0.40305,0.14088,0.34039003,44.668,76842999808,128812998656,331839012864,194237005824,0.67944,0.45111,29.118,1.099,1.23,0.7593,0.00090000004,2.17,7425545491,7414481428,569.5583,870.0,400.0,1.35714,53,331839000000.0,106374000000.0,225465000000.0,155237000000.0,133749000000.0,17.95,18.0,0,34666000000.0,32185000000.0,165934000000.0,207519000000.0,168985000000.0,201794000000.0,129134650000.0,38534000000.0,7453000000.0,7429000000.0,758376000000.0,315989000000.0,442387000000.0,56826000000.0,19359000000.0,20935000000.0,76651000000.0,1397000000.0,80876000000.0,337253000000.0,455944000000.0,-118691000000.0,119651000000.0,0,31067000000.0,168825000000.0,207710000000.0,38885000000.0,328265000000.0,117406000000.0,117406000000.0,442387000000.0,304127000000.0,482681000000.0,473454000000.0,182935000000.0,66987000000.0,-115948000000.0,-26445000000.0,-22271000000.0,-52546000000.0,-139500000000.0,-9111000000.0,20935000000.0,30242000000.0,12405000000.0,38534000000.0,14189000000.0,133749000000.0,-4895000000.0,0.0,-3000000000.0,14,39,3,0,0,0,
2026-08-11 19:40:00+00:00,503.7099914551,503.799987793,503.4100036621,503.6700134277,250541,0.0,0.0,MSFT,微软,Microsoft Corporation,USD,19,40,MSFT,480.35,3566861025280,26.790295,20.376884,1.099,0.73,3.64,0.1983,349.2,553.72,223000,59.565,8.0643,0.40305,0.14088,0.34039003,44.668,76842999808,128812998656,331839012864,194237005824,0.67944,0.45111,29.118,1.099,1.23,0.7593,0.00090000004,2.17,7425545491,7414481428,569.5583,870.0,400.0,1.35714,53,331839000000.0,106374000000.0,225465000000.0,155237000000.0,133749000000.0,17.95,18.0,0,34666000000.0,32185000000.0,165934000000.0,207519000000.0,168985000000.0,201794000000.0,129134650000.0,38534000000.0,7453000000.0,7429000000.0,758376000000.0,315989000000.0,442387000000.0,56826000000.0,19359000000.0,20935000000.0,76651000000.0,1397000000.0,80876000000.0,337253000000.0,455944000000.0,-118691000000.0,119651000000.0,0,31067000000.0,168825000000.0,207710000000.0,38885000000.0,328265000000.0,117406000000.0,117406000000.0,442387000000.0,304127000000.0,482681000000.0,473454000000.0,182935000000.0,66987000000.0,-115948000000.0,-26445000000.0,-22271000000.0,-52546000000.0,-139500000000.0,-9111000000.0,20935000000.0,30242000000.0,12405000000.0,38534000000.0,14189000000.0,133749000000.0,-4895000000.0,0.0,-3000000000.0,14,39,3,0,0,0,
2026-08-11 19:45:00+00:00,503.6300048828,503.9400024414,503.3275146484,503.7900085449,266056,0.0,0.0,MSFT,微软,Microsoft Corporation,USD,19,45,MSFT,480.35,3566861025280,26.790295,20.376884,1.099,0.73,3.64,0.1983,349.2,553.72,223000,59.565,8.0643,0.40305,0.14088,0.34039003,44.668,76842999808,128812998656,331839012864,194237005824,0.67944,0.45111,29.118,1.099,1.23,0.7593,0.00090000004,2.17,7425545491,7414481428,569.5583,870.0,400.0,1.35714,53,331839000000.0,106374000000.0,225465000000.0,155237000000.0,133749000000.0,17.95,18.0,0,34666000000.0,32185000000.0,165934000000.0,207519000000.0,168985000000.0,201794000000.0,129134650000.0,38534000000.0,7453000000.0,7429000000.0,758376000000.0,315989000000.0,442387000000.0,56826000000.0,19359000000.0,20935000000.0,76651000000.0,1397000000.0,80876000000.0,337253000000.0,455944000000.0,-118691000000.0,119651000000.0,0,31067000000.0,168825000000.0,207710000000.0,38885000000.0,328265000000.0,117406000000.0,117406000000.0,442387000000.0,304127000000.0,482681000000.0,473454000000.0,182935000000.0,66987000000.0,-115948000000.0,-26445000000.0,-22271000000.0,-52546000000.0,-139500000000.0,-9111000000.0,20935000000.0,30242000000.0,12405000000.0,38534000000.0,14189000000.0,133749000000.0,-4895000000.0,0.0,-3000000000.0,14,39,3,0,0,0,
2026-08-11 19:50:00+00:00,503.7900085449,503.9599914551,502.0799865723,503.8299865723,627927,0.0,0.0,MSFT,微软,Microsoft Corporation,USD,19,50,MSFT,480.35,3566861025280,26.790295,20.376884,1.099,0.73,3.64,0.1983,349.2,553.72,223000,59.565,8.0643,0.40305,0.14088,0.34039003,44.668,76842999808,128812998656,331839012864,194237005824,0.67944,0.45111,29.118,1.099,1.23,0.7593,0.00090000004,2.17,7425545491,7414481428,569.5583,870.0,400.0,1.35714,53,331839000000.0,106374000000.0,225465000000.0,155237000000.0,133749000000.0,17.95,18.0,0,34666000000.0,32185000000.0,165934000000.0,207519000000.0,168985000000.0,201794000000.0,129134650000.0,38534000000.0,7453000000.0,7429000000.0,758376000000.0,315989000000.0,442387000000.0,56826000000.0,19359000000.0,20935000000.0,76651000000.0,1397000000.0,80876000000.0,337253000000.0,455944000000.0,-118691000000.0,119651000000.0,0,31067000000.0,168825000000.0,207710000000.0,38885000000.0,328265000000.0,117406000000.0,117406000000.0,442387000000.0,304127000000.0,482681000000.0,473454000000.0,182935000000.0,66987000000.0,-115948000000.0,-26445000000.0,-22271000000.0,-52546000000.0,-139500000000.0,-9111000000.0,20935000000.0,30242000000.0,12405000000.0,38534000000.0,14189000000.0,133749000000.0,-4895000000.0,0.0,-3000000000.0,14,39,3,0,0,0,
2026-08-11 19:55:00+00:00,503.799987793,504.3900146484,503.25,503.8099975586,1288527,0.0,0.0,MSFT,微软,Microsoft Corporation,USD,19,55,MSFT,480.35,3566861025280,26.790295,20.376884,1.099,0.73,3.64,0.1983,349.2,553.72,223000,59.565,8.0643,0.40305,0.14088,0.34039003,44.668,76842999808,128812998656,331839012864,194237005824,0.67944,0.45111,29.118,1.099,1.23,0.7593,0.00090000004,2.17,7425545491,7414481428,569.5583,870.0,400.0,1.35714,53,331839000000.0,106374000000.0,225465000000.0,155237000000.0,133749000000.0,17.95,18.0,0,34666000000.0,32185000000.0,165934000000.0,207519000000.0,168985000000.0,201794000000.0,129134650000.0,38534000000.0,7453000000.0,7429000000.0,758376000000.0,315989000000.0,442387000000.0,56826000000.0,19359000000.0,20935000000.0,76651000000.0,1397000000.0,80876000000.0,337253000000.0,455944000000.0,-118691000000.0,119651000000.0,0,31067000000.0,168825000000.0,207710000000.0,38885000000.0,328265000000.0,117406000000.0,117406000000.0,442387000000.0,304127000000.0,482681000000.0,473454000000.0,182935000000.0,66987000000.0,-115948000000.0,-26445000000.0,-22271000000.0,-52546000000.0,-139500000000.0,-9111000000.0,20935000000.0,30242000000.0,12405000000.0,38534000000.0,14189000000.0,133749000000.0,-4895000000.0,0.0,-3000000000.0,14,39,3,0,0,0,
