timestamp,open,high,low,close,volume,Dividends,Stock Splits,thscode,thsname_cn,thsname_en,currency,hour,minute,ticker,si_current_price,si_market_cap,si_pe_trailing,si_pe_forward,si_beta,si_dividend_yield,si_dividend_rate,si_payout_ratio,si_52w_low,si_52w_high,si_employees,si_book_value,si_price_to_book,si_profit_margin,si_roa,si_roe,si_revenue_per_share,si_total_cash,si_total_debt,si_total_revenue,si_ebitda,si_gross_margins,si_operating_margins,si_debt_to_equity,si_quick_ratio,si_current_ratio,si_inst_pct,si_insider_pct,si_short_ratio,si_shares_outstanding,si_float_shares,si_target_mean,si_target_high,si_target_low,si_recommendation_mean,si_num_analysts,inc_total_revenue,inc_cost_of_revenue,inc_gross_profit,inc_operating_income,inc_net_income,inc_diluted_eps,inc_basic_eps,inc_rd,inc_sga,inc_tax_provision,inc_pretax_income,inc_ebitda,inc_ebit,inc_norm_ebitda,inc_norm_income,inc_depreciation,inc_diluted_shares,inc_basic_shares,bs_total_assets,bs_total_liabilities,bs_stockholders_equity,bs_total_debt,bs_net_debt,bs_cash,bs_cash_short_inv,bs_inventory,bs_receivables,bs_net_ppe,bs_gross_ppe,bs_accum_depreciation,bs_goodwill,bs_intangible_assets,bs_long_term_debt,bs_current_liabilities,bs_current_assets,bs_working_capital,bs_retained_earnings,bs_common_stock,bs_capital_stock,bs_total_equity,bs_tangible_book_value,bs_invested_capital,bs_total_capitalization,cf_operating,cf_free,cf_capex,cf_dividends_paid,cf_stock_repurchases,cf_financing,cf_investing,cf_net_change,cf_end_cash,cf_begin_cash,cf_stock_comp,cf_depreciation,cf_deferred_tax,cf_net_income_ops,cf_change_wc,cf_issuance_debt,cf_repayment_debt,rec_strong_buy,rec_buy,rec_hold,rec_sell,rec_strong_sell,news_count,news_latest_headline
2026-08-06 13:30:00+00:00,488.8900146484,491.7900085449,488.5249938965,489.6000061035,1887994,0.0,0.0,MSFT,微软,Microsoft Corporation,USD,13,30,MSFT,480.35,3566861025280,26.790295,20.376884,1.099,0.73,3.64,0.1983,349.2,553.72,223000,59.565,8.0643,0.40305,0.14088,0.34039003,44.668,76842999808,128812998656,331839012864,194237005824,0.67944,0.45111,29.118,1.099,1.23,0.7593,0.00090000004,2.17,7425545491,7414481428,569.5583,870.0,400.0,1.35714,53,331839000000.0,106374000000.0,225465000000.0,155237000000.0,133749000000.0,17.95,18.0,0,34666000000.0,32185000000.0,165934000000.0,207519000000.0,168985000000.0,201794000000.0,129134650000.0,38534000000.0,7453000000.0,7429000000.0,758376000000.0,315989000000.0,442387000000.0,56826000000.0,19359000000.0,20935000000.0,76651000000.0,1397000000.0,80876000000.0,337253000000.0,455944000000.0,-118691000000.0,119651000000.0,0,31067000000.0,168825000000.0,207710000000.0,38885000000.0,328265000000.0,117406000000.0,117406000000.0,442387000000.0,304127000000.0,482681000000.0,473454000000.0,182935000000.0,66987000000.0,-115948000000.0,-26445000000.0,-22271000000.0,-52546000000.0,-139500000000.0,-9111000000.0,20935000000.0,30242000000.0,12405000000.0,38534000000.0,14189000000.0,133749000000.0,-4895000000.0,0.0,-3000000000.0,14,39,3,0,0,0,
2026-08-06 13:35:00+00:00,489.6000061035,494.9399108887,489.5,493.0899963379,710593,0.0,0.0,MSFT,微软,Microsoft Corporation,USD,13,35,MSFT,480.35,3566861025280,26.790295,20.376884,1.099,0.73,3.64,0.1983,349.2,553.72,223000,59.565,8.0643,0.40305,0.14088,0.34039003,44.668,76842999808,128812998656,331839012864,194237005824,0.67944,0.45111,29.118,1.099,1.23,0.7593,0.00090000004,2.17,7425545491,7414481428,569.5583,870.0,400.0,1.35714,53,331839000000.0,106374000000.0,225465000000.0,155237000000.0,133749000000.0,17.95,18.0,0,34666000000.0,32185000000.0,165934000000.0,207519000000.0,168985000000.0,201794000000.0,129134650000.0,38534000000.0,7453000000.0,7429000000.0,758376000000.0,315989000000.0,442387000000.0,56826000000.0,19359000000.0,20935000000.0,76651000000.0,1397000000.0,80876000000.0,337253000000.0,455944000000.0,-118691000000.0,119651000000.0,0,31067000000.0,168825000000.0,207710000000.0,38885000000.0,328265000000.0,117406000000.0,117406000000.0,442387000000.0,304127000000.0,482681000000.0,473454000000.0,182935000000.0,66987000000.0,-115948000000.0,-26445000000.0,-22271000000.0,-52546000000.0,-139500000000.0,-9111000000.0,20935000000.0,30242000000.0,12405000000.0,38534000000.0,14189000000.0,133749000000.0,-4895000000.0,0.0,-3000000000.0,14,39,3,0,0,0,
2026-08-06 13:40:00+00:00,492.9800109863,495.0,492.299987793,493.2550048828,652033,0.0,0.0,MSFT,微软,Microsoft Corporation,USD,13,40,MSFT,480.35,3566861025280,26.790295,20.376884,1.099,0.73,3.64,0.1983,349.2,553.72,223000,59.565,8.0643,0.40305,0.14088,0.34039003,44.668,76842999808,128812998656,331839012864,194237005824,0.67944,0.45111,29.118,1.099,1.23,0.7593,0.00090000004,2.17,7425545491,7414481428,569.5583,870.0,400.0,1.35714,53,331839000000.0,106374000000.0,225465000000.0,155237000000.0,133749000000.0,17.95,18.0,0,34666000000.0,32185000000.0,165934000000.0,207519000000.0,168985000000.0,201794000000.0,129134650000.0,38534000000.0,7453000000.0,7429000000.0,758376000000.0,315989000000.0,442387000000.0,56826000000.0,19359000000.0,20935000000.0,76651000000.0,1397000000.0,80876000000.0,337253000000.0,455944000000.0,-118691000000.0,119651000000.0,0,31067000000.0,168825000000.0,207710000000.0,38885000000.0,328265000000.0,117406000000.0,117406000000.0,442387000000.0,304127000000.0,482681000000.0,473454000000.0,182935000000.0,66987000000.0,-115948000000.0,-26445000000.0,-22271000000.0,-52546000000.0,-139500000000.0,-9111000000.0,20935000000.0,30242000000.0,12405000000.0,38534000000.0,14189000000.0,133749000000.0,-4895000000.0,0.0,-3000000000.0,14,39,3,0,0,0,
2026-08-06 13:45:00+00:00,493.2699890137,494.3800048828,491.6400146484,494.3800048828,481749,0.0,0.0,MSFT,微软,Microsoft Corporation,USD,13,45,MSFT,480.35,3566861025280,26.790295,20.376884,1.099,0.73,3.64,0.1983,349.2,553.72,223000,59.565,8.0643,0.40305,0.14088,0.34039003,44.668,76842999808,128812998656,331839012864,194237005824,0.67944,0.45111,29.118,1.099,1.23,0.7593,0.00090000004,2.17,7425545491,7414481428,569.5583,870.0,400.0,1.35714,53,331839000000.0,106374000000.0,225465000000.0,155237000000.0,133749000000.0,17.95,18.0,0,34666000000.0,32185000000.0,165934000000.0,207519000000.0,168985000000.0,201794000000.0,129134650000.0,38534000000.0,7453000000.0,7429000000.0,758376000000.0,315989000000.0,442387000000.0,56826000000.0,19359000000.0,20935000000.0,76651000000.0,1397000000.0,80876000000.0,337253000000.0,455944000000.0,-118691000000.0,119651000000.0,0,31067000000.0,168825000000.0,207710000000.0,38885000000.0,328265000000.0,117406000000.0,117406000000.0,442387000000.0,304127000000.0,482681000000.0,473454000000.0,182935000000.0,66987000000.0,-115948000000.0,-26445000000.0,-22271000000.0,-52546000000.0,-139500000000.0,-9111000000.0,20935000000.0,30242000000.0,12405000000.0,38534000000.0,14189000000.0,133749000000.0,-4895000000.0,0.0,-3000000000.0,14,39,3,0,0,0,
2026-08-06 13:50:00+00:00,494.299987793,497.2650146484,492.8299865723,496.9400024414,930827,0.0,0.0,MSFT,微软,Microsoft Corporation,USD,13,50,MSFT,480.35,3566861025280,26.790295,20.376884,1.099,0.73,3.64,0.1983,349.2,553.72,223000,59.565,8.0643,0.40305,0.14088,0.34039003,44.668,76842999808,128812998656,331839012864,194237005824,0.67944,0.45111,29.118,1.099,1.23,0.7593,0.00090000004,2.17,7425545491,7414481428,569.5583,870.0,400.0,1.35714,53,331839000000.0,106374000000.0,225465000000.0,155237000000.0,133749000000.0,17.95,18.0,0,34666000000.0,32185000000.0,165934000000.0,207519000000.0,168985000000.0,201794000000.0,129134650000.0,38534000000.0,7453000000.0,7429000000.0,758376000000.0,315989000000.0,442387000000.0,56826000000.0,19359000000.0,20935000000.0,76651000000.0,1397000000.0,80876000000.0,337253000000.0,455944000000.0,-118691000000.0,119651000000.0,0,31067000000.0,168825000000.0,207710000000.0,38885000000.0,328265000000.0,117406000000.0,117406000000.0,442387000000.0,304127000000.0,482681000000.0,473454000000.0,182935000000.0,66987000000.0,-115948000000.0,-26445000000.0,-22271000000.0,-52546000000.0,-139500000000.0,-9111000000.0,20935000000.0,30242000000.0,12405000000.0,38534000000.0,14189000000.0,133749000000.0,-4895000000.0,0.0,-3000000000.0,14,39,3,0,0,0,
2026-08-06 13:55:00+00:00,496.8699951172,497.0199890137,494.6567993164,494.8999938965,400228,0.0,0.0,MSFT,微软,Microsoft Corporation,USD,13,55,MSFT,480.35,3566861025280,26.790295,20.376884,1.099,0.73,3.64,0.1983,349.2,553.72,223000,59.565,8.0643,0.40305,0.14088,0.34039003,44.668,76842999808,128812998656,331839012864,194237005824,0.67944,0.45111,29.118,1.099,1.23,0.7593,0.00090000004,2.17,7425545491,7414481428,569.5583,870.0,400.0,1.35714,53,331839000000.0,106374000000.0,225465000000.0,155237000000.0,133749000000.0,17.95,18.0,0,34666000000.0,32185000000.0,165934000000.0,207519000000.0,168985000000.0,201794000000.0,129134650000.0,38534000000.0,7453000000.0,7429000000.0,758376000000.0,315989000000.0,442387000000.0,56826000000.0,19359000000.0,20935000000.0,76651000000.0,1397000000.0,80876000000.0,337253000000.0,455944000000.0,-118691000000.0,119651000000.0,0,31067000000.0,168825000000.0,207710000000.0,38885000000.0,328265000000.0,117406000000.0,117406000000.0,442387000000.0,304127000000.0,482681000000.0,473454000000.0,182935000000.0,66987000000.0,-115948000000.0,-26445000000.0,-22271000000.0,-52546000000.0,-139500000000.0,-9111000000.0,20935000000.0,30242000000.0,12405000000.0,38534000000.0,14189000000.0,133749000000.0,-4895000000.0,0.0,-3000000000.0,14,39,3,0,0,0,
2026-08-06 14:00:00+00:00,494.8550109863,496.1000061035,493.799987793,494.6050109863,419783,0.0,0.0,MSFT,微软,Microsoft Corporation,USD,14,0,MSFT,480.35,3566861025280,26.790295,20.376884,1.099,0.73,3.64,0.1983,349.2,553.72,223000,59.565,8.0643,0.40305,0.14088,0.34039003,44.668,76842999808,128812998656,331839012864,194237005824,0.67944,0.45111,29.118,1.099,1.23,0.7593,0.00090000004,2.17,7425545491,7414481428,569.5583,870.0,400.0,1.35714,53,331839000000.0,106374000000.0,225465000000.0,155237000000.0,133749000000.0,17.95,18.0,0,34666000000.0,32185000000.0,165934000000.0,207519000000.0,168985000000.0,201794000000.0,129134650000.0,38534000000.0,7453000000.0,7429000000.0,758376000000.0,315989000000.0,442387000000.0,56826000000.0,19359000000.0,20935000000.0,76651000000.0,1397000000.0,80876000000.0,337253000000.0,455944000000.0,-118691000000.0,119651000000.0,0,31067000000.0,168825000000.0,207710000000.0,38885000000.0,328265000000.0,117406000000.0,117406000000.0,442387000000.0,304127000000.0,482681000000.0,473454000000.0,182935000000.0,66987000000.0,-115948000000.0,-26445000000.0,-22271000000.0,-52546000000.0,-139500000000.0,-9111000000.0,20935000000.0,30242000000.0,12405000000.0,38534000000.0,14189000000.0,133749000000.0,-4895000000.0,0.0,-3000000000.0,14,39,3,0,0,0,
2026-08-06 14:05:00+00:00,494.6000061035,495.6499938965,494.1199951172,495.2399902344,339757,0.0,0.0,MSFT,微软,Microsoft Corporation,USD,14,5,MSFT,480.35,3566861025280,26.790295,20.376884,1.099,0.73,3.64,0.1983,349.2,553.72,223000,59.565,8.0643,0.40305,0.14088,0.34039003,44.668,76842999808,128812998656,331839012864,194237005824,0.67944,0.45111,29.118,1.099,1.23,0.7593,0.00090000004,2.17,7425545491,7414481428,569.5583,870.0,400.0,1.35714,53,331839000000.0,106374000000.0,225465000000.0,155237000000.0,133749000000.0,17.95,18.0,0,34666000000.0,32185000000.0,165934000000.0,207519000000.0,168985000000.0,201794000000.0,129134650000.0,38534000000.0,7453000000.0,7429000000.0,758376000000.0,315989000000.0,442387000000.0,56826000000.0,19359000000.0,20935000000.0,76651000000.0,1397000000.0,80876000000.0,337253000000.0,455944000000.0,-118691000000.0,119651000000.0,0,31067000000.0,168825000000.0,207710000000.0,38885000000.0,328265000000.0,117406000000.0,117406000000.0,442387000000.0,304127000000.0,482681000000.0,473454000000.0,182935000000.0,66987000000.0,-115948000000.0,-26445000000.0,-22271000000.0,-52546000000.0,-139500000000.0,-9111000000.0,20935000000.0,30242000000.0,12405000000.0,38534000000.0,14189000000.0,133749000000.0,-4895000000.0,0.0,-3000000000.0,14,39,3,0,0,0,
2026-08-06 14:10:00+00:00,495.2699890137,495.3800048828,493.7399902344,494.7600097656,336615,0.0,0.0,MSFT,微软,Microsoft Corporation,USD,14,10,MSFT,480.35,3566861025280,26.790295,20.376884,1.099,0.73,3.64,0.1983,349.2,553.72,223000,59.565,8.0643,0.40305,0.14088,0.34039003,44.668,76842999808,128812998656,331839012864,194237005824,0.67944,0.45111,29.118,1.099,1.23,0.7593,0.00090000004,2.17,7425545491,7414481428,569.5583,870.0,400.0,1.35714,53,331839000000.0,106374000000.0,225465000000.0,155237000000.0,133749000000.0,17.95,18.0,0,34666000000.0,32185000000.0,165934000000.0,207519000000.0,168985000000.0,201794000000.0,129134650000.0,38534000000.0,7453000000.0,7429000000.0,758376000000.0,315989000000.0,442387000000.0,56826000000.0,19359000000.0,20935000000.0,76651000000.0,1397000000.0,80876000000.0,337253000000.0,455944000000.0,-118691000000.0,119651000000.0,0,31067000000.0,168825000000.0,207710000000.0,38885000000.0,328265000000.0,117406000000.0,117406000000.0,442387000000.0,304127000000.0,482681000000.0,473454000000.0,182935000000.0,66987000000.0,-115948000000.0,-26445000000.0,-22271000000.0,-52546000000.0,-139500000000.0,-9111000000.0,20935000000.0,30242000000.0,12405000000.0,38534000000.0,14189000000.0,133749000000.0,-4895000000.0,0.0,-3000000000.0,14,39,3,0,0,0,
2026-08-06 14:15:00+00:00,494.8200073242,497.5299987793,494.3873901367,497.5299987793,655143,0.0,0.0,MSFT,微软,Microsoft Corporation,USD,14,15,MSFT,480.35,3566861025280,26.790295,20.376884,1.099,0.73,3.64,0.1983,349.2,553.72,223000,59.565,8.0643,0.40305,0.14088,0.34039003,44.668,76842999808,128812998656,331839012864,194237005824,0.67944,0.45111,29.118,1.099,1.23,0.7593,0.00090000004,2.17,7425545491,7414481428,569.5583,870.0,400.0,1.35714,53,331839000000.0,106374000000.0,225465000000.0,155237000000.0,133749000000.0,17.95,18.0,0,34666000000.0,32185000000.0,165934000000.0,207519000000.0,168985000000.0,201794000000.0,129134650000.0,38534000000.0,7453000000.0,7429000000.0,758376000000.0,315989000000.0,442387000000.0,56826000000.0,19359000000.0,20935000000.0,76651000000.0,1397000000.0,80876000000.0,337253000000.0,455944000000.0,-118691000000.0,119651000000.0,0,31067000000.0,168825000000.0,207710000000.0,38885000000.0,328265000000.0,117406000000.0,117406000000.0,442387000000.0,304127000000.0,482681000000.0,473454000000.0,182935000000.0,66987000000.0,-115948000000.0,-26445000000.0,-22271000000.0,-52546000000.0,-139500000000.0,-9111000000.0,20935000000.0,30242000000.0,12405000000.0,38534000000.0,14189000000.0,133749000000.0,-4895000000.0,0.0,-3000000000.0,14,39,3,0,0,0,
2026-08-06 14:20:00+00:00,497.4599914551,498.4800109863,496.0700073242,496.7300109863,618665,0.0,0.0,MSFT,微软,Microsoft Corporation,USD,14,20,MSFT,480.35,3566861025280,26.790295,20.376884,1.099,0.73,3.64,0.1983,349.2,553.72,223000,59.565,8.0643,0.40305,0.14088,0.34039003,44.668,76842999808,128812998656,331839012864,194237005824,0.67944,0.45111,29.118,1.099,1.23,0.7593,0.00090000004,2.17,7425545491,7414481428,569.5583,870.0,400.0,1.35714,53,331839000000.0,106374000000.0,225465000000.0,155237000000.0,133749000000.0,17.95,18.0,0,34666000000.0,32185000000.0,165934000000.0,207519000000.0,168985000000.0,201794000000.0,129134650000.0,38534000000.0,7453000000.0,7429000000.0,758376000000.0,315989000000.0,442387000000.0,56826000000.0,19359000000.0,20935000000.0,76651000000.0,1397000000.0,80876000000.0,337253000000.0,455944000000.0,-118691000000.0,119651000000.0,0,31067000000.0,168825000000.0,207710000000.0,38885000000.0,328265000000.0,117406000000.0,117406000000.0,442387000000.0,304127000000.0,482681000000.0,473454000000.0,182935000000.0,66987000000.0,-115948000000.0,-26445000000.0,-22271000000.0,-52546000000.0,-139500000000.0,-9111000000.0,20935000000.0,30242000000.0,12405000000.0,38534000000.0,14189000000.0,133749000000.0,-4895000000.0,0.0,-3000000000.0,14,39,3,0,0,0,
2026-08-06 14:25:00+00:00,496.6099853516,497.3299865723,496.1000061035,496.5899963379,418927,0.0,0.0,MSFT,微软,Microsoft Corporation,USD,14,25,MSFT,480.35,3566861025280,26.790295,20.376884,1.099,0.73,3.64,0.1983,349.2,553.72,223000,59.565,8.0643,0.40305,0.14088,0.34039003,44.668,76842999808,128812998656,331839012864,194237005824,0.67944,0.45111,29.118,1.099,1.23,0.7593,0.00090000004,2.17,7425545491,7414481428,569.5583,870.0,400.0,1.35714,53,331839000000.0,106374000000.0,225465000000.0,155237000000.0,133749000000.0,17.95,18.0,0,34666000000.0,32185000000.0,165934000000.0,207519000000.0,168985000000.0,201794000000.0,129134650000.0,38534000000.0,7453000000.0,7429000000.0,758376000000.0,315989000000.0,442387000000.0,56826000000.0,19359000000.0,20935000000.0,76651000000.0,1397000000.0,80876000000.0,337253000000.0,455944000000.0,-118691000000.0,119651000000.0,0,31067000000.0,168825000000.0,207710000000.0,38885000000.0,328265000000.0,117406000000.0,117406000000.0,442387000000.0,304127000000.0,482681000000.0,473454000000.0,182935000000.0,66987000000.0,-115948000000.0,-26445000000.0,-22271000000.0,-52546000000.0,-139500000000.0,-9111000000.0,20935000000.0,30242000000.0,12405000000.0,38534000000.0,14189000000.0,133749000000.0,-4895000000.0,0.0,-3000000000.0,14,39,3,0,0,0,
2026-08-06 14:30:00+00:00,496.5101013184,496.8299865723,495.0400085449,495.5199890137,295605,0.0,0.0,MSFT,微软,Microsoft Corporation,USD,14,30,MSFT,480.35,3566861025280,26.790295,20.376884,1.099,0.73,3.64,0.1983,349.2,553.72,223000,59.565,8.0643,0.40305,0.14088,0.34039003,44.668,76842999808,128812998656,331839012864,194237005824,0.67944,0.45111,29.118,1.099,1.23,0.7593,0.00090000004,2.17,7425545491,7414481428,569.5583,870.0,400.0,1.35714,53,331839000000.0,106374000000.0,225465000000.0,155237000000.0,133749000000.0,17.95,18.0,0,34666000000.0,32185000000.0,165934000000.0,207519000000.0,168985000000.0,201794000000.0,129134650000.0,38534000000.0,7453000000.0,7429000000.0,758376000000.0,315989000000.0,442387000000.0,56826000000.0,19359000000.0,20935000000.0,76651000000.0,1397000000.0,80876000000.0,337253000000.0,455944000000.0,-118691000000.0,119651000000.0,0,31067000000.0,168825000000.0,207710000000.0,38885000000.0,328265000000.0,117406000000.0,117406000000.0,442387000000.0,304127000000.0,482681000000.0,473454000000.0,182935000000.0,66987000000.0,-115948000000.0,-26445000000.0,-22271000000.0,-52546000000.0,-139500000000.0,-9111000000.0,20935000000.0,30242000000.0,12405000000.0,38534000000.0,14189000000.0,133749000000.0,-4895000000.0,0.0,-3000000000.0,14,39,3,0,0,0,
2026-08-06 14:35:00+00:00,495.5199890137,496.450012207,494.7399902344,495.5599975586,347180,0.0,0.0,MSFT,微软,Microsoft Corporation,USD,14,35,MSFT,480.35,3566861025280,26.790295,20.376884,1.099,0.73,3.64,0.1983,349.2,553.72,223000,59.565,8.0643,0.40305,0.14088,0.34039003,44.668,76842999808,128812998656,331839012864,194237005824,0.67944,0.45111,29.118,1.099,1.23,0.7593,0.00090000004,2.17,7425545491,7414481428,569.5583,870.0,400.0,1.35714,53,331839000000.0,106374000000.0,225465000000.0,155237000000.0,133749000000.0,17.95,18.0,0,34666000000.0,32185000000.0,165934000000.0,207519000000.0,168985000000.0,201794000000.0,129134650000.0,38534000000.0,7453000000.0,7429000000.0,758376000000.0,315989000000.0,442387000000.0,56826000000.0,19359000000.0,20935000000.0,76651000000.0,1397000000.0,80876000000.0,337253000000.0,455944000000.0,-118691000000.0,119651000000.0,0,31067000000.0,168825000000.0,207710000000.0,38885000000.0,328265000000.0,117406000000.0,117406000000.0,442387000000.0,304127000000.0,482681000000.0,473454000000.0,182935000000.0,66987000000.0,-115948000000.0,-26445000000.0,-22271000000.0,-52546000000.0,-139500000000.0,-9111000000.0,20935000000.0,30242000000.0,12405000000.0,38534000000.0,14189000000.0,133749000000.0,-4895000000.0,0.0,-3000000000.0,14,39,3,0,0,0,
2026-08-06 14:40:00+00:00,495.575012207,497.9525146484,495.5599975586,497.7399902344,459262,0.0,0.0,MSFT,微软,Microsoft Corporation,USD,14,40,MSFT,480.35,3566861025280,26.790295,20.376884,1.099,0.73,3.64,0.1983,349.2,553.72,223000,59.565,8.0643,0.40305,0.14088,0.34039003,44.668,76842999808,128812998656,331839012864,194237005824,0.67944,0.45111,29.118,1.099,1.23,0.7593,0.00090000004,2.17,7425545491,7414481428,569.5583,870.0,400.0,1.35714,53,331839000000.0,106374000000.0,225465000000.0,155237000000.0,133749000000.0,17.95,18.0,0,34666000000.0,32185000000.0,165934000000.0,207519000000.0,168985000000.0,201794000000.0,129134650000.0,38534000000.0,7453000000.0,7429000000.0,758376000000.0,315989000000.0,442387000000.0,56826000000.0,19359000000.0,20935000000.0,76651000000.0,1397000000.0,80876000000.0,337253000000.0,455944000000.0,-118691000000.0,119651000000.0,0,31067000000.0,168825000000.0,207710000000.0,38885000000.0,328265000000.0,117406000000.0,117406000000.0,442387000000.0,304127000000.0,482681000000.0,473454000000.0,182935000000.0,66987000000.0,-115948000000.0,-26445000000.0,-22271000000.0,-52546000000.0,-139500000000.0,-9111000000.0,20935000000.0,30242000000.0,12405000000.0,38534000000.0,14189000000.0,133749000000.0,-4895000000.0,0.0,-3000000000.0,14,39,3,0,0,0,
2026-08-06 14:45:00+00:00,497.8399963379,498.1799926758,497.1499938965,497.7099914551,303106,0.0,0.0,MSFT,微软,Microsoft Corporation,USD,14,45,MSFT,480.35,3566861025280,26.790295,20.376884,1.099,0.73,3.64,0.1983,349.2,553.72,223000,59.565,8.0643,0.40305,0.14088,0.34039003,44.668,76842999808,128812998656,331839012864,194237005824,0.67944,0.45111,29.118,1.099,1.23,0.7593,0.00090000004,2.17,7425545491,7414481428,569.5583,870.0,400.0,1.35714,53,331839000000.0,106374000000.0,225465000000.0,155237000000.0,133749000000.0,17.95,18.0,0,34666000000.0,32185000000.0,165934000000.0,207519000000.0,168985000000.0,201794000000.0,129134650000.0,38534000000.0,7453000000.0,7429000000.0,758376000000.0,315989000000.0,442387000000.0,56826000000.0,19359000000.0,20935000000.0,76651000000.0,1397000000.0,80876000000.0,337253000000.0,455944000000.0,-118691000000.0,119651000000.0,0,31067000000.0,168825000000.0,207710000000.0,38885000000.0,328265000000.0,117406000000.0,117406000000.0,442387000000.0,304127000000.0,482681000000.0,473454000000.0,182935000000.0,66987000000.0,-115948000000.0,-26445000000.0,-22271000000.0,-52546000000.0,-139500000000.0,-9111000000.0,20935000000.0,30242000000.0,12405000000.0,38534000000.0,14189000000.0,133749000000.0,-4895000000.0,0.0,-3000000000.0,14,39,3,0,0,0,
2026-08-06 14:50:00+00:00,497.7099914551,497.8299865723,496.6400146484,497.1050109863,247158,0.0,0.0,MSFT,微软,Microsoft Corporation,USD,14,50,MSFT,480.35,3566861025280,26.790295,20.376884,1.099,0.73,3.64,0.1983,349.2,553.72,223000,59.565,8.0643,0.40305,0.14088,0.34039003,44.668,76842999808,128812998656,331839012864,194237005824,0.67944,0.45111,29.118,1.099,1.23,0.7593,0.00090000004,2.17,7425545491,7414481428,569.5583,870.0,400.0,1.35714,53,331839000000.0,106374000000.0,225465000000.0,155237000000.0,133749000000.0,17.95,18.0,0,34666000000.0,32185000000.0,165934000000.0,207519000000.0,168985000000.0,201794000000.0,129134650000.0,38534000000.0,7453000000.0,7429000000.0,758376000000.0,315989000000.0,442387000000.0,56826000000.0,19359000000.0,20935000000.0,76651000000.0,1397000000.0,80876000000.0,337253000000.0,455944000000.0,-118691000000.0,119651000000.0,0,31067000000.0,168825000000.0,207710000000.0,38885000000.0,328265000000.0,117406000000.0,117406000000.0,442387000000.0,304127000000.0,482681000000.0,473454000000.0,182935000000.0,66987000000.0,-115948000000.0,-26445000000.0,-22271000000.0,-52546000000.0,-139500000000.0,-9111000000.0,20935000000.0,30242000000.0,12405000000.0,38534000000.0,14189000000.0,133749000000.0,-4895000000.0,0.0,-3000000000.0,14,39,3,0,0,0,
2026-08-06 14:55:00+00:00,497.1099853516,498.4299926758,497.1000061035,498.3200073242,513224,0.0,0.0,MSFT,微软,Microsoft Corporation,USD,14,55,MSFT,480.35,3566861025280,26.790295,20.376884,1.099,0.73,3.64,0.1983,349.2,553.72,223000,59.565,8.0643,0.40305,0.14088,0.34039003,44.668,76842999808,128812998656,331839012864,194237005824,0.67944,0.45111,29.118,1.099,1.23,0.7593,0.00090000004,2.17,7425545491,7414481428,569.5583,870.0,400.0,1.35714,53,331839000000.0,106374000000.0,225465000000.0,155237000000.0,133749000000.0,17.95,18.0,0,34666000000.0,32185000000.0,165934000000.0,207519000000.0,168985000000.0,201794000000.0,129134650000.0,38534000000.0,7453000000.0,7429000000.0,758376000000.0,315989000000.0,442387000000.0,56826000000.0,19359000000.0,20935000000.0,76651000000.0,1397000000.0,80876000000.0,337253000000.0,455944000000.0,-118691000000.0,119651000000.0,0,31067000000.0,168825000000.0,207710000000.0,38885000000.0,328265000000.0,117406000000.0,117406000000.0,442387000000.0,304127000000.0,482681000000.0,473454000000.0,182935000000.0,66987000000.0,-115948000000.0,-26445000000.0,-22271000000.0,-52546000000.0,-139500000000.0,-9111000000.0,20935000000.0,30242000000.0,12405000000.0,38534000000.0,14189000000.0,133749000000.0,-4895000000.0,0.0,-3000000000.0,14,39,3,0,0,0,
2026-08-06 15:00:00+00:00,498.3999938965,498.5899963379,497.2799987793,498.0799865723,553082,0.0,0.0,MSFT,微软,Microsoft Corporation,USD,15,0,MSFT,480.35,3566861025280,26.790295,20.376884,1.099,0.73,3.64,0.1983,349.2,553.72,223000,59.565,8.0643,0.40305,0.14088,0.34039003,44.668,76842999808,128812998656,331839012864,194237005824,0.67944,0.45111,29.118,1.099,1.23,0.7593,0.00090000004,2.17,7425545491,7414481428,569.5583,870.0,400.0,1.35714,53,331839000000.0,106374000000.0,225465000000.0,155237000000.0,133749000000.0,17.95,18.0,0,34666000000.0,32185000000.0,165934000000.0,207519000000.0,168985000000.0,201794000000.0,129134650000.0,38534000000.0,7453000000.0,7429000000.0,758376000000.0,315989000000.0,442387000000.0,56826000000.0,19359000000.0,20935000000.0,76651000000.0,1397000000.0,80876000000.0,337253000000.0,455944000000.0,-118691000000.0,119651000000.0,0,31067000000.0,168825000000.0,207710000000.0,38885000000.0,328265000000.0,117406000000.0,117406000000.0,442387000000.0,304127000000.0,482681000000.0,473454000000.0,182935000000.0,66987000000.0,-115948000000.0,-26445000000.0,-22271000000.0,-52546000000.0,-139500000000.0,-9111000000.0,20935000000.0,30242000000.0,12405000000.0,38534000000.0,14189000000.0,133749000000.0,-4895000000.0,0.0,-3000000000.0,14,39,3,0,0,0,
2026-08-06 15:05:00+00:00,498.0599975586,498.9700012207,496.8800048828,497.6900024414,430841,0.0,0.0,MSFT,微软,Microsoft Corporation,USD,15,5,MSFT,480.35,3566861025280,26.790295,20.376884,1.099,0.73,3.64,0.1983,349.2,553.72,223000,59.565,8.0643,0.40305,0.14088,0.34039003,44.668,76842999808,128812998656,331839012864,194237005824,0.67944,0.45111,29.118,1.099,1.23,0.7593,0.00090000004,2.17,7425545491,7414481428,569.5583,870.0,400.0,1.35714,53,331839000000.0,106374000000.0,225465000000.0,155237000000.0,133749000000.0,17.95,18.0,0,34666000000.0,32185000000.0,165934000000.0,207519000000.0,168985000000.0,201794000000.0,129134650000.0,38534000000.0,7453000000.0,7429000000.0,758376000000.0,315989000000.0,442387000000.0,56826000000.0,19359000000.0,20935000000.0,76651000000.0,1397000000.0,80876000000.0,337253000000.0,455944000000.0,-118691000000.0,119651000000.0,0,31067000000.0,168825000000.0,207710000000.0,38885000000.0,328265000000.0,117406000000.0,117406000000.0,442387000000.0,304127000000.0,482681000000.0,473454000000.0,182935000000.0,66987000000.0,-115948000000.0,-26445000000.0,-22271000000.0,-52546000000.0,-139500000000.0,-9111000000.0,20935000000.0,30242000000.0,12405000000.0,38534000000.0,14189000000.0,133749000000.0,-4895000000.0,0.0,-3000000000.0,14,39,3,0,0,0,
2026-08-06 15:10:00+00:00,497.674987793,497.7200012207,496.0,496.0799865723,217119,0.0,0.0,MSFT,微软,Microsoft Corporation,USD,15,10,MSFT,480.35,3566861025280,26.790295,20.376884,1.099,0.73,3.64,0.1983,349.2,553.72,223000,59.565,8.0643,0.40305,0.14088,0.34039003,44.668,76842999808,128812998656,331839012864,194237005824,0.67944,0.45111,29.118,1.099,1.23,0.7593,0.00090000004,2.17,7425545491,7414481428,569.5583,870.0,400.0,1.35714,53,331839000000.0,106374000000.0,225465000000.0,155237000000.0,133749000000.0,17.95,18.0,0,34666000000.0,32185000000.0,165934000000.0,207519000000.0,168985000000.0,201794000000.0,129134650000.0,38534000000.0,7453000000.0,7429000000.0,758376000000.0,315989000000.0,442387000000.0,56826000000.0,19359000000.0,20935000000.0,76651000000.0,1397000000.0,80876000000.0,337253000000.0,455944000000.0,-118691000000.0,119651000000.0,0,31067000000.0,168825000000.0,207710000000.0,38885000000.0,328265000000.0,117406000000.0,117406000000.0,442387000000.0,304127000000.0,482681000000.0,473454000000.0,182935000000.0,66987000000.0,-115948000000.0,-26445000000.0,-22271000000.0,-52546000000.0,-139500000000.0,-9111000000.0,20935000000.0,30242000000.0,12405000000.0,38534000000.0,14189000000.0,133749000000.0,-4895000000.0,0.0,-3000000000.0,14,39,3,0,0,0,
2026-08-06 15:15:00+00:00,496.049987793,496.5700073242,494.75,494.7900085449,288279,0.0,0.0,MSFT,微软,Microsoft Corporation,USD,15,15,MSFT,480.35,3566861025280,26.790295,20.376884,1.099,0.73,3.64,0.1983,349.2,553.72,223000,59.565,8.0643,0.40305,0.14088,0.34039003,44.668,76842999808,128812998656,331839012864,194237005824,0.67944,0.45111,29.118,1.099,1.23,0.7593,0.00090000004,2.17,7425545491,7414481428,569.5583,870.0,400.0,1.35714,53,331839000000.0,106374000000.0,225465000000.0,155237000000.0,133749000000.0,17.95,18.0,0,34666000000.0,32185000000.0,165934000000.0,207519000000.0,168985000000.0,201794000000.0,129134650000.0,38534000000.0,7453000000.0,7429000000.0,758376000000.0,315989000000.0,442387000000.0,56826000000.0,19359000000.0,20935000000.0,76651000000.0,1397000000.0,80876000000.0,337253000000.0,455944000000.0,-118691000000.0,119651000000.0,0,31067000000.0,168825000000.0,207710000000.0,38885000000.0,328265000000.0,117406000000.0,117406000000.0,442387000000.0,304127000000.0,482681000000.0,473454000000.0,182935000000.0,66987000000.0,-115948000000.0,-26445000000.0,-22271000000.0,-52546000000.0,-139500000000.0,-9111000000.0,20935000000.0,30242000000.0,12405000000.0,38534000000.0,14189000000.0,133749000000.0,-4895000000.0,0.0,-3000000000.0,14,39,3,0,0,0,
2026-08-06 15:20:00+00:00,494.75,495.8900146484,494.6000976562,495.8049926758,268239,0.0,0.0,MSFT,微软,Microsoft Corporation,USD,15,20,MSFT,480.35,3566861025280,26.790295,20.376884,1.099,0.73,3.64,0.1983,349.2,553.72,223000,59.565,8.0643,0.40305,0.14088,0.34039003,44.668,76842999808,128812998656,331839012864,194237005824,0.67944,0.45111,29.118,1.099,1.23,0.7593,0.00090000004,2.17,7425545491,7414481428,569.5583,870.0,400.0,1.35714,53,331839000000.0,106374000000.0,225465000000.0,155237000000.0,133749000000.0,17.95,18.0,0,34666000000.0,32185000000.0,165934000000.0,207519000000.0,168985000000.0,201794000000.0,129134650000.0,38534000000.0,7453000000.0,7429000000.0,758376000000.0,315989000000.0,442387000000.0,56826000000.0,19359000000.0,20935000000.0,76651000000.0,1397000000.0,80876000000.0,337253000000.0,455944000000.0,-118691000000.0,119651000000.0,0,31067000000.0,168825000000.0,207710000000.0,38885000000.0,328265000000.0,117406000000.0,117406000000.0,442387000000.0,304127000000.0,482681000000.0,473454000000.0,182935000000.0,66987000000.0,-115948000000.0,-26445000000.0,-22271000000.0,-52546000000.0,-139500000000.0,-9111000000.0,20935000000.0,30242000000.0,12405000000.0,38534000000.0,14189000000.0,133749000000.0,-4895000000.0,0.0,-3000000000.0,14,39,3,0,0,0,
2026-08-06 15:25:00+00:00,495.799987793,496.4700012207,495.4700012207,496.4700012207,263897,0.0,0.0,MSFT,微软,Microsoft Corporation,USD,15,25,MSFT,480.35,3566861025280,26.790295,20.376884,1.099,0.73,3.64,0.1983,349.2,553.72,223000,59.565,8.0643,0.40305,0.14088,0.34039003,44.668,76842999808,128812998656,331839012864,194237005824,0.67944,0.45111,29.118,1.099,1.23,0.7593,0.00090000004,2.17,7425545491,7414481428,569.5583,870.0,400.0,1.35714,53,331839000000.0,106374000000.0,225465000000.0,155237000000.0,133749000000.0,17.95,18.0,0,34666000000.0,32185000000.0,165934000000.0,207519000000.0,168985000000.0,201794000000.0,129134650000.0,38534000000.0,7453000000.0,7429000000.0,758376000000.0,315989000000.0,442387000000.0,56826000000.0,19359000000.0,20935000000.0,76651000000.0,1397000000.0,80876000000.0,337253000000.0,455944000000.0,-118691000000.0,119651000000.0,0,31067000000.0,168825000000.0,207710000000.0,38885000000.0,328265000000.0,117406000000.0,117406000000.0,442387000000.0,304127000000.0,482681000000.0,473454000000.0,182935000000.0,66987000000.0,-115948000000.0,-26445000000.0,-22271000000.0,-52546000000.0,-139500000000.0,-9111000000.0,20935000000.0,30242000000.0,12405000000.0,38534000000.0,14189000000.0,133749000000.0,-4895000000.0,0.0,-3000000000.0,14,39,3,0,0,0,
2026-08-06 15:30:00+00:00,496.4700012207,496.6799926758,495.9599914551,496.2399902344,186666,0.0,0.0,MSFT,微软,Microsoft Corporation,USD,15,30,MSFT,480.35,3566861025280,26.790295,20.376884,1.099,0.73,3.64,0.1983,349.2,553.72,223000,59.565,8.0643,0.40305,0.14088,0.34039003,44.668,76842999808,128812998656,331839012864,194237005824,0.67944,0.45111,29.118,1.099,1.23,0.7593,0.00090000004,2.17,7425545491,7414481428,569.5583,870.0,400.0,1.35714,53,331839000000.0,106374000000.0,225465000000.0,155237000000.0,133749000000.0,17.95,18.0,0,34666000000.0,32185000000.0,165934000000.0,207519000000.0,168985000000.0,201794000000.0,129134650000.0,38534000000.0,7453000000.0,7429000000.0,758376000000.0,315989000000.0,442387000000.0,56826000000.0,19359000000.0,20935000000.0,76651000000.0,1397000000.0,80876000000.0,337253000000.0,455944000000.0,-118691000000.0,119651000000.0,0,31067000000.0,168825000000.0,207710000000.0,38885000000.0,328265000000.0,117406000000.0,117406000000.0,442387000000.0,304127000000.0,482681000000.0,473454000000.0,182935000000.0,66987000000.0,-115948000000.0,-26445000000.0,-22271000000.0,-52546000000.0,-139500000000.0,-9111000000.0,20935000000.0,30242000000.0,12405000000.0,38534000000.0,14189000000.0,133749000000.0,-4895000000.0,0.0,-3000000000.0,14,39,3,0,0,0,
2026-08-06 15:35:00+00:00,496.2399902344,496.7600097656,496.0409851074,496.4800109863,165837,0.0,0.0,MSFT,微软,Microsoft Corporation,USD,15,35,MSFT,480.35,3566861025280,26.790295,20.376884,1.099,0.73,3.64,0.1983,349.2,553.72,223000,59.565,8.0643,0.40305,0.14088,0.34039003,44.668,76842999808,128812998656,331839012864,194237005824,0.67944,0.45111,29.118,1.099,1.23,0.7593,0.00090000004,2.17,7425545491,7414481428,569.5583,870.0,400.0,1.35714,53,331839000000.0,106374000000.0,225465000000.0,155237000000.0,133749000000.0,17.95,18.0,0,34666000000.0,32185000000.0,165934000000.0,207519000000.0,168985000000.0,201794000000.0,129134650000.0,38534000000.0,7453000000.0,7429000000.0,758376000000.0,315989000000.0,442387000000.0,56826000000.0,19359000000.0,20935000000.0,76651000000.0,1397000000.0,80876000000.0,337253000000.0,455944000000.0,-118691000000.0,119651000000.0,0,31067000000.0,168825000000.0,207710000000.0,38885000000.0,328265000000.0,117406000000.0,117406000000.0,442387000000.0,304127000000.0,482681000000.0,473454000000.0,182935000000.0,66987000000.0,-115948000000.0,-26445000000.0,-22271000000.0,-52546000000.0,-139500000000.0,-9111000000.0,20935000000.0,30242000000.0,12405000000.0,38534000000.0,14189000000.0,133749000000.0,-4895000000.0,0.0,-3000000000.0,14,39,3,0,0,0,
2026-08-06 15:40:00+00:00,496.424987793,496.5199890137,495.6799926758,495.9200134277,171422,0.0,0.0,MSFT,微软,Microsoft Corporation,USD,15,40,MSFT,480.35,3566861025280,26.790295,20.376884,1.099,0.73,3.64,0.1983,349.2,553.72,223000,59.565,8.0643,0.40305,0.14088,0.34039003,44.668,76842999808,128812998656,331839012864,194237005824,0.67944,0.45111,29.118,1.099,1.23,0.7593,0.00090000004,2.17,7425545491,7414481428,569.5583,870.0,400.0,1.35714,53,331839000000.0,106374000000.0,225465000000.0,155237000000.0,133749000000.0,17.95,18.0,0,34666000000.0,32185000000.0,165934000000.0,207519000000.0,168985000000.0,201794000000.0,129134650000.0,38534000000.0,7453000000.0,7429000000.0,758376000000.0,315989000000.0,442387000000.0,56826000000.0,19359000000.0,20935000000.0,76651000000.0,1397000000.0,80876000000.0,337253000000.0,455944000000.0,-118691000000.0,119651000000.0,0,31067000000.0,168825000000.0,207710000000.0,38885000000.0,328265000000.0,117406000000.0,117406000000.0,442387000000.0,304127000000.0,482681000000.0,473454000000.0,182935000000.0,66987000000.0,-115948000000.0,-26445000000.0,-22271000000.0,-52546000000.0,-139500000000.0,-9111000000.0,20935000000.0,30242000000.0,12405000000.0,38534000000.0,14189000000.0,133749000000.0,-4895000000.0,0.0,-3000000000.0,14,39,3,0,0,0,
2026-08-06 15:45:00+00:00,495.8800048828,496.4099121094,495.6600036621,495.7515869141,157606,0.0,0.0,MSFT,微软,Microsoft Corporation,USD,15,45,MSFT,480.35,3566861025280,26.790295,20.376884,1.099,0.73,3.64,0.1983,349.2,553.72,223000,59.565,8.0643,0.40305,0.14088,0.34039003,44.668,76842999808,128812998656,331839012864,194237005824,0.67944,0.45111,29.118,1.099,1.23,0.7593,0.00090000004,2.17,7425545491,7414481428,569.5583,870.0,400.0,1.35714,53,331839000000.0,106374000000.0,225465000000.0,155237000000.0,133749000000.0,17.95,18.0,0,34666000000.0,32185000000.0,165934000000.0,207519000000.0,168985000000.0,201794000000.0,129134650000.0,38534000000.0,7453000000.0,7429000000.0,758376000000.0,315989000000.0,442387000000.0,56826000000.0,19359000000.0,20935000000.0,76651000000.0,1397000000.0,80876000000.0,337253000000.0,455944000000.0,-118691000000.0,119651000000.0,0,31067000000.0,168825000000.0,207710000000.0,38885000000.0,328265000000.0,117406000000.0,117406000000.0,442387000000.0,304127000000.0,482681000000.0,473454000000.0,182935000000.0,66987000000.0,-115948000000.0,-26445000000.0,-22271000000.0,-52546000000.0,-139500000000.0,-9111000000.0,20935000000.0,30242000000.0,12405000000.0,38534000000.0,14189000000.0,133749000000.0,-4895000000.0,0.0,-3000000000.0,14,39,3,0,0,0,
2026-08-06 15:50:00+00:00,495.7300109863,496.0400085449,494.6199951172,495.0,191949,0.0,0.0,MSFT,微软,Microsoft Corporation,USD,15,50,MSFT,480.35,3566861025280,26.790295,20.376884,1.099,0.73,3.64,0.1983,349.2,553.72,223000,59.565,8.0643,0.40305,0.14088,0.34039003,44.668,76842999808,128812998656,331839012864,194237005824,0.67944,0.45111,29.118,1.099,1.23,0.7593,0.00090000004,2.17,7425545491,7414481428,569.5583,870.0,400.0,1.35714,53,331839000000.0,106374000000.0,225465000000.0,155237000000.0,133749000000.0,17.95,18.0,0,34666000000.0,32185000000.0,165934000000.0,207519000000.0,168985000000.0,201794000000.0,129134650000.0,38534000000.0,7453000000.0,7429000000.0,758376000000.0,315989000000.0,442387000000.0,56826000000.0,19359000000.0,20935000000.0,76651000000.0,1397000000.0,80876000000.0,337253000000.0,455944000000.0,-118691000000.0,119651000000.0,0,31067000000.0,168825000000.0,207710000000.0,38885000000.0,328265000000.0,117406000000.0,117406000000.0,442387000000.0,304127000000.0,482681000000.0,473454000000.0,182935000000.0,66987000000.0,-115948000000.0,-26445000000.0,-22271000000.0,-52546000000.0,-139500000000.0,-9111000000.0,20935000000.0,30242000000.0,12405000000.0,38534000000.0,14189000000.0,133749000000.0,-4895000000.0,0.0,-3000000000.0,14,39,3,0,0,0,
2026-08-06 15:55:00+00:00,495.0100097656,495.7200012207,494.9700012207,495.5400085449,164820,0.0,0.0,MSFT,微软,Microsoft Corporation,USD,15,55,MSFT,480.35,3566861025280,26.790295,20.376884,1.099,0.73,3.64,0.1983,349.2,553.72,223000,59.565,8.0643,0.40305,0.14088,0.34039003,44.668,76842999808,128812998656,331839012864,194237005824,0.67944,0.45111,29.118,1.099,1.23,0.7593,0.00090000004,2.17,7425545491,7414481428,569.5583,870.0,400.0,1.35714,53,331839000000.0,106374000000.0,225465000000.0,155237000000.0,133749000000.0,17.95,18.0,0,34666000000.0,32185000000.0,165934000000.0,207519000000.0,168985000000.0,201794000000.0,129134650000.0,38534000000.0,7453000000.0,7429000000.0,758376000000.0,315989000000.0,442387000000.0,56826000000.0,19359000000.0,20935000000.0,76651000000.0,1397000000.0,80876000000.0,337253000000.0,455944000000.0,-118691000000.0,119651000000.0,0,31067000000.0,168825000000.0,207710000000.0,38885000000.0,328265000000.0,117406000000.0,117406000000.0,442387000000.0,304127000000.0,482681000000.0,473454000000.0,182935000000.0,66987000000.0,-115948000000.0,-26445000000.0,-22271000000.0,-52546000000.0,-139500000000.0,-9111000000.0,20935000000.0,30242000000.0,12405000000.0,38534000000.0,14189000000.0,133749000000.0,-4895000000.0,0.0,-3000000000.0,14,39,3,0,0,0,
2026-08-06 16:00:00+00:00,495.5400085449,495.6300048828,494.8099975586,495.450012207,141258,0.0,0.0,MSFT,微软,Microsoft Corporation,USD,16,0,MSFT,480.35,3566861025280,26.790295,20.376884,1.099,0.73,3.64,0.1983,349.2,553.72,223000,59.565,8.0643,0.40305,0.14088,0.34039003,44.668,76842999808,128812998656,331839012864,194237005824,0.67944,0.45111,29.118,1.099,1.23,0.7593,0.00090000004,2.17,7425545491,7414481428,569.5583,870.0,400.0,1.35714,53,331839000000.0,106374000000.0,225465000000.0,155237000000.0,133749000000.0,17.95,18.0,0,34666000000.0,32185000000.0,165934000000.0,207519000000.0,168985000000.0,201794000000.0,129134650000.0,38534000000.0,7453000000.0,7429000000.0,758376000000.0,315989000000.0,442387000000.0,56826000000.0,19359000000.0,20935000000.0,76651000000.0,1397000000.0,80876000000.0,337253000000.0,455944000000.0,-118691000000.0,119651000000.0,0,31067000000.0,168825000000.0,207710000000.0,38885000000.0,328265000000.0,117406000000.0,117406000000.0,442387000000.0,304127000000.0,482681000000.0,473454000000.0,182935000000.0,66987000000.0,-115948000000.0,-26445000000.0,-22271000000.0,-52546000000.0,-139500000000.0,-9111000000.0,20935000000.0,30242000000.0,12405000000.0,38534000000.0,14189000000.0,133749000000.0,-4895000000.0,0.0,-3000000000.0,14,39,3,0,0,0,
2026-08-06 16:05:00+00:00,495.4649963379,495.75,495.049987793,495.6099853516,125296,0.0,0.0,MSFT,微软,Microsoft Corporation,USD,16,5,MSFT,480.35,3566861025280,26.790295,20.376884,1.099,0.73,3.64,0.1983,349.2,553.72,223000,59.565,8.0643,0.40305,0.14088,0.34039003,44.668,76842999808,128812998656,331839012864,194237005824,0.67944,0.45111,29.118,1.099,1.23,0.7593,0.00090000004,2.17,7425545491,7414481428,569.5583,870.0,400.0,1.35714,53,331839000000.0,106374000000.0,225465000000.0,155237000000.0,133749000000.0,17.95,18.0,0,34666000000.0,32185000000.0,165934000000.0,207519000000.0,168985000000.0,201794000000.0,129134650000.0,38534000000.0,7453000000.0,7429000000.0,758376000000.0,315989000000.0,442387000000.0,56826000000.0,19359000000.0,20935000000.0,76651000000.0,1397000000.0,80876000000.0,337253000000.0,455944000000.0,-118691000000.0,119651000000.0,0,31067000000.0,168825000000.0,207710000000.0,38885000000.0,328265000000.0,117406000000.0,117406000000.0,442387000000.0,304127000000.0,482681000000.0,473454000000.0,182935000000.0,66987000000.0,-115948000000.0,-26445000000.0,-22271000000.0,-52546000000.0,-139500000000.0,-9111000000.0,20935000000.0,30242000000.0,12405000000.0,38534000000.0,14189000000.0,133749000000.0,-4895000000.0,0.0,-3000000000.0,14,39,3,0,0,0,
2026-08-06 16:10:00+00:00,495.6300048828,495.6499938965,494.4200134277,494.8699951172,123837,0.0,0.0,MSFT,微软,Microsoft Corporation,USD,16,10,MSFT,480.35,3566861025280,26.790295,20.376884,1.099,0.73,3.64,0.1983,349.2,553.72,223000,59.565,8.0643,0.40305,0.14088,0.34039003,44.668,76842999808,128812998656,331839012864,194237005824,0.67944,0.45111,29.118,1.099,1.23,0.7593,0.00090000004,2.17,7425545491,7414481428,569.5583,870.0,400.0,1.35714,53,331839000000.0,106374000000.0,225465000000.0,155237000000.0,133749000000.0,17.95,18.0,0,34666000000.0,32185000000.0,165934000000.0,207519000000.0,168985000000.0,201794000000.0,129134650000.0,38534000000.0,7453000000.0,7429000000.0,758376000000.0,315989000000.0,442387000000.0,56826000000.0,19359000000.0,20935000000.0,76651000000.0,1397000000.0,80876000000.0,337253000000.0,455944000000.0,-118691000000.0,119651000000.0,0,31067000000.0,168825000000.0,207710000000.0,38885000000.0,328265000000.0,117406000000.0,117406000000.0,442387000000.0,304127000000.0,482681000000.0,473454000000.0,182935000000.0,66987000000.0,-115948000000.0,-26445000000.0,-22271000000.0,-52546000000.0,-139500000000.0,-9111000000.0,20935000000.0,30242000000.0,12405000000.0,38534000000.0,14189000000.0,133749000000.0,-4895000000.0,0.0,-3000000000.0,14,39,3,0,0,0,
2026-08-06 16:15:00+00:00,494.8699951172,495.3699951172,494.5199890137,494.9208068848,142317,0.0,0.0,MSFT,微软,Microsoft Corporation,USD,16,15,MSFT,480.35,3566861025280,26.790295,20.376884,1.099,0.73,3.64,0.1983,349.2,553.72,223000,59.565,8.0643,0.40305,0.14088,0.34039003,44.668,76842999808,128812998656,331839012864,194237005824,0.67944,0.45111,29.118,1.099,1.23,0.7593,0.00090000004,2.17,7425545491,7414481428,569.5583,870.0,400.0,1.35714,53,331839000000.0,106374000000.0,225465000000.0,155237000000.0,133749000000.0,17.95,18.0,0,34666000000.0,32185000000.0,165934000000.0,207519000000.0,168985000000.0,201794000000.0,129134650000.0,38534000000.0,7453000000.0,7429000000.0,758376000000.0,315989000000.0,442387000000.0,56826000000.0,19359000000.0,20935000000.0,76651000000.0,1397000000.0,80876000000.0,337253000000.0,455944000000.0,-118691000000.0,119651000000.0,0,31067000000.0,168825000000.0,207710000000.0,38885000000.0,328265000000.0,117406000000.0,117406000000.0,442387000000.0,304127000000.0,482681000000.0,473454000000.0,182935000000.0,66987000000.0,-115948000000.0,-26445000000.0,-22271000000.0,-52546000000.0,-139500000000.0,-9111000000.0,20935000000.0,30242000000.0,12405000000.0,38534000000.0,14189000000.0,133749000000.0,-4895000000.0,0.0,-3000000000.0,14,39,3,0,0,0,
2026-08-06 16:20:00+00:00,494.9200134277,495.3900146484,494.7600097656,494.9599914551,157260,0.0,0.0,MSFT,微软,Microsoft Corporation,USD,16,20,MSFT,480.35,3566861025280,26.790295,20.376884,1.099,0.73,3.64,0.1983,349.2,553.72,223000,59.565,8.0643,0.40305,0.14088,0.34039003,44.668,76842999808,128812998656,331839012864,194237005824,0.67944,0.45111,29.118,1.099,1.23,0.7593,0.00090000004,2.17,7425545491,7414481428,569.5583,870.0,400.0,1.35714,53,331839000000.0,106374000000.0,225465000000.0,155237000000.0,133749000000.0,17.95,18.0,0,34666000000.0,32185000000.0,165934000000.0,207519000000.0,168985000000.0,201794000000.0,129134650000.0,38534000000.0,7453000000.0,7429000000.0,758376000000.0,315989000000.0,442387000000.0,56826000000.0,19359000000.0,20935000000.0,76651000000.0,1397000000.0,80876000000.0,337253000000.0,455944000000.0,-118691000000.0,119651000000.0,0,31067000000.0,168825000000.0,207710000000.0,38885000000.0,328265000000.0,117406000000.0,117406000000.0,442387000000.0,304127000000.0,482681000000.0,473454000000.0,182935000000.0,66987000000.0,-115948000000.0,-26445000000.0,-22271000000.0,-52546000000.0,-139500000000.0,-9111000000.0,20935000000.0,30242000000.0,12405000000.0,38534000000.0,14189000000.0,133749000000.0,-4895000000.0,0.0,-3000000000.0,14,39,3,0,0,0,
2026-08-06 16:25:00+00:00,494.9400024414,495.1700134277,494.7099914551,494.75,119057,0.0,0.0,MSFT,微软,Microsoft Corporation,USD,16,25,MSFT,480.35,3566861025280,26.790295,20.376884,1.099,0.73,3.64,0.1983,349.2,553.72,223000,59.565,8.0643,0.40305,0.14088,0.34039003,44.668,76842999808,128812998656,331839012864,194237005824,0.67944,0.45111,29.118,1.099,1.23,0.7593,0.00090000004,2.17,7425545491,7414481428,569.5583,870.0,400.0,1.35714,53,331839000000.0,106374000000.0,225465000000.0,155237000000.0,133749000000.0,17.95,18.0,0,34666000000.0,32185000000.0,165934000000.0,207519000000.0,168985000000.0,201794000000.0,129134650000.0,38534000000.0,7453000000.0,7429000000.0,758376000000.0,315989000000.0,442387000000.0,56826000000.0,19359000000.0,20935000000.0,76651000000.0,1397000000.0,80876000000.0,337253000000.0,455944000000.0,-118691000000.0,119651000000.0,0,31067000000.0,168825000000.0,207710000000.0,38885000000.0,328265000000.0,117406000000.0,117406000000.0,442387000000.0,304127000000.0,482681000000.0,473454000000.0,182935000000.0,66987000000.0,-115948000000.0,-26445000000.0,-22271000000.0,-52546000000.0,-139500000000.0,-9111000000.0,20935000000.0,30242000000.0,12405000000.0,38534000000.0,14189000000.0,133749000000.0,-4895000000.0,0.0,-3000000000.0,14,39,3,0,0,0,
2026-08-06 16:30:00+00:00,494.7099914551,494.9700012207,494.0199890137,494.4299926758,124529,0.0,0.0,MSFT,微软,Microsoft Corporation,USD,16,30,MSFT,480.35,3566861025280,26.790295,20.376884,1.099,0.73,3.64,0.1983,349.2,553.72,223000,59.565,8.0643,0.40305,0.14088,0.34039003,44.668,76842999808,128812998656,331839012864,194237005824,0.67944,0.45111,29.118,1.099,1.23,0.7593,0.00090000004,2.17,7425545491,7414481428,569.5583,870.0,400.0,1.35714,53,331839000000.0,106374000000.0,225465000000.0,155237000000.0,133749000000.0,17.95,18.0,0,34666000000.0,32185000000.0,165934000000.0,207519000000.0,168985000000.0,201794000000.0,129134650000.0,38534000000.0,7453000000.0,7429000000.0,758376000000.0,315989000000.0,442387000000.0,56826000000.0,19359000000.0,20935000000.0,76651000000.0,1397000000.0,80876000000.0,337253000000.0,455944000000.0,-118691000000.0,119651000000.0,0,31067000000.0,168825000000.0,207710000000.0,38885000000.0,328265000000.0,117406000000.0,117406000000.0,442387000000.0,304127000000.0,482681000000.0,473454000000.0,182935000000.0,66987000000.0,-115948000000.0,-26445000000.0,-22271000000.0,-52546000000.0,-139500000000.0,-9111000000.0,20935000000.0,30242000000.0,12405000000.0,38534000000.0,14189000000.0,133749000000.0,-4895000000.0,0.0,-3000000000.0,14,39,3,0,0,0,
2026-08-06 16:35:00+00:00,494.4299926758,494.5,494.0400085449,494.3349914551,134997,0.0,0.0,MSFT,微软,Microsoft Corporation,USD,16,35,MSFT,480.35,3566861025280,26.790295,20.376884,1.099,0.73,3.64,0.1983,349.2,553.72,223000,59.565,8.0643,0.40305,0.14088,0.34039003,44.668,76842999808,128812998656,331839012864,194237005824,0.67944,0.45111,29.118,1.099,1.23,0.7593,0.00090000004,2.17,7425545491,7414481428,569.5583,870.0,400.0,1.35714,53,331839000000.0,106374000000.0,225465000000.0,155237000000.0,133749000000.0,17.95,18.0,0,34666000000.0,32185000000.0,165934000000.0,207519000000.0,168985000000.0,201794000000.0,129134650000.0,38534000000.0,7453000000.0,7429000000.0,758376000000.0,315989000000.0,442387000000.0,56826000000.0,19359000000.0,20935000000.0,76651000000.0,1397000000.0,80876000000.0,337253000000.0,455944000000.0,-118691000000.0,119651000000.0,0,31067000000.0,168825000000.0,207710000000.0,38885000000.0,328265000000.0,117406000000.0,117406000000.0,442387000000.0,304127000000.0,482681000000.0,473454000000.0,182935000000.0,66987000000.0,-115948000000.0,-26445000000.0,-22271000000.0,-52546000000.0,-139500000000.0,-9111000000.0,20935000000.0,30242000000.0,12405000000.0,38534000000.0,14189000000.0,133749000000.0,-4895000000.0,0.0,-3000000000.0,14,39,3,0,0,0,
2026-08-06 16:40:00+00:00,494.3299865723,494.5400085449,493.5,493.7600097656,151699,0.0,0.0,MSFT,微软,Microsoft Corporation,USD,16,40,MSFT,480.35,3566861025280,26.790295,20.376884,1.099,0.73,3.64,0.1983,349.2,553.72,223000,59.565,8.0643,0.40305,0.14088,0.34039003,44.668,76842999808,128812998656,331839012864,194237005824,0.67944,0.45111,29.118,1.099,1.23,0.7593,0.00090000004,2.17,7425545491,7414481428,569.5583,870.0,400.0,1.35714,53,331839000000.0,106374000000.0,225465000000.0,155237000000.0,133749000000.0,17.95,18.0,0,34666000000.0,32185000000.0,165934000000.0,207519000000.0,168985000000.0,201794000000.0,129134650000.0,38534000000.0,7453000000.0,7429000000.0,758376000000.0,315989000000.0,442387000000.0,56826000000.0,19359000000.0,20935000000.0,76651000000.0,1397000000.0,80876000000.0,337253000000.0,455944000000.0,-118691000000.0,119651000000.0,0,31067000000.0,168825000000.0,207710000000.0,38885000000.0,328265000000.0,117406000000.0,117406000000.0,442387000000.0,304127000000.0,482681000000.0,473454000000.0,182935000000.0,66987000000.0,-115948000000.0,-26445000000.0,-22271000000.0,-52546000000.0,-139500000000.0,-9111000000.0,20935000000.0,30242000000.0,12405000000.0,38534000000.0,14189000000.0,133749000000.0,-4895000000.0,0.0,-3000000000.0,14,39,3,0,0,0,
2026-08-06 16:45:00+00:00,493.799987793,494.5700073242,493.6600036621,494.299987793,142665,0.0,0.0,MSFT,微软,Microsoft Corporation,USD,16,45,MSFT,480.35,3566861025280,26.790295,20.376884,1.099,0.73,3.64,0.1983,349.2,553.72,223000,59.565,8.0643,0.40305,0.14088,0.34039003,44.668,76842999808,128812998656,331839012864,194237005824,0.67944,0.45111,29.118,1.099,1.23,0.7593,0.00090000004,2.17,7425545491,7414481428,569.5583,870.0,400.0,1.35714,53,331839000000.0,106374000000.0,225465000000.0,155237000000.0,133749000000.0,17.95,18.0,0,34666000000.0,32185000000.0,165934000000.0,207519000000.0,168985000000.0,201794000000.0,129134650000.0,38534000000.0,7453000000.0,7429000000.0,758376000000.0,315989000000.0,442387000000.0,56826000000.0,19359000000.0,20935000000.0,76651000000.0,1397000000.0,80876000000.0,337253000000.0,455944000000.0,-118691000000.0,119651000000.0,0,31067000000.0,168825000000.0,207710000000.0,38885000000.0,328265000000.0,117406000000.0,117406000000.0,442387000000.0,304127000000.0,482681000000.0,473454000000.0,182935000000.0,66987000000.0,-115948000000.0,-26445000000.0,-22271000000.0,-52546000000.0,-139500000000.0,-9111000000.0,20935000000.0,30242000000.0,12405000000.0,38534000000.0,14189000000.0,133749000000.0,-4895000000.0,0.0,-3000000000.0,14,39,3,0,0,0,
2026-08-06 16:50:00+00:00,494.2600097656,494.9049987793,494.1799926758,494.8399963379,138608,0.0,0.0,MSFT,微软,Microsoft Corporation,USD,16,50,MSFT,480.35,3566861025280,26.790295,20.376884,1.099,0.73,3.64,0.1983,349.2,553.72,223000,59.565,8.0643,0.40305,0.14088,0.34039003,44.668,76842999808,128812998656,331839012864,194237005824,0.67944,0.45111,29.118,1.099,1.23,0.7593,0.00090000004,2.17,7425545491,7414481428,569.5583,870.0,400.0,1.35714,53,331839000000.0,106374000000.0,225465000000.0,155237000000.0,133749000000.0,17.95,18.0,0,34666000000.0,32185000000.0,165934000000.0,207519000000.0,168985000000.0,201794000000.0,129134650000.0,38534000000.0,7453000000.0,7429000000.0,758376000000.0,315989000000.0,442387000000.0,56826000000.0,19359000000.0,20935000000.0,76651000000.0,1397000000.0,80876000000.0,337253000000.0,455944000000.0,-118691000000.0,119651000000.0,0,31067000000.0,168825000000.0,207710000000.0,38885000000.0,328265000000.0,117406000000.0,117406000000.0,442387000000.0,304127000000.0,482681000000.0,473454000000.0,182935000000.0,66987000000.0,-115948000000.0,-26445000000.0,-22271000000.0,-52546000000.0,-139500000000.0,-9111000000.0,20935000000.0,30242000000.0,12405000000.0,38534000000.0,14189000000.0,133749000000.0,-4895000000.0,0.0,-3000000000.0,14,39,3,0,0,0,
2026-08-06 16:55:00+00:00,494.8399963379,495.299987793,494.6700134277,495.2300109863,162736,0.0,0.0,MSFT,微软,Microsoft Corporation,USD,16,55,MSFT,480.35,3566861025280,26.790295,20.376884,1.099,0.73,3.64,0.1983,349.2,553.72,223000,59.565,8.0643,0.40305,0.14088,0.34039003,44.668,76842999808,128812998656,331839012864,194237005824,0.67944,0.45111,29.118,1.099,1.23,0.7593,0.00090000004,2.17,7425545491,7414481428,569.5583,870.0,400.0,1.35714,53,331839000000.0,106374000000.0,225465000000.0,155237000000.0,133749000000.0,17.95,18.0,0,34666000000.0,32185000000.0,165934000000.0,207519000000.0,168985000000.0,201794000000.0,129134650000.0,38534000000.0,7453000000.0,7429000000.0,758376000000.0,315989000000.0,442387000000.0,56826000000.0,19359000000.0,20935000000.0,76651000000.0,1397000000.0,80876000000.0,337253000000.0,455944000000.0,-118691000000.0,119651000000.0,0,31067000000.0,168825000000.0,207710000000.0,38885000000.0,328265000000.0,117406000000.0,117406000000.0,442387000000.0,304127000000.0,482681000000.0,473454000000.0,182935000000.0,66987000000.0,-115948000000.0,-26445000000.0,-22271000000.0,-52546000000.0,-139500000000.0,-9111000000.0,20935000000.0,30242000000.0,12405000000.0,38534000000.0,14189000000.0,133749000000.0,-4895000000.0,0.0,-3000000000.0,14,39,3,0,0,0,
2026-08-06 17:00:00+00:00,495.2349853516,495.6300048828,494.8900146484,495.6300048828,182736,0.0,0.0,MSFT,微软,Microsoft Corporation,USD,17,0,MSFT,480.35,3566861025280,26.790295,20.376884,1.099,0.73,3.64,0.1983,349.2,553.72,223000,59.565,8.0643,0.40305,0.14088,0.34039003,44.668,76842999808,128812998656,331839012864,194237005824,0.67944,0.45111,29.118,1.099,1.23,0.7593,0.00090000004,2.17,7425545491,7414481428,569.5583,870.0,400.0,1.35714,53,331839000000.0,106374000000.0,225465000000.0,155237000000.0,133749000000.0,17.95,18.0,0,34666000000.0,32185000000.0,165934000000.0,207519000000.0,168985000000.0,201794000000.0,129134650000.0,38534000000.0,7453000000.0,7429000000.0,758376000000.0,315989000000.0,442387000000.0,56826000000.0,19359000000.0,20935000000.0,76651000000.0,1397000000.0,80876000000.0,337253000000.0,455944000000.0,-118691000000.0,119651000000.0,0,31067000000.0,168825000000.0,207710000000.0,38885000000.0,328265000000.0,117406000000.0,117406000000.0,442387000000.0,304127000000.0,482681000000.0,473454000000.0,182935000000.0,66987000000.0,-115948000000.0,-26445000000.0,-22271000000.0,-52546000000.0,-139500000000.0,-9111000000.0,20935000000.0,30242000000.0,12405000000.0,38534000000.0,14189000000.0,133749000000.0,-4895000000.0,0.0,-3000000000.0,14,39,3,0,0,0,
2026-08-06 17:05:00+00:00,495.6400146484,496.1099853516,495.4200134277,495.9200134277,226614,0.0,0.0,MSFT,微软,Microsoft Corporation,USD,17,5,MSFT,480.35,3566861025280,26.790295,20.376884,1.099,0.73,3.64,0.1983,349.2,553.72,223000,59.565,8.0643,0.40305,0.14088,0.34039003,44.668,76842999808,128812998656,331839012864,194237005824,0.67944,0.45111,29.118,1.099,1.23,0.7593,0.00090000004,2.17,7425545491,7414481428,569.5583,870.0,400.0,1.35714,53,331839000000.0,106374000000.0,225465000000.0,155237000000.0,133749000000.0,17.95,18.0,0,34666000000.0,32185000000.0,165934000000.0,207519000000.0,168985000000.0,201794000000.0,129134650000.0,38534000000.0,7453000000.0,7429000000.0,758376000000.0,315989000000.0,442387000000.0,56826000000.0,19359000000.0,20935000000.0,76651000000.0,1397000000.0,80876000000.0,337253000000.0,455944000000.0,-118691000000.0,119651000000.0,0,31067000000.0,168825000000.0,207710000000.0,38885000000.0,328265000000.0,117406000000.0,117406000000.0,442387000000.0,304127000000.0,482681000000.0,473454000000.0,182935000000.0,66987000000.0,-115948000000.0,-26445000000.0,-22271000000.0,-52546000000.0,-139500000000.0,-9111000000.0,20935000000.0,30242000000.0,12405000000.0,38534000000.0,14189000000.0,133749000000.0,-4895000000.0,0.0,-3000000000.0,14,39,3,0,0,0,
2026-08-06 17:10:00+00:00,495.9150085449,496.5100097656,495.6499938965,496.3900146484,196964,0.0,0.0,MSFT,微软,Microsoft Corporation,USD,17,10,MSFT,480.35,3566861025280,26.790295,20.376884,1.099,0.73,3.64,0.1983,349.2,553.72,223000,59.565,8.0643,0.40305,0.14088,0.34039003,44.668,76842999808,128812998656,331839012864,194237005824,0.67944,0.45111,29.118,1.099,1.23,0.7593,0.00090000004,2.17,7425545491,7414481428,569.5583,870.0,400.0,1.35714,53,331839000000.0,106374000000.0,225465000000.0,155237000000.0,133749000000.0,17.95,18.0,0,34666000000.0,32185000000.0,165934000000.0,207519000000.0,168985000000.0,201794000000.0,129134650000.0,38534000000.0,7453000000.0,7429000000.0,758376000000.0,315989000000.0,442387000000.0,56826000000.0,19359000000.0,20935000000.0,76651000000.0,1397000000.0,80876000000.0,337253000000.0,455944000000.0,-118691000000.0,119651000000.0,0,31067000000.0,168825000000.0,207710000000.0,38885000000.0,328265000000.0,117406000000.0,117406000000.0,442387000000.0,304127000000.0,482681000000.0,473454000000.0,182935000000.0,66987000000.0,-115948000000.0,-26445000000.0,-22271000000.0,-52546000000.0,-139500000000.0,-9111000000.0,20935000000.0,30242000000.0,12405000000.0,38534000000.0,14189000000.0,133749000000.0,-4895000000.0,0.0,-3000000000.0,14,39,3,0,0,0,
2026-08-06 17:15:00+00:00,496.3399963379,496.6950073242,496.0,496.6600036621,247988,0.0,0.0,MSFT,微软,Microsoft Corporation,USD,17,15,MSFT,480.35,3566861025280,26.790295,20.376884,1.099,0.73,3.64,0.1983,349.2,553.72,223000,59.565,8.0643,0.40305,0.14088,0.34039003,44.668,76842999808,128812998656,331839012864,194237005824,0.67944,0.45111,29.118,1.099,1.23,0.7593,0.00090000004,2.17,7425545491,7414481428,569.5583,870.0,400.0,1.35714,53,331839000000.0,106374000000.0,225465000000.0,155237000000.0,133749000000.0,17.95,18.0,0,34666000000.0,32185000000.0,165934000000.0,207519000000.0,168985000000.0,201794000000.0,129134650000.0,38534000000.0,7453000000.0,7429000000.0,758376000000.0,315989000000.0,442387000000.0,56826000000.0,19359000000.0,20935000000.0,76651000000.0,1397000000.0,80876000000.0,337253000000.0,455944000000.0,-118691000000.0,119651000000.0,0,31067000000.0,168825000000.0,207710000000.0,38885000000.0,328265000000.0,117406000000.0,117406000000.0,442387000000.0,304127000000.0,482681000000.0,473454000000.0,182935000000.0,66987000000.0,-115948000000.0,-26445000000.0,-22271000000.0,-52546000000.0,-139500000000.0,-9111000000.0,20935000000.0,30242000000.0,12405000000.0,38534000000.0,14189000000.0,133749000000.0,-4895000000.0,0.0,-3000000000.0,14,39,3,0,0,0,
2026-08-06 17:20:00+00:00,496.7099914551,497.1099853516,496.049987793,497.030090332,227779,0.0,0.0,MSFT,微软,Microsoft Corporation,USD,17,20,MSFT,480.35,3566861025280,26.790295,20.376884,1.099,0.73,3.64,0.1983,349.2,553.72,223000,59.565,8.0643,0.40305,0.14088,0.34039003,44.668,76842999808,128812998656,331839012864,194237005824,0.67944,0.45111,29.118,1.099,1.23,0.7593,0.00090000004,2.17,7425545491,7414481428,569.5583,870.0,400.0,1.35714,53,331839000000.0,106374000000.0,225465000000.0,155237000000.0,133749000000.0,17.95,18.0,0,34666000000.0,32185000000.0,165934000000.0,207519000000.0,168985000000.0,201794000000.0,129134650000.0,38534000000.0,7453000000.0,7429000000.0,758376000000.0,315989000000.0,442387000000.0,56826000000.0,19359000000.0,20935000000.0,76651000000.0,1397000000.0,80876000000.0,337253000000.0,455944000000.0,-118691000000.0,119651000000.0,0,31067000000.0,168825000000.0,207710000000.0,38885000000.0,328265000000.0,117406000000.0,117406000000.0,442387000000.0,304127000000.0,482681000000.0,473454000000.0,182935000000.0,66987000000.0,-115948000000.0,-26445000000.0,-22271000000.0,-52546000000.0,-139500000000.0,-9111000000.0,20935000000.0,30242000000.0,12405000000.0,38534000000.0,14189000000.0,133749000000.0,-4895000000.0,0.0,-3000000000.0,14,39,3,0,0,0,
2026-08-06 17:25:00+00:00,497.1099853516,497.1099853516,496.4100036621,496.4119873047,162940,0.0,0.0,MSFT,微软,Microsoft Corporation,USD,17,25,MSFT,480.35,3566861025280,26.790295,20.376884,1.099,0.73,3.64,0.1983,349.2,553.72,223000,59.565,8.0643,0.40305,0.14088,0.34039003,44.668,76842999808,128812998656,331839012864,194237005824,0.67944,0.45111,29.118,1.099,1.23,0.7593,0.00090000004,2.17,7425545491,7414481428,569.5583,870.0,400.0,1.35714,53,331839000000.0,106374000000.0,225465000000.0,155237000000.0,133749000000.0,17.95,18.0,0,34666000000.0,32185000000.0,165934000000.0,207519000000.0,168985000000.0,201794000000.0,129134650000.0,38534000000.0,7453000000.0,7429000000.0,758376000000.0,315989000000.0,442387000000.0,56826000000.0,19359000000.0,20935000000.0,76651000000.0,1397000000.0,80876000000.0,337253000000.0,455944000000.0,-118691000000.0,119651000000.0,0,31067000000.0,168825000000.0,207710000000.0,38885000000.0,328265000000.0,117406000000.0,117406000000.0,442387000000.0,304127000000.0,482681000000.0,473454000000.0,182935000000.0,66987000000.0,-115948000000.0,-26445000000.0,-22271000000.0,-52546000000.0,-139500000000.0,-9111000000.0,20935000000.0,30242000000.0,12405000000.0,38534000000.0,14189000000.0,133749000000.0,-4895000000.0,0.0,-3000000000.0,14,39,3,0,0,0,
2026-08-06 17:30:00+00:00,496.4299926758,496.7300109863,495.6400146484,495.8800048828,214915,0.0,0.0,MSFT,微软,Microsoft Corporation,USD,17,30,MSFT,480.35,3566861025280,26.790295,20.376884,1.099,0.73,3.64,0.1983,349.2,553.72,223000,59.565,8.0643,0.40305,0.14088,0.34039003,44.668,76842999808,128812998656,331839012864,194237005824,0.67944,0.45111,29.118,1.099,1.23,0.7593,0.00090000004,2.17,7425545491,7414481428,569.5583,870.0,400.0,1.35714,53,331839000000.0,106374000000.0,225465000000.0,155237000000.0,133749000000.0,17.95,18.0,0,34666000000.0,32185000000.0,165934000000.0,207519000000.0,168985000000.0,201794000000.0,129134650000.0,38534000000.0,7453000000.0,7429000000.0,758376000000.0,315989000000.0,442387000000.0,56826000000.0,19359000000.0,20935000000.0,76651000000.0,1397000000.0,80876000000.0,337253000000.0,455944000000.0,-118691000000.0,119651000000.0,0,31067000000.0,168825000000.0,207710000000.0,38885000000.0,328265000000.0,117406000000.0,117406000000.0,442387000000.0,304127000000.0,482681000000.0,473454000000.0,182935000000.0,66987000000.0,-115948000000.0,-26445000000.0,-22271000000.0,-52546000000.0,-139500000000.0,-9111000000.0,20935000000.0,30242000000.0,12405000000.0,38534000000.0,14189000000.0,133749000000.0,-4895000000.0,0.0,-3000000000.0,14,39,3,0,0,0,
2026-08-06 17:35:00+00:00,495.8800048828,496.2950134277,495.5219116211,495.5450134277,180841,0.0,0.0,MSFT,微软,Microsoft Corporation,USD,17,35,MSFT,480.35,3566861025280,26.790295,20.376884,1.099,0.73,3.64,0.1983,349.2,553.72,223000,59.565,8.0643,0.40305,0.14088,0.34039003,44.668,76842999808,128812998656,331839012864,194237005824,0.67944,0.45111,29.118,1.099,1.23,0.7593,0.00090000004,2.17,7425545491,7414481428,569.5583,870.0,400.0,1.35714,53,331839000000.0,106374000000.0,225465000000.0,155237000000.0,133749000000.0,17.95,18.0,0,34666000000.0,32185000000.0,165934000000.0,207519000000.0,168985000000.0,201794000000.0,129134650000.0,38534000000.0,7453000000.0,7429000000.0,758376000000.0,315989000000.0,442387000000.0,56826000000.0,19359000000.0,20935000000.0,76651000000.0,1397000000.0,80876000000.0,337253000000.0,455944000000.0,-118691000000.0,119651000000.0,0,31067000000.0,168825000000.0,207710000000.0,38885000000.0,328265000000.0,117406000000.0,117406000000.0,442387000000.0,304127000000.0,482681000000.0,473454000000.0,182935000000.0,66987000000.0,-115948000000.0,-26445000000.0,-22271000000.0,-52546000000.0,-139500000000.0,-9111000000.0,20935000000.0,30242000000.0,12405000000.0,38534000000.0,14189000000.0,133749000000.0,-4895000000.0,0.0,-3000000000.0,14,39,3,0,0,0,
2026-08-06 17:40:00+00:00,495.5100097656,496.200012207,495.3886108398,496.1449890137,109148,0.0,0.0,MSFT,微软,Microsoft Corporation,USD,17,40,MSFT,480.35,3566861025280,26.790295,20.376884,1.099,0.73,3.64,0.1983,349.2,553.72,223000,59.565,8.0643,0.40305,0.14088,0.34039003,44.668,76842999808,128812998656,331839012864,194237005824,0.67944,0.45111,29.118,1.099,1.23,0.7593,0.00090000004,2.17,7425545491,7414481428,569.5583,870.0,400.0,1.35714,53,331839000000.0,106374000000.0,225465000000.0,155237000000.0,133749000000.0,17.95,18.0,0,34666000000.0,32185000000.0,165934000000.0,207519000000.0,168985000000.0,201794000000.0,129134650000.0,38534000000.0,7453000000.0,7429000000.0,758376000000.0,315989000000.0,442387000000.0,56826000000.0,19359000000.0,20935000000.0,76651000000.0,1397000000.0,80876000000.0,337253000000.0,455944000000.0,-118691000000.0,119651000000.0,0,31067000000.0,168825000000.0,207710000000.0,38885000000.0,328265000000.0,117406000000.0,117406000000.0,442387000000.0,304127000000.0,482681000000.0,473454000000.0,182935000000.0,66987000000.0,-115948000000.0,-26445000000.0,-22271000000.0,-52546000000.0,-139500000000.0,-9111000000.0,20935000000.0,30242000000.0,12405000000.0,38534000000.0,14189000000.0,133749000000.0,-4895000000.0,0.0,-3000000000.0,14,39,3,0,0,0,
2026-08-06 17:45:00+00:00,496.1499938965,496.4599914551,495.8999938965,496.1199951172,125599,0.0,0.0,MSFT,微软,Microsoft Corporation,USD,17,45,MSFT,480.35,3566861025280,26.790295,20.376884,1.099,0.73,3.64,0.1983,349.2,553.72,223000,59.565,8.0643,0.40305,0.14088,0.34039003,44.668,76842999808,128812998656,331839012864,194237005824,0.67944,0.45111,29.118,1.099,1.23,0.7593,0.00090000004,2.17,7425545491,7414481428,569.5583,870.0,400.0,1.35714,53,331839000000.0,106374000000.0,225465000000.0,155237000000.0,133749000000.0,17.95,18.0,0,34666000000.0,32185000000.0,165934000000.0,207519000000.0,168985000000.0,201794000000.0,129134650000.0,38534000000.0,7453000000.0,7429000000.0,758376000000.0,315989000000.0,442387000000.0,56826000000.0,19359000000.0,20935000000.0,76651000000.0,1397000000.0,80876000000.0,337253000000.0,455944000000.0,-118691000000.0,119651000000.0,0,31067000000.0,168825000000.0,207710000000.0,38885000000.0,328265000000.0,117406000000.0,117406000000.0,442387000000.0,304127000000.0,482681000000.0,473454000000.0,182935000000.0,66987000000.0,-115948000000.0,-26445000000.0,-22271000000.0,-52546000000.0,-139500000000.0,-9111000000.0,20935000000.0,30242000000.0,12405000000.0,38534000000.0,14189000000.0,133749000000.0,-4895000000.0,0.0,-3000000000.0,14,39,3,0,0,0,
2026-08-06 17:50:00+00:00,496.1199951172,496.2200012207,495.8699951172,496.1600036621,116266,0.0,0.0,MSFT,微软,Microsoft Corporation,USD,17,50,MSFT,480.35,3566861025280,26.790295,20.376884,1.099,0.73,3.64,0.1983,349.2,553.72,223000,59.565,8.0643,0.40305,0.14088,0.34039003,44.668,76842999808,128812998656,331839012864,194237005824,0.67944,0.45111,29.118,1.099,1.23,0.7593,0.00090000004,2.17,7425545491,7414481428,569.5583,870.0,400.0,1.35714,53,331839000000.0,106374000000.0,225465000000.0,155237000000.0,133749000000.0,17.95,18.0,0,34666000000.0,32185000000.0,165934000000.0,207519000000.0,168985000000.0,201794000000.0,129134650000.0,38534000000.0,7453000000.0,7429000000.0,758376000000.0,315989000000.0,442387000000.0,56826000000.0,19359000000.0,20935000000.0,76651000000.0,1397000000.0,80876000000.0,337253000000.0,455944000000.0,-118691000000.0,119651000000.0,0,31067000000.0,168825000000.0,207710000000.0,38885000000.0,328265000000.0,117406000000.0,117406000000.0,442387000000.0,304127000000.0,482681000000.0,473454000000.0,182935000000.0,66987000000.0,-115948000000.0,-26445000000.0,-22271000000.0,-52546000000.0,-139500000000.0,-9111000000.0,20935000000.0,30242000000.0,12405000000.0,38534000000.0,14189000000.0,133749000000.0,-4895000000.0,0.0,-3000000000.0,14,39,3,0,0,0,
2026-08-06 17:55:00+00:00,496.1900024414,496.4299926758,495.8299865723,495.950012207,127688,0.0,0.0,MSFT,微软,Microsoft Corporation,USD,17,55,MSFT,480.35,3566861025280,26.790295,20.376884,1.099,0.73,3.64,0.1983,349.2,553.72,223000,59.565,8.0643,0.40305,0.14088,0.34039003,44.668,76842999808,128812998656,331839012864,194237005824,0.67944,0.45111,29.118,1.099,1.23,0.7593,0.00090000004,2.17,7425545491,7414481428,569.5583,870.0,400.0,1.35714,53,331839000000.0,106374000000.0,225465000000.0,155237000000.0,133749000000.0,17.95,18.0,0,34666000000.0,32185000000.0,165934000000.0,207519000000.0,168985000000.0,201794000000.0,129134650000.0,38534000000.0,7453000000.0,7429000000.0,758376000000.0,315989000000.0,442387000000.0,56826000000.0,19359000000.0,20935000000.0,76651000000.0,1397000000.0,80876000000.0,337253000000.0,455944000000.0,-118691000000.0,119651000000.0,0,31067000000.0,168825000000.0,207710000000.0,38885000000.0,328265000000.0,117406000000.0,117406000000.0,442387000000.0,304127000000.0,482681000000.0,473454000000.0,182935000000.0,66987000000.0,-115948000000.0,-26445000000.0,-22271000000.0,-52546000000.0,-139500000000.0,-9111000000.0,20935000000.0,30242000000.0,12405000000.0,38534000000.0,14189000000.0,133749000000.0,-4895000000.0,0.0,-3000000000.0,14,39,3,0,0,0,
2026-08-06 18:00:00+00:00,495.950012207,497.0354003906,495.8557128906,496.7850036621,170848,0.0,0.0,MSFT,微软,Microsoft Corporation,USD,18,0,MSFT,480.35,3566861025280,26.790295,20.376884,1.099,0.73,3.64,0.1983,349.2,553.72,223000,59.565,8.0643,0.40305,0.14088,0.34039003,44.668,76842999808,128812998656,331839012864,194237005824,0.67944,0.45111,29.118,1.099,1.23,0.7593,0.00090000004,2.17,7425545491,7414481428,569.5583,870.0,400.0,1.35714,53,331839000000.0,106374000000.0,225465000000.0,155237000000.0,133749000000.0,17.95,18.0,0,34666000000.0,32185000000.0,165934000000.0,207519000000.0,168985000000.0,201794000000.0,129134650000.0,38534000000.0,7453000000.0,7429000000.0,758376000000.0,315989000000.0,442387000000.0,56826000000.0,19359000000.0,20935000000.0,76651000000.0,1397000000.0,80876000000.0,337253000000.0,455944000000.0,-118691000000.0,119651000000.0,0,31067000000.0,168825000000.0,207710000000.0,38885000000.0,328265000000.0,117406000000.0,117406000000.0,442387000000.0,304127000000.0,482681000000.0,473454000000.0,182935000000.0,66987000000.0,-115948000000.0,-26445000000.0,-22271000000.0,-52546000000.0,-139500000000.0,-9111000000.0,20935000000.0,30242000000.0,12405000000.0,38534000000.0,14189000000.0,133749000000.0,-4895000000.0,0.0,-3000000000.0,14,39,3,0,0,0,
2026-08-06 18:05:00+00:00,496.7850036621,497.1799926758,496.4899902344,497.1400146484,164129,0.0,0.0,MSFT,微软,Microsoft Corporation,USD,18,5,MSFT,480.35,3566861025280,26.790295,20.376884,1.099,0.73,3.64,0.1983,349.2,553.72,223000,59.565,8.0643,0.40305,0.14088,0.34039003,44.668,76842999808,128812998656,331839012864,194237005824,0.67944,0.45111,29.118,1.099,1.23,0.7593,0.00090000004,2.17,7425545491,7414481428,569.5583,870.0,400.0,1.35714,53,331839000000.0,106374000000.0,225465000000.0,155237000000.0,133749000000.0,17.95,18.0,0,34666000000.0,32185000000.0,165934000000.0,207519000000.0,168985000000.0,201794000000.0,129134650000.0,38534000000.0,7453000000.0,7429000000.0,758376000000.0,315989000000.0,442387000000.0,56826000000.0,19359000000.0,20935000000.0,76651000000.0,1397000000.0,80876000000.0,337253000000.0,455944000000.0,-118691000000.0,119651000000.0,0,31067000000.0,168825000000.0,207710000000.0,38885000000.0,328265000000.0,117406000000.0,117406000000.0,442387000000.0,304127000000.0,482681000000.0,473454000000.0,182935000000.0,66987000000.0,-115948000000.0,-26445000000.0,-22271000000.0,-52546000000.0,-139500000000.0,-9111000000.0,20935000000.0,30242000000.0,12405000000.0,38534000000.0,14189000000.0,133749000000.0,-4895000000.0,0.0,-3000000000.0,14,39,3,0,0,0,
2026-08-06 18:10:00+00:00,497.1350097656,497.4200134277,496.8200073242,497.3599853516,964782,0.0,0.0,MSFT,微软,Microsoft Corporation,USD,18,10,MSFT,480.35,3566861025280,26.790295,20.376884,1.099,0.73,3.64,0.1983,349.2,553.72,223000,59.565,8.0643,0.40305,0.14088,0.34039003,44.668,76842999808,128812998656,331839012864,194237005824,0.67944,0.45111,29.118,1.099,1.23,0.7593,0.00090000004,2.17,7425545491,7414481428,569.5583,870.0,400.0,1.35714,53,331839000000.0,106374000000.0,225465000000.0,155237000000.0,133749000000.0,17.95,18.0,0,34666000000.0,32185000000.0,165934000000.0,207519000000.0,168985000000.0,201794000000.0,129134650000.0,38534000000.0,7453000000.0,7429000000.0,758376000000.0,315989000000.0,442387000000.0,56826000000.0,19359000000.0,20935000000.0,76651000000.0,1397000000.0,80876000000.0,337253000000.0,455944000000.0,-118691000000.0,119651000000.0,0,31067000000.0,168825000000.0,207710000000.0,38885000000.0,328265000000.0,117406000000.0,117406000000.0,442387000000.0,304127000000.0,482681000000.0,473454000000.0,182935000000.0,66987000000.0,-115948000000.0,-26445000000.0,-22271000000.0,-52546000000.0,-139500000000.0,-9111000000.0,20935000000.0,30242000000.0,12405000000.0,38534000000.0,14189000000.0,133749000000.0,-4895000000.0,0.0,-3000000000.0,14,39,3,0,0,0,
2026-08-06 18:15:00+00:00,497.3599853516,497.5400085449,496.6700134277,496.6951904297,228593,0.0,0.0,MSFT,微软,Microsoft Corporation,USD,18,15,MSFT,480.35,3566861025280,26.790295,20.376884,1.099,0.73,3.64,0.1983,349.2,553.72,223000,59.565,8.0643,0.40305,0.14088,0.34039003,44.668,76842999808,128812998656,331839012864,194237005824,0.67944,0.45111,29.118,1.099,1.23,0.7593,0.00090000004,2.17,7425545491,7414481428,569.5583,870.0,400.0,1.35714,53,331839000000.0,106374000000.0,225465000000.0,155237000000.0,133749000000.0,17.95,18.0,0,34666000000.0,32185000000.0,165934000000.0,207519000000.0,168985000000.0,201794000000.0,129134650000.0,38534000000.0,7453000000.0,7429000000.0,758376000000.0,315989000000.0,442387000000.0,56826000000.0,19359000000.0,20935000000.0,76651000000.0,1397000000.0,80876000000.0,337253000000.0,455944000000.0,-118691000000.0,119651000000.0,0,31067000000.0,168825000000.0,207710000000.0,38885000000.0,328265000000.0,117406000000.0,117406000000.0,442387000000.0,304127000000.0,482681000000.0,473454000000.0,182935000000.0,66987000000.0,-115948000000.0,-26445000000.0,-22271000000.0,-52546000000.0,-139500000000.0,-9111000000.0,20935000000.0,30242000000.0,12405000000.0,38534000000.0,14189000000.0,133749000000.0,-4895000000.0,0.0,-3000000000.0,14,39,3,0,0,0,
2026-08-06 18:20:00+00:00,496.6700134277,497.0599975586,496.5700073242,496.6499938965,357520,0.0,0.0,MSFT,微软,Microsoft Corporation,USD,18,20,MSFT,480.35,3566861025280,26.790295,20.376884,1.099,0.73,3.64,0.1983,349.2,553.72,223000,59.565,8.0643,0.40305,0.14088,0.34039003,44.668,76842999808,128812998656,331839012864,194237005824,0.67944,0.45111,29.118,1.099,1.23,0.7593,0.00090000004,2.17,7425545491,7414481428,569.5583,870.0,400.0,1.35714,53,331839000000.0,106374000000.0,225465000000.0,155237000000.0,133749000000.0,17.95,18.0,0,34666000000.0,32185000000.0,165934000000.0,207519000000.0,168985000000.0,201794000000.0,129134650000.0,38534000000.0,7453000000.0,7429000000.0,758376000000.0,315989000000.0,442387000000.0,56826000000.0,19359000000.0,20935000000.0,76651000000.0,1397000000.0,80876000000.0,337253000000.0,455944000000.0,-118691000000.0,119651000000.0,0,31067000000.0,168825000000.0,207710000000.0,38885000000.0,328265000000.0,117406000000.0,117406000000.0,442387000000.0,304127000000.0,482681000000.0,473454000000.0,182935000000.0,66987000000.0,-115948000000.0,-26445000000.0,-22271000000.0,-52546000000.0,-139500000000.0,-9111000000.0,20935000000.0,30242000000.0,12405000000.0,38534000000.0,14189000000.0,133749000000.0,-4895000000.0,0.0,-3000000000.0,14,39,3,0,0,0,
2026-08-06 18:25:00+00:00,496.6400146484,497.7900085449,496.6185913086,497.3399963379,458942,0.0,0.0,MSFT,微软,Microsoft Corporation,USD,18,25,MSFT,480.35,3566861025280,26.790295,20.376884,1.099,0.73,3.64,0.1983,349.2,553.72,223000,59.565,8.0643,0.40305,0.14088,0.34039003,44.668,76842999808,128812998656,331839012864,194237005824,0.67944,0.45111,29.118,1.099,1.23,0.7593,0.00090000004,2.17,7425545491,7414481428,569.5583,870.0,400.0,1.35714,53,331839000000.0,106374000000.0,225465000000.0,155237000000.0,133749000000.0,17.95,18.0,0,34666000000.0,32185000000.0,165934000000.0,207519000000.0,168985000000.0,201794000000.0,129134650000.0,38534000000.0,7453000000.0,7429000000.0,758376000000.0,315989000000.0,442387000000.0,56826000000.0,19359000000.0,20935000000.0,76651000000.0,1397000000.0,80876000000.0,337253000000.0,455944000000.0,-118691000000.0,119651000000.0,0,31067000000.0,168825000000.0,207710000000.0,38885000000.0,328265000000.0,117406000000.0,117406000000.0,442387000000.0,304127000000.0,482681000000.0,473454000000.0,182935000000.0,66987000000.0,-115948000000.0,-26445000000.0,-22271000000.0,-52546000000.0,-139500000000.0,-9111000000.0,20935000000.0,30242000000.0,12405000000.0,38534000000.0,14189000000.0,133749000000.0,-4895000000.0,0.0,-3000000000.0,14,39,3,0,0,0,
2026-08-06 18:30:00+00:00,497.3398132324,497.6600036621,497.1099853516,497.5299987793,182325,0.0,0.0,MSFT,微软,Microsoft Corporation,USD,18,30,MSFT,480.35,3566861025280,26.790295,20.376884,1.099,0.73,3.64,0.1983,349.2,553.72,223000,59.565,8.0643,0.40305,0.14088,0.34039003,44.668,76842999808,128812998656,331839012864,194237005824,0.67944,0.45111,29.118,1.099,1.23,0.7593,0.00090000004,2.17,7425545491,7414481428,569.5583,870.0,400.0,1.35714,53,331839000000.0,106374000000.0,225465000000.0,155237000000.0,133749000000.0,17.95,18.0,0,34666000000.0,32185000000.0,165934000000.0,207519000000.0,168985000000.0,201794000000.0,129134650000.0,38534000000.0,7453000000.0,7429000000.0,758376000000.0,315989000000.0,442387000000.0,56826000000.0,19359000000.0,20935000000.0,76651000000.0,1397000000.0,80876000000.0,337253000000.0,455944000000.0,-118691000000.0,119651000000.0,0,31067000000.0,168825000000.0,207710000000.0,38885000000.0,328265000000.0,117406000000.0,117406000000.0,442387000000.0,304127000000.0,482681000000.0,473454000000.0,182935000000.0,66987000000.0,-115948000000.0,-26445000000.0,-22271000000.0,-52546000000.0,-139500000000.0,-9111000000.0,20935000000.0,30242000000.0,12405000000.0,38534000000.0,14189000000.0,133749000000.0,-4895000000.0,0.0,-3000000000.0,14,39,3,0,0,0,
2026-08-06 18:35:00+00:00,497.5400085449,497.6199951172,496.5100097656,496.5799865723,234103,0.0,0.0,MSFT,微软,Microsoft Corporation,USD,18,35,MSFT,480.35,3566861025280,26.790295,20.376884,1.099,0.73,3.64,0.1983,349.2,553.72,223000,59.565,8.0643,0.40305,0.14088,0.34039003,44.668,76842999808,128812998656,331839012864,194237005824,0.67944,0.45111,29.118,1.099,1.23,0.7593,0.00090000004,2.17,7425545491,7414481428,569.5583,870.0,400.0,1.35714,53,331839000000.0,106374000000.0,225465000000.0,155237000000.0,133749000000.0,17.95,18.0,0,34666000000.0,32185000000.0,165934000000.0,207519000000.0,168985000000.0,201794000000.0,129134650000.0,38534000000.0,7453000000.0,7429000000.0,758376000000.0,315989000000.0,442387000000.0,56826000000.0,19359000000.0,20935000000.0,76651000000.0,1397000000.0,80876000000.0,337253000000.0,455944000000.0,-118691000000.0,119651000000.0,0,31067000000.0,168825000000.0,207710000000.0,38885000000.0,328265000000.0,117406000000.0,117406000000.0,442387000000.0,304127000000.0,482681000000.0,473454000000.0,182935000000.0,66987000000.0,-115948000000.0,-26445000000.0,-22271000000.0,-52546000000.0,-139500000000.0,-9111000000.0,20935000000.0,30242000000.0,12405000000.0,38534000000.0,14189000000.0,133749000000.0,-4895000000.0,0.0,-3000000000.0,14,39,3,0,0,0,
2026-08-06 18:40:00+00:00,496.5100097656,496.8500061035,496.3500061035,496.6799926758,286204,0.0,0.0,MSFT,微软,Microsoft Corporation,USD,18,40,MSFT,480.35,3566861025280,26.790295,20.376884,1.099,0.73,3.64,0.1983,349.2,553.72,223000,59.565,8.0643,0.40305,0.14088,0.34039003,44.668,76842999808,128812998656,331839012864,194237005824,0.67944,0.45111,29.118,1.099,1.23,0.7593,0.00090000004,2.17,7425545491,7414481428,569.5583,870.0,400.0,1.35714,53,331839000000.0,106374000000.0,225465000000.0,155237000000.0,133749000000.0,17.95,18.0,0,34666000000.0,32185000000.0,165934000000.0,207519000000.0,168985000000.0,201794000000.0,129134650000.0,38534000000.0,7453000000.0,7429000000.0,758376000000.0,315989000000.0,442387000000.0,56826000000.0,19359000000.0,20935000000.0,76651000000.0,1397000000.0,80876000000.0,337253000000.0,455944000000.0,-118691000000.0,119651000000.0,0,31067000000.0,168825000000.0,207710000000.0,38885000000.0,328265000000.0,117406000000.0,117406000000.0,442387000000.0,304127000000.0,482681000000.0,473454000000.0,182935000000.0,66987000000.0,-115948000000.0,-26445000000.0,-22271000000.0,-52546000000.0,-139500000000.0,-9111000000.0,20935000000.0,30242000000.0,12405000000.0,38534000000.0,14189000000.0,133749000000.0,-4895000000.0,0.0,-3000000000.0,14,39,3,0,0,0,
2026-08-06 18:45:00+00:00,496.6900024414,497.1716918945,496.6499938965,497.0050048828,165929,0.0,0.0,MSFT,微软,Microsoft Corporation,USD,18,45,MSFT,480.35,3566861025280,26.790295,20.376884,1.099,0.73,3.64,0.1983,349.2,553.72,223000,59.565,8.0643,0.40305,0.14088,0.34039003,44.668,76842999808,128812998656,331839012864,194237005824,0.67944,0.45111,29.118,1.099,1.23,0.7593,0.00090000004,2.17,7425545491,7414481428,569.5583,870.0,400.0,1.35714,53,331839000000.0,106374000000.0,225465000000.0,155237000000.0,133749000000.0,17.95,18.0,0,34666000000.0,32185000000.0,165934000000.0,207519000000.0,168985000000.0,201794000000.0,129134650000.0,38534000000.0,7453000000.0,7429000000.0,758376000000.0,315989000000.0,442387000000.0,56826000000.0,19359000000.0,20935000000.0,76651000000.0,1397000000.0,80876000000.0,337253000000.0,455944000000.0,-118691000000.0,119651000000.0,0,31067000000.0,168825000000.0,207710000000.0,38885000000.0,328265000000.0,117406000000.0,117406000000.0,442387000000.0,304127000000.0,482681000000.0,473454000000.0,182935000000.0,66987000000.0,-115948000000.0,-26445000000.0,-22271000000.0,-52546000000.0,-139500000000.0,-9111000000.0,20935000000.0,30242000000.0,12405000000.0,38534000000.0,14189000000.0,133749000000.0,-4895000000.0,0.0,-3000000000.0,14,39,3,0,0,0,
2026-08-06 18:50:00+00:00,497.0050048828,497.2600097656,496.8299865723,496.950012207,152001,0.0,0.0,MSFT,微软,Microsoft Corporation,USD,18,50,MSFT,480.35,3566861025280,26.790295,20.376884,1.099,0.73,3.64,0.1983,349.2,553.72,223000,59.565,8.0643,0.40305,0.14088,0.34039003,44.668,76842999808,128812998656,331839012864,194237005824,0.67944,0.45111,29.118,1.099,1.23,0.7593,0.00090000004,2.17,7425545491,7414481428,569.5583,870.0,400.0,1.35714,53,331839000000.0,106374000000.0,225465000000.0,155237000000.0,133749000000.0,17.95,18.0,0,34666000000.0,32185000000.0,165934000000.0,207519000000.0,168985000000.0,201794000000.0,129134650000.0,38534000000.0,7453000000.0,7429000000.0,758376000000.0,315989000000.0,442387000000.0,56826000000.0,19359000000.0,20935000000.0,76651000000.0,1397000000.0,80876000000.0,337253000000.0,455944000000.0,-118691000000.0,119651000000.0,0,31067000000.0,168825000000.0,207710000000.0,38885000000.0,328265000000.0,117406000000.0,117406000000.0,442387000000.0,304127000000.0,482681000000.0,473454000000.0,182935000000.0,66987000000.0,-115948000000.0,-26445000000.0,-22271000000.0,-52546000000.0,-139500000000.0,-9111000000.0,20935000000.0,30242000000.0,12405000000.0,38534000000.0,14189000000.0,133749000000.0,-4895000000.0,0.0,-3000000000.0,14,39,3,0,0,0,
2026-08-06 18:55:00+00:00,496.9200134277,497.1099853516,496.8099975586,497.0400085449,550871,0.0,0.0,MSFT,微软,Microsoft Corporation,USD,18,55,MSFT,480.35,3566861025280,26.790295,20.376884,1.099,0.73,3.64,0.1983,349.2,553.72,223000,59.565,8.0643,0.40305,0.14088,0.34039003,44.668,76842999808,128812998656,331839012864,194237005824,0.67944,0.45111,29.118,1.099,1.23,0.7593,0.00090000004,2.17,7425545491,7414481428,569.5583,870.0,400.0,1.35714,53,331839000000.0,106374000000.0,225465000000.0,155237000000.0,133749000000.0,17.95,18.0,0,34666000000.0,32185000000.0,165934000000.0,207519000000.0,168985000000.0,201794000000.0,129134650000.0,38534000000.0,7453000000.0,7429000000.0,758376000000.0,315989000000.0,442387000000.0,56826000000.0,19359000000.0,20935000000.0,76651000000.0,1397000000.0,80876000000.0,337253000000.0,455944000000.0,-118691000000.0,119651000000.0,0,31067000000.0,168825000000.0,207710000000.0,38885000000.0,328265000000.0,117406000000.0,117406000000.0,442387000000.0,304127000000.0,482681000000.0,473454000000.0,182935000000.0,66987000000.0,-115948000000.0,-26445000000.0,-22271000000.0,-52546000000.0,-139500000000.0,-9111000000.0,20935000000.0,30242000000.0,12405000000.0,38534000000.0,14189000000.0,133749000000.0,-4895000000.0,0.0,-3000000000.0,14,39,3,0,0,0,
2026-08-06 19:00:00+00:00,497.0799865723,497.3399963379,497.0299987793,497.2799987793,139606,0.0,0.0,MSFT,微软,Microsoft Corporation,USD,19,0,MSFT,480.35,3566861025280,26.790295,20.376884,1.099,0.73,3.64,0.1983,349.2,553.72,223000,59.565,8.0643,0.40305,0.14088,0.34039003,44.668,76842999808,128812998656,331839012864,194237005824,0.67944,0.45111,29.118,1.099,1.23,0.7593,0.00090000004,2.17,7425545491,7414481428,569.5583,870.0,400.0,1.35714,53,331839000000.0,106374000000.0,225465000000.0,155237000000.0,133749000000.0,17.95,18.0,0,34666000000.0,32185000000.0,165934000000.0,207519000000.0,168985000000.0,201794000000.0,129134650000.0,38534000000.0,7453000000.0,7429000000.0,758376000000.0,315989000000.0,442387000000.0,56826000000.0,19359000000.0,20935000000.0,76651000000.0,1397000000.0,80876000000.0,337253000000.0,455944000000.0,-118691000000.0,119651000000.0,0,31067000000.0,168825000000.0,207710000000.0,38885000000.0,328265000000.0,117406000000.0,117406000000.0,442387000000.0,304127000000.0,482681000000.0,473454000000.0,182935000000.0,66987000000.0,-115948000000.0,-26445000000.0,-22271000000.0,-52546000000.0,-139500000000.0,-9111000000.0,20935000000.0,30242000000.0,12405000000.0,38534000000.0,14189000000.0,133749000000.0,-4895000000.0,0.0,-3000000000.0,14,39,3,0,0,0,
2026-08-06 19:05:00+00:00,497.2326965332,497.3999938965,496.9100036621,497.2950134277,157542,0.0,0.0,MSFT,微软,Microsoft Corporation,USD,19,5,MSFT,480.35,3566861025280,26.790295,20.376884,1.099,0.73,3.64,0.1983,349.2,553.72,223000,59.565,8.0643,0.40305,0.14088,0.34039003,44.668,76842999808,128812998656,331839012864,194237005824,0.67944,0.45111,29.118,1.099,1.23,0.7593,0.00090000004,2.17,7425545491,7414481428,569.5583,870.0,400.0,1.35714,53,331839000000.0,106374000000.0,225465000000.0,155237000000.0,133749000000.0,17.95,18.0,0,34666000000.0,32185000000.0,165934000000.0,207519000000.0,168985000000.0,201794000000.0,129134650000.0,38534000000.0,7453000000.0,7429000000.0,758376000000.0,315989000000.0,442387000000.0,56826000000.0,19359000000.0,20935000000.0,76651000000.0,1397000000.0,80876000000.0,337253000000.0,455944000000.0,-118691000000.0,119651000000.0,0,31067000000.0,168825000000.0,207710000000.0,38885000000.0,328265000000.0,117406000000.0,117406000000.0,442387000000.0,304127000000.0,482681000000.0,473454000000.0,182935000000.0,66987000000.0,-115948000000.0,-26445000000.0,-22271000000.0,-52546000000.0,-139500000000.0,-9111000000.0,20935000000.0,30242000000.0,12405000000.0,38534000000.0,14189000000.0,133749000000.0,-4895000000.0,0.0,-3000000000.0,14,39,3,0,0,0,
2026-08-06 19:10:00+00:00,497.3150024414,497.8890991211,497.2449951172,497.7799987793,227658,0.0,0.0,MSFT,微软,Microsoft Corporation,USD,19,10,MSFT,480.35,3566861025280,26.790295,20.376884,1.099,0.73,3.64,0.1983,349.2,553.72,223000,59.565,8.0643,0.40305,0.14088,0.34039003,44.668,76842999808,128812998656,331839012864,194237005824,0.67944,0.45111,29.118,1.099,1.23,0.7593,0.00090000004,2.17,7425545491,7414481428,569.5583,870.0,400.0,1.35714,53,331839000000.0,106374000000.0,225465000000.0,155237000000.0,133749000000.0,17.95,18.0,0,34666000000.0,32185000000.0,165934000000.0,207519000000.0,168985000000.0,201794000000.0,129134650000.0,38534000000.0,7453000000.0,7429000000.0,758376000000.0,315989000000.0,442387000000.0,56826000000.0,19359000000.0,20935000000.0,76651000000.0,1397000000.0,80876000000.0,337253000000.0,455944000000.0,-118691000000.0,119651000000.0,0,31067000000.0,168825000000.0,207710000000.0,38885000000.0,328265000000.0,117406000000.0,117406000000.0,442387000000.0,304127000000.0,482681000000.0,473454000000.0,182935000000.0,66987000000.0,-115948000000.0,-26445000000.0,-22271000000.0,-52546000000.0,-139500000000.0,-9111000000.0,20935000000.0,30242000000.0,12405000000.0,38534000000.0,14189000000.0,133749000000.0,-4895000000.0,0.0,-3000000000.0,14,39,3,0,0,0,
2026-08-06 19:15:00+00:00,497.7650146484,497.9899902344,497.2399902344,497.6000061035,207512,0.0,0.0,MSFT,微软,Microsoft Corporation,USD,19,15,MSFT,480.35,3566861025280,26.790295,20.376884,1.099,0.73,3.64,0.1983,349.2,553.72,223000,59.565,8.0643,0.40305,0.14088,0.34039003,44.668,76842999808,128812998656,331839012864,194237005824,0.67944,0.45111,29.118,1.099,1.23,0.7593,0.00090000004,2.17,7425545491,7414481428,569.5583,870.0,400.0,1.35714,53,331839000000.0,106374000000.0,225465000000.0,155237000000.0,133749000000.0,17.95,18.0,0,34666000000.0,32185000000.0,165934000000.0,207519000000.0,168985000000.0,201794000000.0,129134650000.0,38534000000.0,7453000000.0,7429000000.0,758376000000.0,315989000000.0,442387000000.0,56826000000.0,19359000000.0,20935000000.0,76651000000.0,1397000000.0,80876000000.0,337253000000.0,455944000000.0,-118691000000.0,119651000000.0,0,31067000000.0,168825000000.0,207710000000.0,38885000000.0,328265000000.0,117406000000.0,117406000000.0,442387000000.0,304127000000.0,482681000000.0,473454000000.0,182935000000.0,66987000000.0,-115948000000.0,-26445000000.0,-22271000000.0,-52546000000.0,-139500000000.0,-9111000000.0,20935000000.0,30242000000.0,12405000000.0,38534000000.0,14189000000.0,133749000000.0,-4895000000.0,0.0,-3000000000.0,14,39,3,0,0,0,
2026-08-06 19:20:00+00:00,497.6099853516,498.3999938965,497.5439147949,498.3500061035,405332,0.0,0.0,MSFT,微软,Microsoft Corporation,USD,19,20,MSFT,480.35,3566861025280,26.790295,20.376884,1.099,0.73,3.64,0.1983,349.2,553.72,223000,59.565,8.0643,0.40305,0.14088,0.34039003,44.668,76842999808,128812998656,331839012864,194237005824,0.67944,0.45111,29.118,1.099,1.23,0.7593,0.00090000004,2.17,7425545491,7414481428,569.5583,870.0,400.0,1.35714,53,331839000000.0,106374000000.0,225465000000.0,155237000000.0,133749000000.0,17.95,18.0,0,34666000000.0,32185000000.0,165934000000.0,207519000000.0,168985000000.0,201794000000.0,129134650000.0,38534000000.0,7453000000.0,7429000000.0,758376000000.0,315989000000.0,442387000000.0,56826000000.0,19359000000.0,20935000000.0,76651000000.0,1397000000.0,80876000000.0,337253000000.0,455944000000.0,-118691000000.0,119651000000.0,0,31067000000.0,168825000000.0,207710000000.0,38885000000.0,328265000000.0,117406000000.0,117406000000.0,442387000000.0,304127000000.0,482681000000.0,473454000000.0,182935000000.0,66987000000.0,-115948000000.0,-26445000000.0,-22271000000.0,-52546000000.0,-139500000000.0,-9111000000.0,20935000000.0,30242000000.0,12405000000.0,38534000000.0,14189000000.0,133749000000.0,-4895000000.0,0.0,-3000000000.0,14,39,3,0,0,0,
2026-08-06 19:25:00+00:00,498.3699951172,498.9899902344,498.2600097656,498.8800048828,498521,0.0,0.0,MSFT,微软,Microsoft Corporation,USD,19,25,MSFT,480.35,3566861025280,26.790295,20.376884,1.099,0.73,3.64,0.1983,349.2,553.72,223000,59.565,8.0643,0.40305,0.14088,0.34039003,44.668,76842999808,128812998656,331839012864,194237005824,0.67944,0.45111,29.118,1.099,1.23,0.7593,0.00090000004,2.17,7425545491,7414481428,569.5583,870.0,400.0,1.35714,53,331839000000.0,106374000000.0,225465000000.0,155237000000.0,133749000000.0,17.95,18.0,0,34666000000.0,32185000000.0,165934000000.0,207519000000.0,168985000000.0,201794000000.0,129134650000.0,38534000000.0,7453000000.0,7429000000.0,758376000000.0,315989000000.0,442387000000.0,56826000000.0,19359000000.0,20935000000.0,76651000000.0,1397000000.0,80876000000.0,337253000000.0,455944000000.0,-118691000000.0,119651000000.0,0,31067000000.0,168825000000.0,207710000000.0,38885000000.0,328265000000.0,117406000000.0,117406000000.0,442387000000.0,304127000000.0,482681000000.0,473454000000.0,182935000000.0,66987000000.0,-115948000000.0,-26445000000.0,-22271000000.0,-52546000000.0,-139500000000.0,-9111000000.0,20935000000.0,30242000000.0,12405000000.0,38534000000.0,14189000000.0,133749000000.0,-4895000000.0,0.0,-3000000000.0,14,39,3,0,0,0,
2026-08-06 19:30:00+00:00,498.8949890137,499.8900146484,498.8200073242,499.1799926758,822401,0.0,0.0,MSFT,微软,Microsoft Corporation,USD,19,30,MSFT,480.35,3566861025280,26.790295,20.376884,1.099,0.73,3.64,0.1983,349.2,553.72,223000,59.565,8.0643,0.40305,0.14088,0.34039003,44.668,76842999808,128812998656,331839012864,194237005824,0.67944,0.45111,29.118,1.099,1.23,0.7593,0.00090000004,2.17,7425545491,7414481428,569.5583,870.0,400.0,1.35714,53,331839000000.0,106374000000.0,225465000000.0,155237000000.0,133749000000.0,17.95,18.0,0,34666000000.0,32185000000.0,165934000000.0,207519000000.0,168985000000.0,201794000000.0,129134650000.0,38534000000.0,7453000000.0,7429000000.0,758376000000.0,315989000000.0,442387000000.0,56826000000.0,19359000000.0,20935000000.0,76651000000.0,1397000000.0,80876000000.0,337253000000.0,455944000000.0,-118691000000.0,119651000000.0,0,31067000000.0,168825000000.0,207710000000.0,38885000000.0,328265000000.0,117406000000.0,117406000000.0,442387000000.0,304127000000.0,482681000000.0,473454000000.0,182935000000.0,66987000000.0,-115948000000.0,-26445000000.0,-22271000000.0,-52546000000.0,-139500000000.0,-9111000000.0,20935000000.0,30242000000.0,12405000000.0,38534000000.0,14189000000.0,133749000000.0,-4895000000.0,0.0,-3000000000.0,14,39,3,0,0,0,
2026-08-06 19:35:00+00:00,499.1700134277,499.6700134277,498.8299865723,499.5050048828,479846,0.0,0.0,MSFT,微软,Microsoft Corporation,USD,19,35,MSFT,480.35,3566861025280,26.790295,20.376884,1.099,0.73,3.64,0.1983,349.2,553.72,223000,59.565,8.0643,0.40305,0.14088,0.34039003,44.668,76842999808,128812998656,331839012864,194237005824,0.67944,0.45111,29.118,1.099,1.23,0.7593,0.00090000004,2.17,7425545491,7414481428,569.5583,870.0,400.0,1.35714,53,331839000000.0,106374000000.0,225465000000.0,155237000000.0,133749000000.0,17.95,18.0,0,34666000000.0,32185000000.0,165934000000.0,207519000000.0,168985000000.0,201794000000.0,129134650000.0,38534000000.0,7453000000.0,7429000000.0,758376000000.0,315989000000.0,442387000000.0,56826000000.0,19359000000.0,20935000000.0,76651000000.0,1397000000.0,80876000000.0,337253000000.0,455944000000.0,-118691000000.0,119651000000.0,0,31067000000.0,168825000000.0,207710000000.0,38885000000.0,328265000000.0,117406000000.0,117406000000.0,442387000000.0,304127000000.0,482681000000.0,473454000000.0,182935000000.0,66987000000.0,-115948000000.0,-26445000000.0,-22271000000.0,-52546000000.0,-139500000000.0,-9111000000.0,20935000000.0,30242000000.0,12405000000.0,38534000000.0,14189000000.0,133749000000.0,-4895000000.0,0.0,-3000000000.0,14,39,3,0,0,0,
2026-08-06 19:40:00+00:00,499.5400085449,499.5598144531,498.7699890137,498.9700012207,277580,0.0,0.0,MSFT,微软,Microsoft Corporation,USD,19,40,MSFT,480.35,3566861025280,26.790295,20.376884,1.099,0.73,3.64,0.1983,349.2,553.72,223000,59.565,8.0643,0.40305,0.14088,0.34039003,44.668,76842999808,128812998656,331839012864,194237005824,0.67944,0.45111,29.118,1.099,1.23,0.7593,0.00090000004,2.17,7425545491,7414481428,569.5583,870.0,400.0,1.35714,53,331839000000.0,106374000000.0,225465000000.0,155237000000.0,133749000000.0,17.95,18.0,0,34666000000.0,32185000000.0,165934000000.0,207519000000.0,168985000000.0,201794000000.0,129134650000.0,38534000000.0,7453000000.0,7429000000.0,758376000000.0,315989000000.0,442387000000.0,56826000000.0,19359000000.0,20935000000.0,76651000000.0,1397000000.0,80876000000.0,337253000000.0,455944000000.0,-118691000000.0,119651000000.0,0,31067000000.0,168825000000.0,207710000000.0,38885000000.0,328265000000.0,117406000000.0,117406000000.0,442387000000.0,304127000000.0,482681000000.0,473454000000.0,182935000000.0,66987000000.0,-115948000000.0,-26445000000.0,-22271000000.0,-52546000000.0,-139500000000.0,-9111000000.0,20935000000.0,30242000000.0,12405000000.0,38534000000.0,14189000000.0,133749000000.0,-4895000000.0,0.0,-3000000000.0,14,39,3,0,0,0,
2026-08-06 19:45:00+00:00,498.9299926758,499.1000061035,497.6900024414,498.2449951172,320046,0.0,0.0,MSFT,微软,Microsoft Corporation,USD,19,45,MSFT,480.35,3566861025280,26.790295,20.376884,1.099,0.73,3.64,0.1983,349.2,553.72,223000,59.565,8.0643,0.40305,0.14088,0.34039003,44.668,76842999808,128812998656,331839012864,194237005824,0.67944,0.45111,29.118,1.099,1.23,0.7593,0.00090000004,2.17,7425545491,7414481428,569.5583,870.0,400.0,1.35714,53,331839000000.0,106374000000.0,225465000000.0,155237000000.0,133749000000.0,17.95,18.0,0,34666000000.0,32185000000.0,165934000000.0,207519000000.0,168985000000.0,201794000000.0,129134650000.0,38534000000.0,7453000000.0,7429000000.0,758376000000.0,315989000000.0,442387000000.0,56826000000.0,19359000000.0,20935000000.0,76651000000.0,1397000000.0,80876000000.0,337253000000.0,455944000000.0,-118691000000.0,119651000000.0,0,31067000000.0,168825000000.0,207710000000.0,38885000000.0,328265000000.0,117406000000.0,117406000000.0,442387000000.0,304127000000.0,482681000000.0,473454000000.0,182935000000.0,66987000000.0,-115948000000.0,-26445000000.0,-22271000000.0,-52546000000.0,-139500000000.0,-9111000000.0,20935000000.0,30242000000.0,12405000000.0,38534000000.0,14189000000.0,133749000000.0,-4895000000.0,0.0,-3000000000.0,14,39,3,0,0,0,
2026-08-06 19:50:00+00:00,498.200012207,499.950012207,497.3099975586,499.8299865723,703163,0.0,0.0,MSFT,微软,Microsoft Corporation,USD,19,50,MSFT,480.35,3566861025280,26.790295,20.376884,1.099,0.73,3.64,0.1983,349.2,553.72,223000,59.565,8.0643,0.40305,0.14088,0.34039003,44.668,76842999808,128812998656,331839012864,194237005824,0.67944,0.45111,29.118,1.099,1.23,0.7593,0.00090000004,2.17,7425545491,7414481428,569.5583,870.0,400.0,1.35714,53,331839000000.0,106374000000.0,225465000000.0,155237000000.0,133749000000.0,17.95,18.0,0,34666000000.0,32185000000.0,165934000000.0,207519000000.0,168985000000.0,201794000000.0,129134650000.0,38534000000.0,7453000000.0,7429000000.0,758376000000.0,315989000000.0,442387000000.0,56826000000.0,19359000000.0,20935000000.0,76651000000.0,1397000000.0,80876000000.0,337253000000.0,455944000000.0,-118691000000.0,119651000000.0,0,31067000000.0,168825000000.0,207710000000.0,38885000000.0,328265000000.0,117406000000.0,117406000000.0,442387000000.0,304127000000.0,482681000000.0,473454000000.0,182935000000.0,66987000000.0,-115948000000.0,-26445000000.0,-22271000000.0,-52546000000.0,-139500000000.0,-9111000000.0,20935000000.0,30242000000.0,12405000000.0,38534000000.0,14189000000.0,133749000000.0,-4895000000.0,0.0,-3000000000.0,14,39,3,0,0,0,
2026-08-06 19:55:00+00:00,499.8099975586,501.5549926758,499.6400146484,499.8599853516,3330761,0.0,0.0,MSFT,微软,Microsoft Corporation,USD,19,55,MSFT,480.35,3566861025280,26.790295,20.376884,1.099,0.73,3.64,0.1983,349.2,553.72,223000,59.565,8.0643,0.40305,0.14088,0.34039003,44.668,76842999808,128812998656,331839012864,194237005824,0.67944,0.45111,29.118,1.099,1.23,0.7593,0.00090000004,2.17,7425545491,7414481428,569.5583,870.0,400.0,1.35714,53,331839000000.0,106374000000.0,225465000000.0,155237000000.0,133749000000.0,17.95,18.0,0,34666000000.0,32185000000.0,165934000000.0,207519000000.0,168985000000.0,201794000000.0,129134650000.0,38534000000.0,7453000000.0,7429000000.0,758376000000.0,315989000000.0,442387000000.0,56826000000.0,19359000000.0,20935000000.0,76651000000.0,1397000000.0,80876000000.0,337253000000.0,455944000000.0,-118691000000.0,119651000000.0,0,31067000000.0,168825000000.0,207710000000.0,38885000000.0,328265000000.0,117406000000.0,117406000000.0,442387000000.0,304127000000.0,482681000000.0,473454000000.0,182935000000.0,66987000000.0,-115948000000.0,-26445000000.0,-22271000000.0,-52546000000.0,-139500000000.0,-9111000000.0,20935000000.0,30242000000.0,12405000000.0,38534000000.0,14189000000.0,133749000000.0,-4895000000.0,0.0,-3000000000.0,14,39,3,0,0,0,
