timestamp,open,high,low,close,volume,Dividends,Stock Splits,thscode,thsname_cn,thsname_en,currency,hour,minute,ticker,si_current_price,si_market_cap,si_pe_trailing,si_pe_forward,si_beta,si_dividend_yield,si_dividend_rate,si_payout_ratio,si_52w_low,si_52w_high,si_employees,si_book_value,si_price_to_book,si_profit_margin,si_roa,si_roe,si_revenue_per_share,si_total_cash,si_total_debt,si_total_revenue,si_ebitda,si_gross_margins,si_operating_margins,si_debt_to_equity,si_quick_ratio,si_current_ratio,si_inst_pct,si_insider_pct,si_short_ratio,si_shares_outstanding,si_float_shares,si_target_mean,si_target_high,si_target_low,si_recommendation_mean,si_num_analysts,inc_total_revenue,inc_cost_of_revenue,inc_gross_profit,inc_operating_income,inc_net_income,inc_diluted_eps,inc_basic_eps,inc_rd,inc_sga,inc_tax_provision,inc_pretax_income,inc_ebitda,inc_ebit,inc_norm_ebitda,inc_norm_income,inc_depreciation,inc_diluted_shares,inc_basic_shares,bs_total_assets,bs_total_liabilities,bs_stockholders_equity,bs_total_debt,bs_net_debt,bs_cash,bs_cash_short_inv,bs_inventory,bs_receivables,bs_net_ppe,bs_gross_ppe,bs_accum_depreciation,bs_goodwill,bs_intangible_assets,bs_long_term_debt,bs_current_liabilities,bs_current_assets,bs_working_capital,bs_retained_earnings,bs_common_stock,bs_capital_stock,bs_total_equity,bs_tangible_book_value,bs_invested_capital,bs_total_capitalization,cf_operating,cf_free,cf_capex,cf_dividends_paid,cf_stock_repurchases,cf_financing,cf_investing,cf_net_change,cf_end_cash,cf_begin_cash,cf_stock_comp,cf_depreciation,cf_deferred_tax,cf_net_income_ops,cf_change_wc,cf_issuance_debt,cf_repayment_debt,rec_strong_buy,rec_buy,rec_hold,rec_sell,rec_strong_sell,news_count,news_latest_headline
2026-07-22 13:30:00+00:00,399.5799865723,401.0,394.2200012207,394.6000061035,1212540,0.0,0.0,MSFT,微软,Microsoft Corporation,USD,13,30,MSFT,480.35,3566861025280,26.790295,20.376884,1.099,0.73,3.64,0.1983,349.2,553.72,223000,59.565,8.0643,0.40305,0.14088,0.34039003,44.668,76842999808,128812998656,331839012864,194237005824,0.67944,0.45111,29.118,1.099,1.23,0.7593,0.00090000004,2.17,7425545491,7414481428,569.5583,870.0,400.0,1.35714,53,331839000000.0,106374000000.0,225465000000.0,155237000000.0,133749000000.0,17.95,18.0,0,34666000000.0,32185000000.0,165934000000.0,207519000000.0,168985000000.0,201794000000.0,129134650000.0,38534000000.0,7453000000.0,7429000000.0,758376000000.0,315989000000.0,442387000000.0,56826000000.0,19359000000.0,20935000000.0,76651000000.0,1397000000.0,80876000000.0,337253000000.0,455944000000.0,-118691000000.0,119651000000.0,0,31067000000.0,168825000000.0,207710000000.0,38885000000.0,328265000000.0,117406000000.0,117406000000.0,442387000000.0,304127000000.0,482681000000.0,473454000000.0,182935000000.0,66987000000.0,-115948000000.0,-26445000000.0,-22271000000.0,-52546000000.0,-139500000000.0,-9111000000.0,20935000000.0,30242000000.0,12405000000.0,38534000000.0,14189000000.0,133749000000.0,-4895000000.0,0.0,-3000000000.0,14,39,3,0,0,0,
2026-07-22 13:35:00+00:00,394.6499938965,395.3699035645,392.799987793,392.9700012207,474934,0.0,0.0,MSFT,微软,Microsoft Corporation,USD,13,35,MSFT,480.35,3566861025280,26.790295,20.376884,1.099,0.73,3.64,0.1983,349.2,553.72,223000,59.565,8.0643,0.40305,0.14088,0.34039003,44.668,76842999808,128812998656,331839012864,194237005824,0.67944,0.45111,29.118,1.099,1.23,0.7593,0.00090000004,2.17,7425545491,7414481428,569.5583,870.0,400.0,1.35714,53,331839000000.0,106374000000.0,225465000000.0,155237000000.0,133749000000.0,17.95,18.0,0,34666000000.0,32185000000.0,165934000000.0,207519000000.0,168985000000.0,201794000000.0,129134650000.0,38534000000.0,7453000000.0,7429000000.0,758376000000.0,315989000000.0,442387000000.0,56826000000.0,19359000000.0,20935000000.0,76651000000.0,1397000000.0,80876000000.0,337253000000.0,455944000000.0,-118691000000.0,119651000000.0,0,31067000000.0,168825000000.0,207710000000.0,38885000000.0,328265000000.0,117406000000.0,117406000000.0,442387000000.0,304127000000.0,482681000000.0,473454000000.0,182935000000.0,66987000000.0,-115948000000.0,-26445000000.0,-22271000000.0,-52546000000.0,-139500000000.0,-9111000000.0,20935000000.0,30242000000.0,12405000000.0,38534000000.0,14189000000.0,133749000000.0,-4895000000.0,0.0,-3000000000.0,14,39,3,0,0,0,
2026-07-22 13:40:00+00:00,392.9800109863,393.1600036621,392.2099914551,392.4899902344,468120,0.0,0.0,MSFT,微软,Microsoft Corporation,USD,13,40,MSFT,480.35,3566861025280,26.790295,20.376884,1.099,0.73,3.64,0.1983,349.2,553.72,223000,59.565,8.0643,0.40305,0.14088,0.34039003,44.668,76842999808,128812998656,331839012864,194237005824,0.67944,0.45111,29.118,1.099,1.23,0.7593,0.00090000004,2.17,7425545491,7414481428,569.5583,870.0,400.0,1.35714,53,331839000000.0,106374000000.0,225465000000.0,155237000000.0,133749000000.0,17.95,18.0,0,34666000000.0,32185000000.0,165934000000.0,207519000000.0,168985000000.0,201794000000.0,129134650000.0,38534000000.0,7453000000.0,7429000000.0,758376000000.0,315989000000.0,442387000000.0,56826000000.0,19359000000.0,20935000000.0,76651000000.0,1397000000.0,80876000000.0,337253000000.0,455944000000.0,-118691000000.0,119651000000.0,0,31067000000.0,168825000000.0,207710000000.0,38885000000.0,328265000000.0,117406000000.0,117406000000.0,442387000000.0,304127000000.0,482681000000.0,473454000000.0,182935000000.0,66987000000.0,-115948000000.0,-26445000000.0,-22271000000.0,-52546000000.0,-139500000000.0,-9111000000.0,20935000000.0,30242000000.0,12405000000.0,38534000000.0,14189000000.0,133749000000.0,-4895000000.0,0.0,-3000000000.0,14,39,3,0,0,0,
2026-07-22 13:45:00+00:00,392.4949951172,393.4599914551,391.8599853516,392.2149963379,400381,0.0,0.0,MSFT,微软,Microsoft Corporation,USD,13,45,MSFT,480.35,3566861025280,26.790295,20.376884,1.099,0.73,3.64,0.1983,349.2,553.72,223000,59.565,8.0643,0.40305,0.14088,0.34039003,44.668,76842999808,128812998656,331839012864,194237005824,0.67944,0.45111,29.118,1.099,1.23,0.7593,0.00090000004,2.17,7425545491,7414481428,569.5583,870.0,400.0,1.35714,53,331839000000.0,106374000000.0,225465000000.0,155237000000.0,133749000000.0,17.95,18.0,0,34666000000.0,32185000000.0,165934000000.0,207519000000.0,168985000000.0,201794000000.0,129134650000.0,38534000000.0,7453000000.0,7429000000.0,758376000000.0,315989000000.0,442387000000.0,56826000000.0,19359000000.0,20935000000.0,76651000000.0,1397000000.0,80876000000.0,337253000000.0,455944000000.0,-118691000000.0,119651000000.0,0,31067000000.0,168825000000.0,207710000000.0,38885000000.0,328265000000.0,117406000000.0,117406000000.0,442387000000.0,304127000000.0,482681000000.0,473454000000.0,182935000000.0,66987000000.0,-115948000000.0,-26445000000.0,-22271000000.0,-52546000000.0,-139500000000.0,-9111000000.0,20935000000.0,30242000000.0,12405000000.0,38534000000.0,14189000000.0,133749000000.0,-4895000000.0,0.0,-3000000000.0,14,39,3,0,0,0,
2026-07-22 13:50:00+00:00,392.1900024414,392.3099975586,390.75,391.6600036621,439140,0.0,0.0,MSFT,微软,Microsoft Corporation,USD,13,50,MSFT,480.35,3566861025280,26.790295,20.376884,1.099,0.73,3.64,0.1983,349.2,553.72,223000,59.565,8.0643,0.40305,0.14088,0.34039003,44.668,76842999808,128812998656,331839012864,194237005824,0.67944,0.45111,29.118,1.099,1.23,0.7593,0.00090000004,2.17,7425545491,7414481428,569.5583,870.0,400.0,1.35714,53,331839000000.0,106374000000.0,225465000000.0,155237000000.0,133749000000.0,17.95,18.0,0,34666000000.0,32185000000.0,165934000000.0,207519000000.0,168985000000.0,201794000000.0,129134650000.0,38534000000.0,7453000000.0,7429000000.0,758376000000.0,315989000000.0,442387000000.0,56826000000.0,19359000000.0,20935000000.0,76651000000.0,1397000000.0,80876000000.0,337253000000.0,455944000000.0,-118691000000.0,119651000000.0,0,31067000000.0,168825000000.0,207710000000.0,38885000000.0,328265000000.0,117406000000.0,117406000000.0,442387000000.0,304127000000.0,482681000000.0,473454000000.0,182935000000.0,66987000000.0,-115948000000.0,-26445000000.0,-22271000000.0,-52546000000.0,-139500000000.0,-9111000000.0,20935000000.0,30242000000.0,12405000000.0,38534000000.0,14189000000.0,133749000000.0,-4895000000.0,0.0,-3000000000.0,14,39,3,0,0,0,
2026-07-22 13:55:00+00:00,391.6600036621,392.299987793,391.2799987793,391.5299987793,367216,0.0,0.0,MSFT,微软,Microsoft Corporation,USD,13,55,MSFT,480.35,3566861025280,26.790295,20.376884,1.099,0.73,3.64,0.1983,349.2,553.72,223000,59.565,8.0643,0.40305,0.14088,0.34039003,44.668,76842999808,128812998656,331839012864,194237005824,0.67944,0.45111,29.118,1.099,1.23,0.7593,0.00090000004,2.17,7425545491,7414481428,569.5583,870.0,400.0,1.35714,53,331839000000.0,106374000000.0,225465000000.0,155237000000.0,133749000000.0,17.95,18.0,0,34666000000.0,32185000000.0,165934000000.0,207519000000.0,168985000000.0,201794000000.0,129134650000.0,38534000000.0,7453000000.0,7429000000.0,758376000000.0,315989000000.0,442387000000.0,56826000000.0,19359000000.0,20935000000.0,76651000000.0,1397000000.0,80876000000.0,337253000000.0,455944000000.0,-118691000000.0,119651000000.0,0,31067000000.0,168825000000.0,207710000000.0,38885000000.0,328265000000.0,117406000000.0,117406000000.0,442387000000.0,304127000000.0,482681000000.0,473454000000.0,182935000000.0,66987000000.0,-115948000000.0,-26445000000.0,-22271000000.0,-52546000000.0,-139500000000.0,-9111000000.0,20935000000.0,30242000000.0,12405000000.0,38534000000.0,14189000000.0,133749000000.0,-4895000000.0,0.0,-3000000000.0,14,39,3,0,0,0,
2026-07-22 14:00:00+00:00,391.5799865723,392.6000061035,391.4899902344,392.1801147461,357450,0.0,0.0,MSFT,微软,Microsoft Corporation,USD,14,0,MSFT,480.35,3566861025280,26.790295,20.376884,1.099,0.73,3.64,0.1983,349.2,553.72,223000,59.565,8.0643,0.40305,0.14088,0.34039003,44.668,76842999808,128812998656,331839012864,194237005824,0.67944,0.45111,29.118,1.099,1.23,0.7593,0.00090000004,2.17,7425545491,7414481428,569.5583,870.0,400.0,1.35714,53,331839000000.0,106374000000.0,225465000000.0,155237000000.0,133749000000.0,17.95,18.0,0,34666000000.0,32185000000.0,165934000000.0,207519000000.0,168985000000.0,201794000000.0,129134650000.0,38534000000.0,7453000000.0,7429000000.0,758376000000.0,315989000000.0,442387000000.0,56826000000.0,19359000000.0,20935000000.0,76651000000.0,1397000000.0,80876000000.0,337253000000.0,455944000000.0,-118691000000.0,119651000000.0,0,31067000000.0,168825000000.0,207710000000.0,38885000000.0,328265000000.0,117406000000.0,117406000000.0,442387000000.0,304127000000.0,482681000000.0,473454000000.0,182935000000.0,66987000000.0,-115948000000.0,-26445000000.0,-22271000000.0,-52546000000.0,-139500000000.0,-9111000000.0,20935000000.0,30242000000.0,12405000000.0,38534000000.0,14189000000.0,133749000000.0,-4895000000.0,0.0,-3000000000.0,14,39,3,0,0,0,
2026-07-22 14:05:00+00:00,392.2650146484,393.0,391.7099914551,391.9400024414,261326,0.0,0.0,MSFT,微软,Microsoft Corporation,USD,14,5,MSFT,480.35,3566861025280,26.790295,20.376884,1.099,0.73,3.64,0.1983,349.2,553.72,223000,59.565,8.0643,0.40305,0.14088,0.34039003,44.668,76842999808,128812998656,331839012864,194237005824,0.67944,0.45111,29.118,1.099,1.23,0.7593,0.00090000004,2.17,7425545491,7414481428,569.5583,870.0,400.0,1.35714,53,331839000000.0,106374000000.0,225465000000.0,155237000000.0,133749000000.0,17.95,18.0,0,34666000000.0,32185000000.0,165934000000.0,207519000000.0,168985000000.0,201794000000.0,129134650000.0,38534000000.0,7453000000.0,7429000000.0,758376000000.0,315989000000.0,442387000000.0,56826000000.0,19359000000.0,20935000000.0,76651000000.0,1397000000.0,80876000000.0,337253000000.0,455944000000.0,-118691000000.0,119651000000.0,0,31067000000.0,168825000000.0,207710000000.0,38885000000.0,328265000000.0,117406000000.0,117406000000.0,442387000000.0,304127000000.0,482681000000.0,473454000000.0,182935000000.0,66987000000.0,-115948000000.0,-26445000000.0,-22271000000.0,-52546000000.0,-139500000000.0,-9111000000.0,20935000000.0,30242000000.0,12405000000.0,38534000000.0,14189000000.0,133749000000.0,-4895000000.0,0.0,-3000000000.0,14,39,3,0,0,0,
2026-07-22 14:10:00+00:00,391.8399963379,392.1301879883,391.5,391.6350097656,274020,0.0,0.0,MSFT,微软,Microsoft Corporation,USD,14,10,MSFT,480.35,3566861025280,26.790295,20.376884,1.099,0.73,3.64,0.1983,349.2,553.72,223000,59.565,8.0643,0.40305,0.14088,0.34039003,44.668,76842999808,128812998656,331839012864,194237005824,0.67944,0.45111,29.118,1.099,1.23,0.7593,0.00090000004,2.17,7425545491,7414481428,569.5583,870.0,400.0,1.35714,53,331839000000.0,106374000000.0,225465000000.0,155237000000.0,133749000000.0,17.95,18.0,0,34666000000.0,32185000000.0,165934000000.0,207519000000.0,168985000000.0,201794000000.0,129134650000.0,38534000000.0,7453000000.0,7429000000.0,758376000000.0,315989000000.0,442387000000.0,56826000000.0,19359000000.0,20935000000.0,76651000000.0,1397000000.0,80876000000.0,337253000000.0,455944000000.0,-118691000000.0,119651000000.0,0,31067000000.0,168825000000.0,207710000000.0,38885000000.0,328265000000.0,117406000000.0,117406000000.0,442387000000.0,304127000000.0,482681000000.0,473454000000.0,182935000000.0,66987000000.0,-115948000000.0,-26445000000.0,-22271000000.0,-52546000000.0,-139500000000.0,-9111000000.0,20935000000.0,30242000000.0,12405000000.0,38534000000.0,14189000000.0,133749000000.0,-4895000000.0,0.0,-3000000000.0,14,39,3,0,0,0,
2026-07-22 14:15:00+00:00,391.6600036621,392.0100097656,390.3099975586,390.3349914551,304379,0.0,0.0,MSFT,微软,Microsoft Corporation,USD,14,15,MSFT,480.35,3566861025280,26.790295,20.376884,1.099,0.73,3.64,0.1983,349.2,553.72,223000,59.565,8.0643,0.40305,0.14088,0.34039003,44.668,76842999808,128812998656,331839012864,194237005824,0.67944,0.45111,29.118,1.099,1.23,0.7593,0.00090000004,2.17,7425545491,7414481428,569.5583,870.0,400.0,1.35714,53,331839000000.0,106374000000.0,225465000000.0,155237000000.0,133749000000.0,17.95,18.0,0,34666000000.0,32185000000.0,165934000000.0,207519000000.0,168985000000.0,201794000000.0,129134650000.0,38534000000.0,7453000000.0,7429000000.0,758376000000.0,315989000000.0,442387000000.0,56826000000.0,19359000000.0,20935000000.0,76651000000.0,1397000000.0,80876000000.0,337253000000.0,455944000000.0,-118691000000.0,119651000000.0,0,31067000000.0,168825000000.0,207710000000.0,38885000000.0,328265000000.0,117406000000.0,117406000000.0,442387000000.0,304127000000.0,482681000000.0,473454000000.0,182935000000.0,66987000000.0,-115948000000.0,-26445000000.0,-22271000000.0,-52546000000.0,-139500000000.0,-9111000000.0,20935000000.0,30242000000.0,12405000000.0,38534000000.0,14189000000.0,133749000000.0,-4895000000.0,0.0,-3000000000.0,14,39,3,0,0,0,
2026-07-22 14:20:00+00:00,390.3349914551,390.6300048828,389.5,390.2900085449,388127,0.0,0.0,MSFT,微软,Microsoft Corporation,USD,14,20,MSFT,480.35,3566861025280,26.790295,20.376884,1.099,0.73,3.64,0.1983,349.2,553.72,223000,59.565,8.0643,0.40305,0.14088,0.34039003,44.668,76842999808,128812998656,331839012864,194237005824,0.67944,0.45111,29.118,1.099,1.23,0.7593,0.00090000004,2.17,7425545491,7414481428,569.5583,870.0,400.0,1.35714,53,331839000000.0,106374000000.0,225465000000.0,155237000000.0,133749000000.0,17.95,18.0,0,34666000000.0,32185000000.0,165934000000.0,207519000000.0,168985000000.0,201794000000.0,129134650000.0,38534000000.0,7453000000.0,7429000000.0,758376000000.0,315989000000.0,442387000000.0,56826000000.0,19359000000.0,20935000000.0,76651000000.0,1397000000.0,80876000000.0,337253000000.0,455944000000.0,-118691000000.0,119651000000.0,0,31067000000.0,168825000000.0,207710000000.0,38885000000.0,328265000000.0,117406000000.0,117406000000.0,442387000000.0,304127000000.0,482681000000.0,473454000000.0,182935000000.0,66987000000.0,-115948000000.0,-26445000000.0,-22271000000.0,-52546000000.0,-139500000000.0,-9111000000.0,20935000000.0,30242000000.0,12405000000.0,38534000000.0,14189000000.0,133749000000.0,-4895000000.0,0.0,-3000000000.0,14,39,3,0,0,0,
2026-07-22 14:25:00+00:00,390.2950134277,390.3200073242,389.5,389.674987793,216827,0.0,0.0,MSFT,微软,Microsoft Corporation,USD,14,25,MSFT,480.35,3566861025280,26.790295,20.376884,1.099,0.73,3.64,0.1983,349.2,553.72,223000,59.565,8.0643,0.40305,0.14088,0.34039003,44.668,76842999808,128812998656,331839012864,194237005824,0.67944,0.45111,29.118,1.099,1.23,0.7593,0.00090000004,2.17,7425545491,7414481428,569.5583,870.0,400.0,1.35714,53,331839000000.0,106374000000.0,225465000000.0,155237000000.0,133749000000.0,17.95,18.0,0,34666000000.0,32185000000.0,165934000000.0,207519000000.0,168985000000.0,201794000000.0,129134650000.0,38534000000.0,7453000000.0,7429000000.0,758376000000.0,315989000000.0,442387000000.0,56826000000.0,19359000000.0,20935000000.0,76651000000.0,1397000000.0,80876000000.0,337253000000.0,455944000000.0,-118691000000.0,119651000000.0,0,31067000000.0,168825000000.0,207710000000.0,38885000000.0,328265000000.0,117406000000.0,117406000000.0,442387000000.0,304127000000.0,482681000000.0,473454000000.0,182935000000.0,66987000000.0,-115948000000.0,-26445000000.0,-22271000000.0,-52546000000.0,-139500000000.0,-9111000000.0,20935000000.0,30242000000.0,12405000000.0,38534000000.0,14189000000.0,133749000000.0,-4895000000.0,0.0,-3000000000.0,14,39,3,0,0,0,
2026-07-22 14:30:00+00:00,389.674987793,390.3399963379,389.5100097656,390.0599975586,262749,0.0,0.0,MSFT,微软,Microsoft Corporation,USD,14,30,MSFT,480.35,3566861025280,26.790295,20.376884,1.099,0.73,3.64,0.1983,349.2,553.72,223000,59.565,8.0643,0.40305,0.14088,0.34039003,44.668,76842999808,128812998656,331839012864,194237005824,0.67944,0.45111,29.118,1.099,1.23,0.7593,0.00090000004,2.17,7425545491,7414481428,569.5583,870.0,400.0,1.35714,53,331839000000.0,106374000000.0,225465000000.0,155237000000.0,133749000000.0,17.95,18.0,0,34666000000.0,32185000000.0,165934000000.0,207519000000.0,168985000000.0,201794000000.0,129134650000.0,38534000000.0,7453000000.0,7429000000.0,758376000000.0,315989000000.0,442387000000.0,56826000000.0,19359000000.0,20935000000.0,76651000000.0,1397000000.0,80876000000.0,337253000000.0,455944000000.0,-118691000000.0,119651000000.0,0,31067000000.0,168825000000.0,207710000000.0,38885000000.0,328265000000.0,117406000000.0,117406000000.0,442387000000.0,304127000000.0,482681000000.0,473454000000.0,182935000000.0,66987000000.0,-115948000000.0,-26445000000.0,-22271000000.0,-52546000000.0,-139500000000.0,-9111000000.0,20935000000.0,30242000000.0,12405000000.0,38534000000.0,14189000000.0,133749000000.0,-4895000000.0,0.0,-3000000000.0,14,39,3,0,0,0,
2026-07-22 14:35:00+00:00,390.1050109863,390.1400146484,389.2200012207,389.3599853516,255067,0.0,0.0,MSFT,微软,Microsoft Corporation,USD,14,35,MSFT,480.35,3566861025280,26.790295,20.376884,1.099,0.73,3.64,0.1983,349.2,553.72,223000,59.565,8.0643,0.40305,0.14088,0.34039003,44.668,76842999808,128812998656,331839012864,194237005824,0.67944,0.45111,29.118,1.099,1.23,0.7593,0.00090000004,2.17,7425545491,7414481428,569.5583,870.0,400.0,1.35714,53,331839000000.0,106374000000.0,225465000000.0,155237000000.0,133749000000.0,17.95,18.0,0,34666000000.0,32185000000.0,165934000000.0,207519000000.0,168985000000.0,201794000000.0,129134650000.0,38534000000.0,7453000000.0,7429000000.0,758376000000.0,315989000000.0,442387000000.0,56826000000.0,19359000000.0,20935000000.0,76651000000.0,1397000000.0,80876000000.0,337253000000.0,455944000000.0,-118691000000.0,119651000000.0,0,31067000000.0,168825000000.0,207710000000.0,38885000000.0,328265000000.0,117406000000.0,117406000000.0,442387000000.0,304127000000.0,482681000000.0,473454000000.0,182935000000.0,66987000000.0,-115948000000.0,-26445000000.0,-22271000000.0,-52546000000.0,-139500000000.0,-9111000000.0,20935000000.0,30242000000.0,12405000000.0,38534000000.0,14189000000.0,133749000000.0,-4895000000.0,0.0,-3000000000.0,14,39,3,0,0,0,
2026-07-22 14:40:00+00:00,389.3299865723,389.3299865723,388.2001037598,388.829498291,382686,0.0,0.0,MSFT,微软,Microsoft Corporation,USD,14,40,MSFT,480.35,3566861025280,26.790295,20.376884,1.099,0.73,3.64,0.1983,349.2,553.72,223000,59.565,8.0643,0.40305,0.14088,0.34039003,44.668,76842999808,128812998656,331839012864,194237005824,0.67944,0.45111,29.118,1.099,1.23,0.7593,0.00090000004,2.17,7425545491,7414481428,569.5583,870.0,400.0,1.35714,53,331839000000.0,106374000000.0,225465000000.0,155237000000.0,133749000000.0,17.95,18.0,0,34666000000.0,32185000000.0,165934000000.0,207519000000.0,168985000000.0,201794000000.0,129134650000.0,38534000000.0,7453000000.0,7429000000.0,758376000000.0,315989000000.0,442387000000.0,56826000000.0,19359000000.0,20935000000.0,76651000000.0,1397000000.0,80876000000.0,337253000000.0,455944000000.0,-118691000000.0,119651000000.0,0,31067000000.0,168825000000.0,207710000000.0,38885000000.0,328265000000.0,117406000000.0,117406000000.0,442387000000.0,304127000000.0,482681000000.0,473454000000.0,182935000000.0,66987000000.0,-115948000000.0,-26445000000.0,-22271000000.0,-52546000000.0,-139500000000.0,-9111000000.0,20935000000.0,30242000000.0,12405000000.0,38534000000.0,14189000000.0,133749000000.0,-4895000000.0,0.0,-3000000000.0,14,39,3,0,0,0,
2026-07-22 14:45:00+00:00,388.7900085449,388.8800048828,388.3500061035,388.6199951172,292236,0.0,0.0,MSFT,微软,Microsoft Corporation,USD,14,45,MSFT,480.35,3566861025280,26.790295,20.376884,1.099,0.73,3.64,0.1983,349.2,553.72,223000,59.565,8.0643,0.40305,0.14088,0.34039003,44.668,76842999808,128812998656,331839012864,194237005824,0.67944,0.45111,29.118,1.099,1.23,0.7593,0.00090000004,2.17,7425545491,7414481428,569.5583,870.0,400.0,1.35714,53,331839000000.0,106374000000.0,225465000000.0,155237000000.0,133749000000.0,17.95,18.0,0,34666000000.0,32185000000.0,165934000000.0,207519000000.0,168985000000.0,201794000000.0,129134650000.0,38534000000.0,7453000000.0,7429000000.0,758376000000.0,315989000000.0,442387000000.0,56826000000.0,19359000000.0,20935000000.0,76651000000.0,1397000000.0,80876000000.0,337253000000.0,455944000000.0,-118691000000.0,119651000000.0,0,31067000000.0,168825000000.0,207710000000.0,38885000000.0,328265000000.0,117406000000.0,117406000000.0,442387000000.0,304127000000.0,482681000000.0,473454000000.0,182935000000.0,66987000000.0,-115948000000.0,-26445000000.0,-22271000000.0,-52546000000.0,-139500000000.0,-9111000000.0,20935000000.0,30242000000.0,12405000000.0,38534000000.0,14189000000.0,133749000000.0,-4895000000.0,0.0,-3000000000.0,14,39,3,0,0,0,
2026-07-22 14:50:00+00:00,388.625,389.549987793,388.25,389.3850097656,334563,0.0,0.0,MSFT,微软,Microsoft Corporation,USD,14,50,MSFT,480.35,3566861025280,26.790295,20.376884,1.099,0.73,3.64,0.1983,349.2,553.72,223000,59.565,8.0643,0.40305,0.14088,0.34039003,44.668,76842999808,128812998656,331839012864,194237005824,0.67944,0.45111,29.118,1.099,1.23,0.7593,0.00090000004,2.17,7425545491,7414481428,569.5583,870.0,400.0,1.35714,53,331839000000.0,106374000000.0,225465000000.0,155237000000.0,133749000000.0,17.95,18.0,0,34666000000.0,32185000000.0,165934000000.0,207519000000.0,168985000000.0,201794000000.0,129134650000.0,38534000000.0,7453000000.0,7429000000.0,758376000000.0,315989000000.0,442387000000.0,56826000000.0,19359000000.0,20935000000.0,76651000000.0,1397000000.0,80876000000.0,337253000000.0,455944000000.0,-118691000000.0,119651000000.0,0,31067000000.0,168825000000.0,207710000000.0,38885000000.0,328265000000.0,117406000000.0,117406000000.0,442387000000.0,304127000000.0,482681000000.0,473454000000.0,182935000000.0,66987000000.0,-115948000000.0,-26445000000.0,-22271000000.0,-52546000000.0,-139500000000.0,-9111000000.0,20935000000.0,30242000000.0,12405000000.0,38534000000.0,14189000000.0,133749000000.0,-4895000000.0,0.0,-3000000000.0,14,39,3,0,0,0,
2026-07-22 14:55:00+00:00,389.3900146484,389.7250061035,389.1199951172,389.5877990723,482197,0.0,0.0,MSFT,微软,Microsoft Corporation,USD,14,55,MSFT,480.35,3566861025280,26.790295,20.376884,1.099,0.73,3.64,0.1983,349.2,553.72,223000,59.565,8.0643,0.40305,0.14088,0.34039003,44.668,76842999808,128812998656,331839012864,194237005824,0.67944,0.45111,29.118,1.099,1.23,0.7593,0.00090000004,2.17,7425545491,7414481428,569.5583,870.0,400.0,1.35714,53,331839000000.0,106374000000.0,225465000000.0,155237000000.0,133749000000.0,17.95,18.0,0,34666000000.0,32185000000.0,165934000000.0,207519000000.0,168985000000.0,201794000000.0,129134650000.0,38534000000.0,7453000000.0,7429000000.0,758376000000.0,315989000000.0,442387000000.0,56826000000.0,19359000000.0,20935000000.0,76651000000.0,1397000000.0,80876000000.0,337253000000.0,455944000000.0,-118691000000.0,119651000000.0,0,31067000000.0,168825000000.0,207710000000.0,38885000000.0,328265000000.0,117406000000.0,117406000000.0,442387000000.0,304127000000.0,482681000000.0,473454000000.0,182935000000.0,66987000000.0,-115948000000.0,-26445000000.0,-22271000000.0,-52546000000.0,-139500000000.0,-9111000000.0,20935000000.0,30242000000.0,12405000000.0,38534000000.0,14189000000.0,133749000000.0,-4895000000.0,0.0,-3000000000.0,14,39,3,0,0,0,
2026-07-22 15:00:00+00:00,389.5799865723,389.6199951172,388.9299926758,389.3200073242,233313,0.0,0.0,MSFT,微软,Microsoft Corporation,USD,15,0,MSFT,480.35,3566861025280,26.790295,20.376884,1.099,0.73,3.64,0.1983,349.2,553.72,223000,59.565,8.0643,0.40305,0.14088,0.34039003,44.668,76842999808,128812998656,331839012864,194237005824,0.67944,0.45111,29.118,1.099,1.23,0.7593,0.00090000004,2.17,7425545491,7414481428,569.5583,870.0,400.0,1.35714,53,331839000000.0,106374000000.0,225465000000.0,155237000000.0,133749000000.0,17.95,18.0,0,34666000000.0,32185000000.0,165934000000.0,207519000000.0,168985000000.0,201794000000.0,129134650000.0,38534000000.0,7453000000.0,7429000000.0,758376000000.0,315989000000.0,442387000000.0,56826000000.0,19359000000.0,20935000000.0,76651000000.0,1397000000.0,80876000000.0,337253000000.0,455944000000.0,-118691000000.0,119651000000.0,0,31067000000.0,168825000000.0,207710000000.0,38885000000.0,328265000000.0,117406000000.0,117406000000.0,442387000000.0,304127000000.0,482681000000.0,473454000000.0,182935000000.0,66987000000.0,-115948000000.0,-26445000000.0,-22271000000.0,-52546000000.0,-139500000000.0,-9111000000.0,20935000000.0,30242000000.0,12405000000.0,38534000000.0,14189000000.0,133749000000.0,-4895000000.0,0.0,-3000000000.0,14,39,3,0,0,0,
2026-07-22 15:05:00+00:00,389.3500061035,389.729888916,389.200012207,389.3099975586,193677,0.0,0.0,MSFT,微软,Microsoft Corporation,USD,15,5,MSFT,480.35,3566861025280,26.790295,20.376884,1.099,0.73,3.64,0.1983,349.2,553.72,223000,59.565,8.0643,0.40305,0.14088,0.34039003,44.668,76842999808,128812998656,331839012864,194237005824,0.67944,0.45111,29.118,1.099,1.23,0.7593,0.00090000004,2.17,7425545491,7414481428,569.5583,870.0,400.0,1.35714,53,331839000000.0,106374000000.0,225465000000.0,155237000000.0,133749000000.0,17.95,18.0,0,34666000000.0,32185000000.0,165934000000.0,207519000000.0,168985000000.0,201794000000.0,129134650000.0,38534000000.0,7453000000.0,7429000000.0,758376000000.0,315989000000.0,442387000000.0,56826000000.0,19359000000.0,20935000000.0,76651000000.0,1397000000.0,80876000000.0,337253000000.0,455944000000.0,-118691000000.0,119651000000.0,0,31067000000.0,168825000000.0,207710000000.0,38885000000.0,328265000000.0,117406000000.0,117406000000.0,442387000000.0,304127000000.0,482681000000.0,473454000000.0,182935000000.0,66987000000.0,-115948000000.0,-26445000000.0,-22271000000.0,-52546000000.0,-139500000000.0,-9111000000.0,20935000000.0,30242000000.0,12405000000.0,38534000000.0,14189000000.0,133749000000.0,-4895000000.0,0.0,-3000000000.0,14,39,3,0,0,0,
2026-07-22 15:10:00+00:00,389.3200073242,389.5199890137,389.0101013184,389.325012207,203858,0.0,0.0,MSFT,微软,Microsoft Corporation,USD,15,10,MSFT,480.35,3566861025280,26.790295,20.376884,1.099,0.73,3.64,0.1983,349.2,553.72,223000,59.565,8.0643,0.40305,0.14088,0.34039003,44.668,76842999808,128812998656,331839012864,194237005824,0.67944,0.45111,29.118,1.099,1.23,0.7593,0.00090000004,2.17,7425545491,7414481428,569.5583,870.0,400.0,1.35714,53,331839000000.0,106374000000.0,225465000000.0,155237000000.0,133749000000.0,17.95,18.0,0,34666000000.0,32185000000.0,165934000000.0,207519000000.0,168985000000.0,201794000000.0,129134650000.0,38534000000.0,7453000000.0,7429000000.0,758376000000.0,315989000000.0,442387000000.0,56826000000.0,19359000000.0,20935000000.0,76651000000.0,1397000000.0,80876000000.0,337253000000.0,455944000000.0,-118691000000.0,119651000000.0,0,31067000000.0,168825000000.0,207710000000.0,38885000000.0,328265000000.0,117406000000.0,117406000000.0,442387000000.0,304127000000.0,482681000000.0,473454000000.0,182935000000.0,66987000000.0,-115948000000.0,-26445000000.0,-22271000000.0,-52546000000.0,-139500000000.0,-9111000000.0,20935000000.0,30242000000.0,12405000000.0,38534000000.0,14189000000.0,133749000000.0,-4895000000.0,0.0,-3000000000.0,14,39,3,0,0,0,
2026-07-22 15:15:00+00:00,389.299987793,389.4498901367,388.9800109863,389.1700134277,164087,0.0,0.0,MSFT,微软,Microsoft Corporation,USD,15,15,MSFT,480.35,3566861025280,26.790295,20.376884,1.099,0.73,3.64,0.1983,349.2,553.72,223000,59.565,8.0643,0.40305,0.14088,0.34039003,44.668,76842999808,128812998656,331839012864,194237005824,0.67944,0.45111,29.118,1.099,1.23,0.7593,0.00090000004,2.17,7425545491,7414481428,569.5583,870.0,400.0,1.35714,53,331839000000.0,106374000000.0,225465000000.0,155237000000.0,133749000000.0,17.95,18.0,0,34666000000.0,32185000000.0,165934000000.0,207519000000.0,168985000000.0,201794000000.0,129134650000.0,38534000000.0,7453000000.0,7429000000.0,758376000000.0,315989000000.0,442387000000.0,56826000000.0,19359000000.0,20935000000.0,76651000000.0,1397000000.0,80876000000.0,337253000000.0,455944000000.0,-118691000000.0,119651000000.0,0,31067000000.0,168825000000.0,207710000000.0,38885000000.0,328265000000.0,117406000000.0,117406000000.0,442387000000.0,304127000000.0,482681000000.0,473454000000.0,182935000000.0,66987000000.0,-115948000000.0,-26445000000.0,-22271000000.0,-52546000000.0,-139500000000.0,-9111000000.0,20935000000.0,30242000000.0,12405000000.0,38534000000.0,14189000000.0,133749000000.0,-4895000000.0,0.0,-3000000000.0,14,39,3,0,0,0,
2026-07-22 15:20:00+00:00,389.1400146484,389.8999938965,389.0400085449,389.8800048828,242441,0.0,0.0,MSFT,微软,Microsoft Corporation,USD,15,20,MSFT,480.35,3566861025280,26.790295,20.376884,1.099,0.73,3.64,0.1983,349.2,553.72,223000,59.565,8.0643,0.40305,0.14088,0.34039003,44.668,76842999808,128812998656,331839012864,194237005824,0.67944,0.45111,29.118,1.099,1.23,0.7593,0.00090000004,2.17,7425545491,7414481428,569.5583,870.0,400.0,1.35714,53,331839000000.0,106374000000.0,225465000000.0,155237000000.0,133749000000.0,17.95,18.0,0,34666000000.0,32185000000.0,165934000000.0,207519000000.0,168985000000.0,201794000000.0,129134650000.0,38534000000.0,7453000000.0,7429000000.0,758376000000.0,315989000000.0,442387000000.0,56826000000.0,19359000000.0,20935000000.0,76651000000.0,1397000000.0,80876000000.0,337253000000.0,455944000000.0,-118691000000.0,119651000000.0,0,31067000000.0,168825000000.0,207710000000.0,38885000000.0,328265000000.0,117406000000.0,117406000000.0,442387000000.0,304127000000.0,482681000000.0,473454000000.0,182935000000.0,66987000000.0,-115948000000.0,-26445000000.0,-22271000000.0,-52546000000.0,-139500000000.0,-9111000000.0,20935000000.0,30242000000.0,12405000000.0,38534000000.0,14189000000.0,133749000000.0,-4895000000.0,0.0,-3000000000.0,14,39,3,0,0,0,
2026-07-22 15:25:00+00:00,389.8699951172,390.0799865723,389.5199890137,389.6300048828,235735,0.0,0.0,MSFT,微软,Microsoft Corporation,USD,15,25,MSFT,480.35,3566861025280,26.790295,20.376884,1.099,0.73,3.64,0.1983,349.2,553.72,223000,59.565,8.0643,0.40305,0.14088,0.34039003,44.668,76842999808,128812998656,331839012864,194237005824,0.67944,0.45111,29.118,1.099,1.23,0.7593,0.00090000004,2.17,7425545491,7414481428,569.5583,870.0,400.0,1.35714,53,331839000000.0,106374000000.0,225465000000.0,155237000000.0,133749000000.0,17.95,18.0,0,34666000000.0,32185000000.0,165934000000.0,207519000000.0,168985000000.0,201794000000.0,129134650000.0,38534000000.0,7453000000.0,7429000000.0,758376000000.0,315989000000.0,442387000000.0,56826000000.0,19359000000.0,20935000000.0,76651000000.0,1397000000.0,80876000000.0,337253000000.0,455944000000.0,-118691000000.0,119651000000.0,0,31067000000.0,168825000000.0,207710000000.0,38885000000.0,328265000000.0,117406000000.0,117406000000.0,442387000000.0,304127000000.0,482681000000.0,473454000000.0,182935000000.0,66987000000.0,-115948000000.0,-26445000000.0,-22271000000.0,-52546000000.0,-139500000000.0,-9111000000.0,20935000000.0,30242000000.0,12405000000.0,38534000000.0,14189000000.0,133749000000.0,-4895000000.0,0.0,-3000000000.0,14,39,3,0,0,0,
2026-07-22 15:30:00+00:00,389.6300048828,389.6799926758,388.5899963379,388.6050109863,275281,0.0,0.0,MSFT,微软,Microsoft Corporation,USD,15,30,MSFT,480.35,3566861025280,26.790295,20.376884,1.099,0.73,3.64,0.1983,349.2,553.72,223000,59.565,8.0643,0.40305,0.14088,0.34039003,44.668,76842999808,128812998656,331839012864,194237005824,0.67944,0.45111,29.118,1.099,1.23,0.7593,0.00090000004,2.17,7425545491,7414481428,569.5583,870.0,400.0,1.35714,53,331839000000.0,106374000000.0,225465000000.0,155237000000.0,133749000000.0,17.95,18.0,0,34666000000.0,32185000000.0,165934000000.0,207519000000.0,168985000000.0,201794000000.0,129134650000.0,38534000000.0,7453000000.0,7429000000.0,758376000000.0,315989000000.0,442387000000.0,56826000000.0,19359000000.0,20935000000.0,76651000000.0,1397000000.0,80876000000.0,337253000000.0,455944000000.0,-118691000000.0,119651000000.0,0,31067000000.0,168825000000.0,207710000000.0,38885000000.0,328265000000.0,117406000000.0,117406000000.0,442387000000.0,304127000000.0,482681000000.0,473454000000.0,182935000000.0,66987000000.0,-115948000000.0,-26445000000.0,-22271000000.0,-52546000000.0,-139500000000.0,-9111000000.0,20935000000.0,30242000000.0,12405000000.0,38534000000.0,14189000000.0,133749000000.0,-4895000000.0,0.0,-3000000000.0,14,39,3,0,0,0,
2026-07-22 15:35:00+00:00,388.5899963379,388.6900024414,388.299987793,388.450012207,236111,0.0,0.0,MSFT,微软,Microsoft Corporation,USD,15,35,MSFT,480.35,3566861025280,26.790295,20.376884,1.099,0.73,3.64,0.1983,349.2,553.72,223000,59.565,8.0643,0.40305,0.14088,0.34039003,44.668,76842999808,128812998656,331839012864,194237005824,0.67944,0.45111,29.118,1.099,1.23,0.7593,0.00090000004,2.17,7425545491,7414481428,569.5583,870.0,400.0,1.35714,53,331839000000.0,106374000000.0,225465000000.0,155237000000.0,133749000000.0,17.95,18.0,0,34666000000.0,32185000000.0,165934000000.0,207519000000.0,168985000000.0,201794000000.0,129134650000.0,38534000000.0,7453000000.0,7429000000.0,758376000000.0,315989000000.0,442387000000.0,56826000000.0,19359000000.0,20935000000.0,76651000000.0,1397000000.0,80876000000.0,337253000000.0,455944000000.0,-118691000000.0,119651000000.0,0,31067000000.0,168825000000.0,207710000000.0,38885000000.0,328265000000.0,117406000000.0,117406000000.0,442387000000.0,304127000000.0,482681000000.0,473454000000.0,182935000000.0,66987000000.0,-115948000000.0,-26445000000.0,-22271000000.0,-52546000000.0,-139500000000.0,-9111000000.0,20935000000.0,30242000000.0,12405000000.0,38534000000.0,14189000000.0,133749000000.0,-4895000000.0,0.0,-3000000000.0,14,39,3,0,0,0,
2026-07-22 15:40:00+00:00,388.4599914551,388.8800048828,388.0899963379,388.4700012207,262868,0.0,0.0,MSFT,微软,Microsoft Corporation,USD,15,40,MSFT,480.35,3566861025280,26.790295,20.376884,1.099,0.73,3.64,0.1983,349.2,553.72,223000,59.565,8.0643,0.40305,0.14088,0.34039003,44.668,76842999808,128812998656,331839012864,194237005824,0.67944,0.45111,29.118,1.099,1.23,0.7593,0.00090000004,2.17,7425545491,7414481428,569.5583,870.0,400.0,1.35714,53,331839000000.0,106374000000.0,225465000000.0,155237000000.0,133749000000.0,17.95,18.0,0,34666000000.0,32185000000.0,165934000000.0,207519000000.0,168985000000.0,201794000000.0,129134650000.0,38534000000.0,7453000000.0,7429000000.0,758376000000.0,315989000000.0,442387000000.0,56826000000.0,19359000000.0,20935000000.0,76651000000.0,1397000000.0,80876000000.0,337253000000.0,455944000000.0,-118691000000.0,119651000000.0,0,31067000000.0,168825000000.0,207710000000.0,38885000000.0,328265000000.0,117406000000.0,117406000000.0,442387000000.0,304127000000.0,482681000000.0,473454000000.0,182935000000.0,66987000000.0,-115948000000.0,-26445000000.0,-22271000000.0,-52546000000.0,-139500000000.0,-9111000000.0,20935000000.0,30242000000.0,12405000000.0,38534000000.0,14189000000.0,133749000000.0,-4895000000.0,0.0,-3000000000.0,14,39,3,0,0,0,
2026-07-22 15:45:00+00:00,388.5199890137,389.1400146484,388.4899902344,389.0799865723,183359,0.0,0.0,MSFT,微软,Microsoft Corporation,USD,15,45,MSFT,480.35,3566861025280,26.790295,20.376884,1.099,0.73,3.64,0.1983,349.2,553.72,223000,59.565,8.0643,0.40305,0.14088,0.34039003,44.668,76842999808,128812998656,331839012864,194237005824,0.67944,0.45111,29.118,1.099,1.23,0.7593,0.00090000004,2.17,7425545491,7414481428,569.5583,870.0,400.0,1.35714,53,331839000000.0,106374000000.0,225465000000.0,155237000000.0,133749000000.0,17.95,18.0,0,34666000000.0,32185000000.0,165934000000.0,207519000000.0,168985000000.0,201794000000.0,129134650000.0,38534000000.0,7453000000.0,7429000000.0,758376000000.0,315989000000.0,442387000000.0,56826000000.0,19359000000.0,20935000000.0,76651000000.0,1397000000.0,80876000000.0,337253000000.0,455944000000.0,-118691000000.0,119651000000.0,0,31067000000.0,168825000000.0,207710000000.0,38885000000.0,328265000000.0,117406000000.0,117406000000.0,442387000000.0,304127000000.0,482681000000.0,473454000000.0,182935000000.0,66987000000.0,-115948000000.0,-26445000000.0,-22271000000.0,-52546000000.0,-139500000000.0,-9111000000.0,20935000000.0,30242000000.0,12405000000.0,38534000000.0,14189000000.0,133749000000.0,-4895000000.0,0.0,-3000000000.0,14,39,3,0,0,0,
2026-07-22 15:50:00+00:00,389.0700073242,389.3599853516,388.8999938965,389.075012207,156725,0.0,0.0,MSFT,微软,Microsoft Corporation,USD,15,50,MSFT,480.35,3566861025280,26.790295,20.376884,1.099,0.73,3.64,0.1983,349.2,553.72,223000,59.565,8.0643,0.40305,0.14088,0.34039003,44.668,76842999808,128812998656,331839012864,194237005824,0.67944,0.45111,29.118,1.099,1.23,0.7593,0.00090000004,2.17,7425545491,7414481428,569.5583,870.0,400.0,1.35714,53,331839000000.0,106374000000.0,225465000000.0,155237000000.0,133749000000.0,17.95,18.0,0,34666000000.0,32185000000.0,165934000000.0,207519000000.0,168985000000.0,201794000000.0,129134650000.0,38534000000.0,7453000000.0,7429000000.0,758376000000.0,315989000000.0,442387000000.0,56826000000.0,19359000000.0,20935000000.0,76651000000.0,1397000000.0,80876000000.0,337253000000.0,455944000000.0,-118691000000.0,119651000000.0,0,31067000000.0,168825000000.0,207710000000.0,38885000000.0,328265000000.0,117406000000.0,117406000000.0,442387000000.0,304127000000.0,482681000000.0,473454000000.0,182935000000.0,66987000000.0,-115948000000.0,-26445000000.0,-22271000000.0,-52546000000.0,-139500000000.0,-9111000000.0,20935000000.0,30242000000.0,12405000000.0,38534000000.0,14189000000.0,133749000000.0,-4895000000.0,0.0,-3000000000.0,14,39,3,0,0,0,
2026-07-22 15:55:00+00:00,389.075012207,389.5199890137,389.0199890137,389.5199890137,174054,0.0,0.0,MSFT,微软,Microsoft Corporation,USD,15,55,MSFT,480.35,3566861025280,26.790295,20.376884,1.099,0.73,3.64,0.1983,349.2,553.72,223000,59.565,8.0643,0.40305,0.14088,0.34039003,44.668,76842999808,128812998656,331839012864,194237005824,0.67944,0.45111,29.118,1.099,1.23,0.7593,0.00090000004,2.17,7425545491,7414481428,569.5583,870.0,400.0,1.35714,53,331839000000.0,106374000000.0,225465000000.0,155237000000.0,133749000000.0,17.95,18.0,0,34666000000.0,32185000000.0,165934000000.0,207519000000.0,168985000000.0,201794000000.0,129134650000.0,38534000000.0,7453000000.0,7429000000.0,758376000000.0,315989000000.0,442387000000.0,56826000000.0,19359000000.0,20935000000.0,76651000000.0,1397000000.0,80876000000.0,337253000000.0,455944000000.0,-118691000000.0,119651000000.0,0,31067000000.0,168825000000.0,207710000000.0,38885000000.0,328265000000.0,117406000000.0,117406000000.0,442387000000.0,304127000000.0,482681000000.0,473454000000.0,182935000000.0,66987000000.0,-115948000000.0,-26445000000.0,-22271000000.0,-52546000000.0,-139500000000.0,-9111000000.0,20935000000.0,30242000000.0,12405000000.0,38534000000.0,14189000000.0,133749000000.0,-4895000000.0,0.0,-3000000000.0,14,39,3,0,0,0,
2026-07-22 16:00:00+00:00,389.5100097656,389.5199890137,388.8200073242,389.0599975586,162966,0.0,0.0,MSFT,微软,Microsoft Corporation,USD,16,0,MSFT,480.35,3566861025280,26.790295,20.376884,1.099,0.73,3.64,0.1983,349.2,553.72,223000,59.565,8.0643,0.40305,0.14088,0.34039003,44.668,76842999808,128812998656,331839012864,194237005824,0.67944,0.45111,29.118,1.099,1.23,0.7593,0.00090000004,2.17,7425545491,7414481428,569.5583,870.0,400.0,1.35714,53,331839000000.0,106374000000.0,225465000000.0,155237000000.0,133749000000.0,17.95,18.0,0,34666000000.0,32185000000.0,165934000000.0,207519000000.0,168985000000.0,201794000000.0,129134650000.0,38534000000.0,7453000000.0,7429000000.0,758376000000.0,315989000000.0,442387000000.0,56826000000.0,19359000000.0,20935000000.0,76651000000.0,1397000000.0,80876000000.0,337253000000.0,455944000000.0,-118691000000.0,119651000000.0,0,31067000000.0,168825000000.0,207710000000.0,38885000000.0,328265000000.0,117406000000.0,117406000000.0,442387000000.0,304127000000.0,482681000000.0,473454000000.0,182935000000.0,66987000000.0,-115948000000.0,-26445000000.0,-22271000000.0,-52546000000.0,-139500000000.0,-9111000000.0,20935000000.0,30242000000.0,12405000000.0,38534000000.0,14189000000.0,133749000000.0,-4895000000.0,0.0,-3000000000.0,14,39,3,0,0,0,
2026-07-22 16:05:00+00:00,389.0799865723,389.2300109863,388.9200134277,389.0400085449,139807,0.0,0.0,MSFT,微软,Microsoft Corporation,USD,16,5,MSFT,480.35,3566861025280,26.790295,20.376884,1.099,0.73,3.64,0.1983,349.2,553.72,223000,59.565,8.0643,0.40305,0.14088,0.34039003,44.668,76842999808,128812998656,331839012864,194237005824,0.67944,0.45111,29.118,1.099,1.23,0.7593,0.00090000004,2.17,7425545491,7414481428,569.5583,870.0,400.0,1.35714,53,331839000000.0,106374000000.0,225465000000.0,155237000000.0,133749000000.0,17.95,18.0,0,34666000000.0,32185000000.0,165934000000.0,207519000000.0,168985000000.0,201794000000.0,129134650000.0,38534000000.0,7453000000.0,7429000000.0,758376000000.0,315989000000.0,442387000000.0,56826000000.0,19359000000.0,20935000000.0,76651000000.0,1397000000.0,80876000000.0,337253000000.0,455944000000.0,-118691000000.0,119651000000.0,0,31067000000.0,168825000000.0,207710000000.0,38885000000.0,328265000000.0,117406000000.0,117406000000.0,442387000000.0,304127000000.0,482681000000.0,473454000000.0,182935000000.0,66987000000.0,-115948000000.0,-26445000000.0,-22271000000.0,-52546000000.0,-139500000000.0,-9111000000.0,20935000000.0,30242000000.0,12405000000.0,38534000000.0,14189000000.0,133749000000.0,-4895000000.0,0.0,-3000000000.0,14,39,3,0,0,0,
2026-07-22 16:10:00+00:00,389.0299987793,389.0799865723,388.5400085449,388.6000061035,177046,0.0,0.0,MSFT,微软,Microsoft Corporation,USD,16,10,MSFT,480.35,3566861025280,26.790295,20.376884,1.099,0.73,3.64,0.1983,349.2,553.72,223000,59.565,8.0643,0.40305,0.14088,0.34039003,44.668,76842999808,128812998656,331839012864,194237005824,0.67944,0.45111,29.118,1.099,1.23,0.7593,0.00090000004,2.17,7425545491,7414481428,569.5583,870.0,400.0,1.35714,53,331839000000.0,106374000000.0,225465000000.0,155237000000.0,133749000000.0,17.95,18.0,0,34666000000.0,32185000000.0,165934000000.0,207519000000.0,168985000000.0,201794000000.0,129134650000.0,38534000000.0,7453000000.0,7429000000.0,758376000000.0,315989000000.0,442387000000.0,56826000000.0,19359000000.0,20935000000.0,76651000000.0,1397000000.0,80876000000.0,337253000000.0,455944000000.0,-118691000000.0,119651000000.0,0,31067000000.0,168825000000.0,207710000000.0,38885000000.0,328265000000.0,117406000000.0,117406000000.0,442387000000.0,304127000000.0,482681000000.0,473454000000.0,182935000000.0,66987000000.0,-115948000000.0,-26445000000.0,-22271000000.0,-52546000000.0,-139500000000.0,-9111000000.0,20935000000.0,30242000000.0,12405000000.0,38534000000.0,14189000000.0,133749000000.0,-4895000000.0,0.0,-3000000000.0,14,39,3,0,0,0,
2026-07-22 16:15:00+00:00,388.6099853516,388.6099853516,388.200012207,388.4700012207,244313,0.0,0.0,MSFT,微软,Microsoft Corporation,USD,16,15,MSFT,480.35,3566861025280,26.790295,20.376884,1.099,0.73,3.64,0.1983,349.2,553.72,223000,59.565,8.0643,0.40305,0.14088,0.34039003,44.668,76842999808,128812998656,331839012864,194237005824,0.67944,0.45111,29.118,1.099,1.23,0.7593,0.00090000004,2.17,7425545491,7414481428,569.5583,870.0,400.0,1.35714,53,331839000000.0,106374000000.0,225465000000.0,155237000000.0,133749000000.0,17.95,18.0,0,34666000000.0,32185000000.0,165934000000.0,207519000000.0,168985000000.0,201794000000.0,129134650000.0,38534000000.0,7453000000.0,7429000000.0,758376000000.0,315989000000.0,442387000000.0,56826000000.0,19359000000.0,20935000000.0,76651000000.0,1397000000.0,80876000000.0,337253000000.0,455944000000.0,-118691000000.0,119651000000.0,0,31067000000.0,168825000000.0,207710000000.0,38885000000.0,328265000000.0,117406000000.0,117406000000.0,442387000000.0,304127000000.0,482681000000.0,473454000000.0,182935000000.0,66987000000.0,-115948000000.0,-26445000000.0,-22271000000.0,-52546000000.0,-139500000000.0,-9111000000.0,20935000000.0,30242000000.0,12405000000.0,38534000000.0,14189000000.0,133749000000.0,-4895000000.0,0.0,-3000000000.0,14,39,3,0,0,0,
2026-07-22 16:20:00+00:00,388.5100097656,388.9400024414,388.2699890137,388.8349914551,158669,0.0,0.0,MSFT,微软,Microsoft Corporation,USD,16,20,MSFT,480.35,3566861025280,26.790295,20.376884,1.099,0.73,3.64,0.1983,349.2,553.72,223000,59.565,8.0643,0.40305,0.14088,0.34039003,44.668,76842999808,128812998656,331839012864,194237005824,0.67944,0.45111,29.118,1.099,1.23,0.7593,0.00090000004,2.17,7425545491,7414481428,569.5583,870.0,400.0,1.35714,53,331839000000.0,106374000000.0,225465000000.0,155237000000.0,133749000000.0,17.95,18.0,0,34666000000.0,32185000000.0,165934000000.0,207519000000.0,168985000000.0,201794000000.0,129134650000.0,38534000000.0,7453000000.0,7429000000.0,758376000000.0,315989000000.0,442387000000.0,56826000000.0,19359000000.0,20935000000.0,76651000000.0,1397000000.0,80876000000.0,337253000000.0,455944000000.0,-118691000000.0,119651000000.0,0,31067000000.0,168825000000.0,207710000000.0,38885000000.0,328265000000.0,117406000000.0,117406000000.0,442387000000.0,304127000000.0,482681000000.0,473454000000.0,182935000000.0,66987000000.0,-115948000000.0,-26445000000.0,-22271000000.0,-52546000000.0,-139500000000.0,-9111000000.0,20935000000.0,30242000000.0,12405000000.0,38534000000.0,14189000000.0,133749000000.0,-4895000000.0,0.0,-3000000000.0,14,39,3,0,0,0,
2026-07-22 16:25:00+00:00,388.8468017578,389.1600036621,388.7699890137,389.0199890137,195311,0.0,0.0,MSFT,微软,Microsoft Corporation,USD,16,25,MSFT,480.35,3566861025280,26.790295,20.376884,1.099,0.73,3.64,0.1983,349.2,553.72,223000,59.565,8.0643,0.40305,0.14088,0.34039003,44.668,76842999808,128812998656,331839012864,194237005824,0.67944,0.45111,29.118,1.099,1.23,0.7593,0.00090000004,2.17,7425545491,7414481428,569.5583,870.0,400.0,1.35714,53,331839000000.0,106374000000.0,225465000000.0,155237000000.0,133749000000.0,17.95,18.0,0,34666000000.0,32185000000.0,165934000000.0,207519000000.0,168985000000.0,201794000000.0,129134650000.0,38534000000.0,7453000000.0,7429000000.0,758376000000.0,315989000000.0,442387000000.0,56826000000.0,19359000000.0,20935000000.0,76651000000.0,1397000000.0,80876000000.0,337253000000.0,455944000000.0,-118691000000.0,119651000000.0,0,31067000000.0,168825000000.0,207710000000.0,38885000000.0,328265000000.0,117406000000.0,117406000000.0,442387000000.0,304127000000.0,482681000000.0,473454000000.0,182935000000.0,66987000000.0,-115948000000.0,-26445000000.0,-22271000000.0,-52546000000.0,-139500000000.0,-9111000000.0,20935000000.0,30242000000.0,12405000000.0,38534000000.0,14189000000.0,133749000000.0,-4895000000.0,0.0,-3000000000.0,14,39,3,0,0,0,
2026-07-22 16:30:00+00:00,389.0100097656,389.0390930176,388.7699890137,388.7900085449,119219,0.0,0.0,MSFT,微软,Microsoft Corporation,USD,16,30,MSFT,480.35,3566861025280,26.790295,20.376884,1.099,0.73,3.64,0.1983,349.2,553.72,223000,59.565,8.0643,0.40305,0.14088,0.34039003,44.668,76842999808,128812998656,331839012864,194237005824,0.67944,0.45111,29.118,1.099,1.23,0.7593,0.00090000004,2.17,7425545491,7414481428,569.5583,870.0,400.0,1.35714,53,331839000000.0,106374000000.0,225465000000.0,155237000000.0,133749000000.0,17.95,18.0,0,34666000000.0,32185000000.0,165934000000.0,207519000000.0,168985000000.0,201794000000.0,129134650000.0,38534000000.0,7453000000.0,7429000000.0,758376000000.0,315989000000.0,442387000000.0,56826000000.0,19359000000.0,20935000000.0,76651000000.0,1397000000.0,80876000000.0,337253000000.0,455944000000.0,-118691000000.0,119651000000.0,0,31067000000.0,168825000000.0,207710000000.0,38885000000.0,328265000000.0,117406000000.0,117406000000.0,442387000000.0,304127000000.0,482681000000.0,473454000000.0,182935000000.0,66987000000.0,-115948000000.0,-26445000000.0,-22271000000.0,-52546000000.0,-139500000000.0,-9111000000.0,20935000000.0,30242000000.0,12405000000.0,38534000000.0,14189000000.0,133749000000.0,-4895000000.0,0.0,-3000000000.0,14,39,3,0,0,0,
2026-07-22 16:35:00+00:00,388.7900085449,388.9899902344,388.5599975586,388.8788146973,687941,0.0,0.0,MSFT,微软,Microsoft Corporation,USD,16,35,MSFT,480.35,3566861025280,26.790295,20.376884,1.099,0.73,3.64,0.1983,349.2,553.72,223000,59.565,8.0643,0.40305,0.14088,0.34039003,44.668,76842999808,128812998656,331839012864,194237005824,0.67944,0.45111,29.118,1.099,1.23,0.7593,0.00090000004,2.17,7425545491,7414481428,569.5583,870.0,400.0,1.35714,53,331839000000.0,106374000000.0,225465000000.0,155237000000.0,133749000000.0,17.95,18.0,0,34666000000.0,32185000000.0,165934000000.0,207519000000.0,168985000000.0,201794000000.0,129134650000.0,38534000000.0,7453000000.0,7429000000.0,758376000000.0,315989000000.0,442387000000.0,56826000000.0,19359000000.0,20935000000.0,76651000000.0,1397000000.0,80876000000.0,337253000000.0,455944000000.0,-118691000000.0,119651000000.0,0,31067000000.0,168825000000.0,207710000000.0,38885000000.0,328265000000.0,117406000000.0,117406000000.0,442387000000.0,304127000000.0,482681000000.0,473454000000.0,182935000000.0,66987000000.0,-115948000000.0,-26445000000.0,-22271000000.0,-52546000000.0,-139500000000.0,-9111000000.0,20935000000.0,30242000000.0,12405000000.0,38534000000.0,14189000000.0,133749000000.0,-4895000000.0,0.0,-3000000000.0,14,39,3,0,0,0,
2026-07-22 16:40:00+00:00,388.8399963379,388.9299926758,388.5,388.7699890137,120032,0.0,0.0,MSFT,微软,Microsoft Corporation,USD,16,40,MSFT,480.35,3566861025280,26.790295,20.376884,1.099,0.73,3.64,0.1983,349.2,553.72,223000,59.565,8.0643,0.40305,0.14088,0.34039003,44.668,76842999808,128812998656,331839012864,194237005824,0.67944,0.45111,29.118,1.099,1.23,0.7593,0.00090000004,2.17,7425545491,7414481428,569.5583,870.0,400.0,1.35714,53,331839000000.0,106374000000.0,225465000000.0,155237000000.0,133749000000.0,17.95,18.0,0,34666000000.0,32185000000.0,165934000000.0,207519000000.0,168985000000.0,201794000000.0,129134650000.0,38534000000.0,7453000000.0,7429000000.0,758376000000.0,315989000000.0,442387000000.0,56826000000.0,19359000000.0,20935000000.0,76651000000.0,1397000000.0,80876000000.0,337253000000.0,455944000000.0,-118691000000.0,119651000000.0,0,31067000000.0,168825000000.0,207710000000.0,38885000000.0,328265000000.0,117406000000.0,117406000000.0,442387000000.0,304127000000.0,482681000000.0,473454000000.0,182935000000.0,66987000000.0,-115948000000.0,-26445000000.0,-22271000000.0,-52546000000.0,-139500000000.0,-9111000000.0,20935000000.0,30242000000.0,12405000000.0,38534000000.0,14189000000.0,133749000000.0,-4895000000.0,0.0,-3000000000.0,14,39,3,0,0,0,
2026-07-22 16:45:00+00:00,388.7655029297,388.8900146484,388.5,388.6300048828,113802,0.0,0.0,MSFT,微软,Microsoft Corporation,USD,16,45,MSFT,480.35,3566861025280,26.790295,20.376884,1.099,0.73,3.64,0.1983,349.2,553.72,223000,59.565,8.0643,0.40305,0.14088,0.34039003,44.668,76842999808,128812998656,331839012864,194237005824,0.67944,0.45111,29.118,1.099,1.23,0.7593,0.00090000004,2.17,7425545491,7414481428,569.5583,870.0,400.0,1.35714,53,331839000000.0,106374000000.0,225465000000.0,155237000000.0,133749000000.0,17.95,18.0,0,34666000000.0,32185000000.0,165934000000.0,207519000000.0,168985000000.0,201794000000.0,129134650000.0,38534000000.0,7453000000.0,7429000000.0,758376000000.0,315989000000.0,442387000000.0,56826000000.0,19359000000.0,20935000000.0,76651000000.0,1397000000.0,80876000000.0,337253000000.0,455944000000.0,-118691000000.0,119651000000.0,0,31067000000.0,168825000000.0,207710000000.0,38885000000.0,328265000000.0,117406000000.0,117406000000.0,442387000000.0,304127000000.0,482681000000.0,473454000000.0,182935000000.0,66987000000.0,-115948000000.0,-26445000000.0,-22271000000.0,-52546000000.0,-139500000000.0,-9111000000.0,20935000000.0,30242000000.0,12405000000.0,38534000000.0,14189000000.0,133749000000.0,-4895000000.0,0.0,-3000000000.0,14,39,3,0,0,0,
2026-07-22 16:50:00+00:00,388.5899963379,388.7799987793,388.4800109863,388.7149963379,129936,0.0,0.0,MSFT,微软,Microsoft Corporation,USD,16,50,MSFT,480.35,3566861025280,26.790295,20.376884,1.099,0.73,3.64,0.1983,349.2,553.72,223000,59.565,8.0643,0.40305,0.14088,0.34039003,44.668,76842999808,128812998656,331839012864,194237005824,0.67944,0.45111,29.118,1.099,1.23,0.7593,0.00090000004,2.17,7425545491,7414481428,569.5583,870.0,400.0,1.35714,53,331839000000.0,106374000000.0,225465000000.0,155237000000.0,133749000000.0,17.95,18.0,0,34666000000.0,32185000000.0,165934000000.0,207519000000.0,168985000000.0,201794000000.0,129134650000.0,38534000000.0,7453000000.0,7429000000.0,758376000000.0,315989000000.0,442387000000.0,56826000000.0,19359000000.0,20935000000.0,76651000000.0,1397000000.0,80876000000.0,337253000000.0,455944000000.0,-118691000000.0,119651000000.0,0,31067000000.0,168825000000.0,207710000000.0,38885000000.0,328265000000.0,117406000000.0,117406000000.0,442387000000.0,304127000000.0,482681000000.0,473454000000.0,182935000000.0,66987000000.0,-115948000000.0,-26445000000.0,-22271000000.0,-52546000000.0,-139500000000.0,-9111000000.0,20935000000.0,30242000000.0,12405000000.0,38534000000.0,14189000000.0,133749000000.0,-4895000000.0,0.0,-3000000000.0,14,39,3,0,0,0,
2026-07-22 16:55:00+00:00,388.7250061035,389.6000061035,388.6499938965,389.4400024414,170937,0.0,0.0,MSFT,微软,Microsoft Corporation,USD,16,55,MSFT,480.35,3566861025280,26.790295,20.376884,1.099,0.73,3.64,0.1983,349.2,553.72,223000,59.565,8.0643,0.40305,0.14088,0.34039003,44.668,76842999808,128812998656,331839012864,194237005824,0.67944,0.45111,29.118,1.099,1.23,0.7593,0.00090000004,2.17,7425545491,7414481428,569.5583,870.0,400.0,1.35714,53,331839000000.0,106374000000.0,225465000000.0,155237000000.0,133749000000.0,17.95,18.0,0,34666000000.0,32185000000.0,165934000000.0,207519000000.0,168985000000.0,201794000000.0,129134650000.0,38534000000.0,7453000000.0,7429000000.0,758376000000.0,315989000000.0,442387000000.0,56826000000.0,19359000000.0,20935000000.0,76651000000.0,1397000000.0,80876000000.0,337253000000.0,455944000000.0,-118691000000.0,119651000000.0,0,31067000000.0,168825000000.0,207710000000.0,38885000000.0,328265000000.0,117406000000.0,117406000000.0,442387000000.0,304127000000.0,482681000000.0,473454000000.0,182935000000.0,66987000000.0,-115948000000.0,-26445000000.0,-22271000000.0,-52546000000.0,-139500000000.0,-9111000000.0,20935000000.0,30242000000.0,12405000000.0,38534000000.0,14189000000.0,133749000000.0,-4895000000.0,0.0,-3000000000.0,14,39,3,0,0,0,
2026-07-22 17:00:00+00:00,389.4400024414,389.4400024414,388.7399902344,388.7399902344,134889,0.0,0.0,MSFT,微软,Microsoft Corporation,USD,17,0,MSFT,480.35,3566861025280,26.790295,20.376884,1.099,0.73,3.64,0.1983,349.2,553.72,223000,59.565,8.0643,0.40305,0.14088,0.34039003,44.668,76842999808,128812998656,331839012864,194237005824,0.67944,0.45111,29.118,1.099,1.23,0.7593,0.00090000004,2.17,7425545491,7414481428,569.5583,870.0,400.0,1.35714,53,331839000000.0,106374000000.0,225465000000.0,155237000000.0,133749000000.0,17.95,18.0,0,34666000000.0,32185000000.0,165934000000.0,207519000000.0,168985000000.0,201794000000.0,129134650000.0,38534000000.0,7453000000.0,7429000000.0,758376000000.0,315989000000.0,442387000000.0,56826000000.0,19359000000.0,20935000000.0,76651000000.0,1397000000.0,80876000000.0,337253000000.0,455944000000.0,-118691000000.0,119651000000.0,0,31067000000.0,168825000000.0,207710000000.0,38885000000.0,328265000000.0,117406000000.0,117406000000.0,442387000000.0,304127000000.0,482681000000.0,473454000000.0,182935000000.0,66987000000.0,-115948000000.0,-26445000000.0,-22271000000.0,-52546000000.0,-139500000000.0,-9111000000.0,20935000000.0,30242000000.0,12405000000.0,38534000000.0,14189000000.0,133749000000.0,-4895000000.0,0.0,-3000000000.0,14,39,3,0,0,0,
2026-07-22 17:05:00+00:00,388.7200012207,388.8999938965,388.5837097168,388.8099975586,103158,0.0,0.0,MSFT,微软,Microsoft Corporation,USD,17,5,MSFT,480.35,3566861025280,26.790295,20.376884,1.099,0.73,3.64,0.1983,349.2,553.72,223000,59.565,8.0643,0.40305,0.14088,0.34039003,44.668,76842999808,128812998656,331839012864,194237005824,0.67944,0.45111,29.118,1.099,1.23,0.7593,0.00090000004,2.17,7425545491,7414481428,569.5583,870.0,400.0,1.35714,53,331839000000.0,106374000000.0,225465000000.0,155237000000.0,133749000000.0,17.95,18.0,0,34666000000.0,32185000000.0,165934000000.0,207519000000.0,168985000000.0,201794000000.0,129134650000.0,38534000000.0,7453000000.0,7429000000.0,758376000000.0,315989000000.0,442387000000.0,56826000000.0,19359000000.0,20935000000.0,76651000000.0,1397000000.0,80876000000.0,337253000000.0,455944000000.0,-118691000000.0,119651000000.0,0,31067000000.0,168825000000.0,207710000000.0,38885000000.0,328265000000.0,117406000000.0,117406000000.0,442387000000.0,304127000000.0,482681000000.0,473454000000.0,182935000000.0,66987000000.0,-115948000000.0,-26445000000.0,-22271000000.0,-52546000000.0,-139500000000.0,-9111000000.0,20935000000.0,30242000000.0,12405000000.0,38534000000.0,14189000000.0,133749000000.0,-4895000000.0,0.0,-3000000000.0,14,39,3,0,0,0,
2026-07-22 17:10:00+00:00,388.8099975586,388.9100036621,388.5899963379,388.8900146484,88643,0.0,0.0,MSFT,微软,Microsoft Corporation,USD,17,10,MSFT,480.35,3566861025280,26.790295,20.376884,1.099,0.73,3.64,0.1983,349.2,553.72,223000,59.565,8.0643,0.40305,0.14088,0.34039003,44.668,76842999808,128812998656,331839012864,194237005824,0.67944,0.45111,29.118,1.099,1.23,0.7593,0.00090000004,2.17,7425545491,7414481428,569.5583,870.0,400.0,1.35714,53,331839000000.0,106374000000.0,225465000000.0,155237000000.0,133749000000.0,17.95,18.0,0,34666000000.0,32185000000.0,165934000000.0,207519000000.0,168985000000.0,201794000000.0,129134650000.0,38534000000.0,7453000000.0,7429000000.0,758376000000.0,315989000000.0,442387000000.0,56826000000.0,19359000000.0,20935000000.0,76651000000.0,1397000000.0,80876000000.0,337253000000.0,455944000000.0,-118691000000.0,119651000000.0,0,31067000000.0,168825000000.0,207710000000.0,38885000000.0,328265000000.0,117406000000.0,117406000000.0,442387000000.0,304127000000.0,482681000000.0,473454000000.0,182935000000.0,66987000000.0,-115948000000.0,-26445000000.0,-22271000000.0,-52546000000.0,-139500000000.0,-9111000000.0,20935000000.0,30242000000.0,12405000000.0,38534000000.0,14189000000.0,133749000000.0,-4895000000.0,0.0,-3000000000.0,14,39,3,0,0,0,
2026-07-22 17:15:00+00:00,388.8949890137,388.9010925293,387.75,387.8399963379,327065,0.0,0.0,MSFT,微软,Microsoft Corporation,USD,17,15,MSFT,480.35,3566861025280,26.790295,20.376884,1.099,0.73,3.64,0.1983,349.2,553.72,223000,59.565,8.0643,0.40305,0.14088,0.34039003,44.668,76842999808,128812998656,331839012864,194237005824,0.67944,0.45111,29.118,1.099,1.23,0.7593,0.00090000004,2.17,7425545491,7414481428,569.5583,870.0,400.0,1.35714,53,331839000000.0,106374000000.0,225465000000.0,155237000000.0,133749000000.0,17.95,18.0,0,34666000000.0,32185000000.0,165934000000.0,207519000000.0,168985000000.0,201794000000.0,129134650000.0,38534000000.0,7453000000.0,7429000000.0,758376000000.0,315989000000.0,442387000000.0,56826000000.0,19359000000.0,20935000000.0,76651000000.0,1397000000.0,80876000000.0,337253000000.0,455944000000.0,-118691000000.0,119651000000.0,0,31067000000.0,168825000000.0,207710000000.0,38885000000.0,328265000000.0,117406000000.0,117406000000.0,442387000000.0,304127000000.0,482681000000.0,473454000000.0,182935000000.0,66987000000.0,-115948000000.0,-26445000000.0,-22271000000.0,-52546000000.0,-139500000000.0,-9111000000.0,20935000000.0,30242000000.0,12405000000.0,38534000000.0,14189000000.0,133749000000.0,-4895000000.0,0.0,-3000000000.0,14,39,3,0,0,0,
2026-07-22 17:20:00+00:00,387.8500061035,387.8699951172,387.1499938965,387.5,240973,0.0,0.0,MSFT,微软,Microsoft Corporation,USD,17,20,MSFT,480.35,3566861025280,26.790295,20.376884,1.099,0.73,3.64,0.1983,349.2,553.72,223000,59.565,8.0643,0.40305,0.14088,0.34039003,44.668,76842999808,128812998656,331839012864,194237005824,0.67944,0.45111,29.118,1.099,1.23,0.7593,0.00090000004,2.17,7425545491,7414481428,569.5583,870.0,400.0,1.35714,53,331839000000.0,106374000000.0,225465000000.0,155237000000.0,133749000000.0,17.95,18.0,0,34666000000.0,32185000000.0,165934000000.0,207519000000.0,168985000000.0,201794000000.0,129134650000.0,38534000000.0,7453000000.0,7429000000.0,758376000000.0,315989000000.0,442387000000.0,56826000000.0,19359000000.0,20935000000.0,76651000000.0,1397000000.0,80876000000.0,337253000000.0,455944000000.0,-118691000000.0,119651000000.0,0,31067000000.0,168825000000.0,207710000000.0,38885000000.0,328265000000.0,117406000000.0,117406000000.0,442387000000.0,304127000000.0,482681000000.0,473454000000.0,182935000000.0,66987000000.0,-115948000000.0,-26445000000.0,-22271000000.0,-52546000000.0,-139500000000.0,-9111000000.0,20935000000.0,30242000000.0,12405000000.0,38534000000.0,14189000000.0,133749000000.0,-4895000000.0,0.0,-3000000000.0,14,39,3,0,0,0,
2026-07-22 17:25:00+00:00,387.5,388.0299987793,387.4400024414,387.8100891113,579363,0.0,0.0,MSFT,微软,Microsoft Corporation,USD,17,25,MSFT,480.35,3566861025280,26.790295,20.376884,1.099,0.73,3.64,0.1983,349.2,553.72,223000,59.565,8.0643,0.40305,0.14088,0.34039003,44.668,76842999808,128812998656,331839012864,194237005824,0.67944,0.45111,29.118,1.099,1.23,0.7593,0.00090000004,2.17,7425545491,7414481428,569.5583,870.0,400.0,1.35714,53,331839000000.0,106374000000.0,225465000000.0,155237000000.0,133749000000.0,17.95,18.0,0,34666000000.0,32185000000.0,165934000000.0,207519000000.0,168985000000.0,201794000000.0,129134650000.0,38534000000.0,7453000000.0,7429000000.0,758376000000.0,315989000000.0,442387000000.0,56826000000.0,19359000000.0,20935000000.0,76651000000.0,1397000000.0,80876000000.0,337253000000.0,455944000000.0,-118691000000.0,119651000000.0,0,31067000000.0,168825000000.0,207710000000.0,38885000000.0,328265000000.0,117406000000.0,117406000000.0,442387000000.0,304127000000.0,482681000000.0,473454000000.0,182935000000.0,66987000000.0,-115948000000.0,-26445000000.0,-22271000000.0,-52546000000.0,-139500000000.0,-9111000000.0,20935000000.0,30242000000.0,12405000000.0,38534000000.0,14189000000.0,133749000000.0,-4895000000.0,0.0,-3000000000.0,14,39,3,0,0,0,
2026-07-22 17:30:00+00:00,387.950012207,388.0799865723,387.7699890137,387.7950134277,96171,0.0,0.0,MSFT,微软,Microsoft Corporation,USD,17,30,MSFT,480.35,3566861025280,26.790295,20.376884,1.099,0.73,3.64,0.1983,349.2,553.72,223000,59.565,8.0643,0.40305,0.14088,0.34039003,44.668,76842999808,128812998656,331839012864,194237005824,0.67944,0.45111,29.118,1.099,1.23,0.7593,0.00090000004,2.17,7425545491,7414481428,569.5583,870.0,400.0,1.35714,53,331839000000.0,106374000000.0,225465000000.0,155237000000.0,133749000000.0,17.95,18.0,0,34666000000.0,32185000000.0,165934000000.0,207519000000.0,168985000000.0,201794000000.0,129134650000.0,38534000000.0,7453000000.0,7429000000.0,758376000000.0,315989000000.0,442387000000.0,56826000000.0,19359000000.0,20935000000.0,76651000000.0,1397000000.0,80876000000.0,337253000000.0,455944000000.0,-118691000000.0,119651000000.0,0,31067000000.0,168825000000.0,207710000000.0,38885000000.0,328265000000.0,117406000000.0,117406000000.0,442387000000.0,304127000000.0,482681000000.0,473454000000.0,182935000000.0,66987000000.0,-115948000000.0,-26445000000.0,-22271000000.0,-52546000000.0,-139500000000.0,-9111000000.0,20935000000.0,30242000000.0,12405000000.0,38534000000.0,14189000000.0,133749000000.0,-4895000000.0,0.0,-3000000000.0,14,39,3,0,0,0,
2026-07-22 17:35:00+00:00,387.7950134277,388.1400146484,387.6499938965,388.1105041504,101175,0.0,0.0,MSFT,微软,Microsoft Corporation,USD,17,35,MSFT,480.35,3566861025280,26.790295,20.376884,1.099,0.73,3.64,0.1983,349.2,553.72,223000,59.565,8.0643,0.40305,0.14088,0.34039003,44.668,76842999808,128812998656,331839012864,194237005824,0.67944,0.45111,29.118,1.099,1.23,0.7593,0.00090000004,2.17,7425545491,7414481428,569.5583,870.0,400.0,1.35714,53,331839000000.0,106374000000.0,225465000000.0,155237000000.0,133749000000.0,17.95,18.0,0,34666000000.0,32185000000.0,165934000000.0,207519000000.0,168985000000.0,201794000000.0,129134650000.0,38534000000.0,7453000000.0,7429000000.0,758376000000.0,315989000000.0,442387000000.0,56826000000.0,19359000000.0,20935000000.0,76651000000.0,1397000000.0,80876000000.0,337253000000.0,455944000000.0,-118691000000.0,119651000000.0,0,31067000000.0,168825000000.0,207710000000.0,38885000000.0,328265000000.0,117406000000.0,117406000000.0,442387000000.0,304127000000.0,482681000000.0,473454000000.0,182935000000.0,66987000000.0,-115948000000.0,-26445000000.0,-22271000000.0,-52546000000.0,-139500000000.0,-9111000000.0,20935000000.0,30242000000.0,12405000000.0,38534000000.0,14189000000.0,133749000000.0,-4895000000.0,0.0,-3000000000.0,14,39,3,0,0,0,
2026-07-22 17:40:00+00:00,388.1364135742,388.1364135742,387.75,387.7600097656,95928,0.0,0.0,MSFT,微软,Microsoft Corporation,USD,17,40,MSFT,480.35,3566861025280,26.790295,20.376884,1.099,0.73,3.64,0.1983,349.2,553.72,223000,59.565,8.0643,0.40305,0.14088,0.34039003,44.668,76842999808,128812998656,331839012864,194237005824,0.67944,0.45111,29.118,1.099,1.23,0.7593,0.00090000004,2.17,7425545491,7414481428,569.5583,870.0,400.0,1.35714,53,331839000000.0,106374000000.0,225465000000.0,155237000000.0,133749000000.0,17.95,18.0,0,34666000000.0,32185000000.0,165934000000.0,207519000000.0,168985000000.0,201794000000.0,129134650000.0,38534000000.0,7453000000.0,7429000000.0,758376000000.0,315989000000.0,442387000000.0,56826000000.0,19359000000.0,20935000000.0,76651000000.0,1397000000.0,80876000000.0,337253000000.0,455944000000.0,-118691000000.0,119651000000.0,0,31067000000.0,168825000000.0,207710000000.0,38885000000.0,328265000000.0,117406000000.0,117406000000.0,442387000000.0,304127000000.0,482681000000.0,473454000000.0,182935000000.0,66987000000.0,-115948000000.0,-26445000000.0,-22271000000.0,-52546000000.0,-139500000000.0,-9111000000.0,20935000000.0,30242000000.0,12405000000.0,38534000000.0,14189000000.0,133749000000.0,-4895000000.0,0.0,-3000000000.0,14,39,3,0,0,0,
2026-07-22 17:45:00+00:00,387.75,387.8699951172,387.5101013184,387.8599853516,94500,0.0,0.0,MSFT,微软,Microsoft Corporation,USD,17,45,MSFT,480.35,3566861025280,26.790295,20.376884,1.099,0.73,3.64,0.1983,349.2,553.72,223000,59.565,8.0643,0.40305,0.14088,0.34039003,44.668,76842999808,128812998656,331839012864,194237005824,0.67944,0.45111,29.118,1.099,1.23,0.7593,0.00090000004,2.17,7425545491,7414481428,569.5583,870.0,400.0,1.35714,53,331839000000.0,106374000000.0,225465000000.0,155237000000.0,133749000000.0,17.95,18.0,0,34666000000.0,32185000000.0,165934000000.0,207519000000.0,168985000000.0,201794000000.0,129134650000.0,38534000000.0,7453000000.0,7429000000.0,758376000000.0,315989000000.0,442387000000.0,56826000000.0,19359000000.0,20935000000.0,76651000000.0,1397000000.0,80876000000.0,337253000000.0,455944000000.0,-118691000000.0,119651000000.0,0,31067000000.0,168825000000.0,207710000000.0,38885000000.0,328265000000.0,117406000000.0,117406000000.0,442387000000.0,304127000000.0,482681000000.0,473454000000.0,182935000000.0,66987000000.0,-115948000000.0,-26445000000.0,-22271000000.0,-52546000000.0,-139500000000.0,-9111000000.0,20935000000.0,30242000000.0,12405000000.0,38534000000.0,14189000000.0,133749000000.0,-4895000000.0,0.0,-3000000000.0,14,39,3,0,0,0,
2026-07-22 17:50:00+00:00,387.8500061035,387.9700012207,387.4100036621,387.4800109863,102224,0.0,0.0,MSFT,微软,Microsoft Corporation,USD,17,50,MSFT,480.35,3566861025280,26.790295,20.376884,1.099,0.73,3.64,0.1983,349.2,553.72,223000,59.565,8.0643,0.40305,0.14088,0.34039003,44.668,76842999808,128812998656,331839012864,194237005824,0.67944,0.45111,29.118,1.099,1.23,0.7593,0.00090000004,2.17,7425545491,7414481428,569.5583,870.0,400.0,1.35714,53,331839000000.0,106374000000.0,225465000000.0,155237000000.0,133749000000.0,17.95,18.0,0,34666000000.0,32185000000.0,165934000000.0,207519000000.0,168985000000.0,201794000000.0,129134650000.0,38534000000.0,7453000000.0,7429000000.0,758376000000.0,315989000000.0,442387000000.0,56826000000.0,19359000000.0,20935000000.0,76651000000.0,1397000000.0,80876000000.0,337253000000.0,455944000000.0,-118691000000.0,119651000000.0,0,31067000000.0,168825000000.0,207710000000.0,38885000000.0,328265000000.0,117406000000.0,117406000000.0,442387000000.0,304127000000.0,482681000000.0,473454000000.0,182935000000.0,66987000000.0,-115948000000.0,-26445000000.0,-22271000000.0,-52546000000.0,-139500000000.0,-9111000000.0,20935000000.0,30242000000.0,12405000000.0,38534000000.0,14189000000.0,133749000000.0,-4895000000.0,0.0,-3000000000.0,14,39,3,0,0,0,
2026-07-22 17:55:00+00:00,387.4450073242,387.4800109863,387.1199951172,387.1900024414,117445,0.0,0.0,MSFT,微软,Microsoft Corporation,USD,17,55,MSFT,480.35,3566861025280,26.790295,20.376884,1.099,0.73,3.64,0.1983,349.2,553.72,223000,59.565,8.0643,0.40305,0.14088,0.34039003,44.668,76842999808,128812998656,331839012864,194237005824,0.67944,0.45111,29.118,1.099,1.23,0.7593,0.00090000004,2.17,7425545491,7414481428,569.5583,870.0,400.0,1.35714,53,331839000000.0,106374000000.0,225465000000.0,155237000000.0,133749000000.0,17.95,18.0,0,34666000000.0,32185000000.0,165934000000.0,207519000000.0,168985000000.0,201794000000.0,129134650000.0,38534000000.0,7453000000.0,7429000000.0,758376000000.0,315989000000.0,442387000000.0,56826000000.0,19359000000.0,20935000000.0,76651000000.0,1397000000.0,80876000000.0,337253000000.0,455944000000.0,-118691000000.0,119651000000.0,0,31067000000.0,168825000000.0,207710000000.0,38885000000.0,328265000000.0,117406000000.0,117406000000.0,442387000000.0,304127000000.0,482681000000.0,473454000000.0,182935000000.0,66987000000.0,-115948000000.0,-26445000000.0,-22271000000.0,-52546000000.0,-139500000000.0,-9111000000.0,20935000000.0,30242000000.0,12405000000.0,38534000000.0,14189000000.0,133749000000.0,-4895000000.0,0.0,-3000000000.0,14,39,3,0,0,0,
2026-07-22 18:00:00+00:00,387.1900024414,387.4400024414,387.1199951172,387.3800048828,126204,0.0,0.0,MSFT,微软,Microsoft Corporation,USD,18,0,MSFT,480.35,3566861025280,26.790295,20.376884,1.099,0.73,3.64,0.1983,349.2,553.72,223000,59.565,8.0643,0.40305,0.14088,0.34039003,44.668,76842999808,128812998656,331839012864,194237005824,0.67944,0.45111,29.118,1.099,1.23,0.7593,0.00090000004,2.17,7425545491,7414481428,569.5583,870.0,400.0,1.35714,53,331839000000.0,106374000000.0,225465000000.0,155237000000.0,133749000000.0,17.95,18.0,0,34666000000.0,32185000000.0,165934000000.0,207519000000.0,168985000000.0,201794000000.0,129134650000.0,38534000000.0,7453000000.0,7429000000.0,758376000000.0,315989000000.0,442387000000.0,56826000000.0,19359000000.0,20935000000.0,76651000000.0,1397000000.0,80876000000.0,337253000000.0,455944000000.0,-118691000000.0,119651000000.0,0,31067000000.0,168825000000.0,207710000000.0,38885000000.0,328265000000.0,117406000000.0,117406000000.0,442387000000.0,304127000000.0,482681000000.0,473454000000.0,182935000000.0,66987000000.0,-115948000000.0,-26445000000.0,-22271000000.0,-52546000000.0,-139500000000.0,-9111000000.0,20935000000.0,30242000000.0,12405000000.0,38534000000.0,14189000000.0,133749000000.0,-4895000000.0,0.0,-3000000000.0,14,39,3,0,0,0,
2026-07-22 18:05:00+00:00,387.386505127,387.4299926758,387.049987793,387.075012207,128915,0.0,0.0,MSFT,微软,Microsoft Corporation,USD,18,5,MSFT,480.35,3566861025280,26.790295,20.376884,1.099,0.73,3.64,0.1983,349.2,553.72,223000,59.565,8.0643,0.40305,0.14088,0.34039003,44.668,76842999808,128812998656,331839012864,194237005824,0.67944,0.45111,29.118,1.099,1.23,0.7593,0.00090000004,2.17,7425545491,7414481428,569.5583,870.0,400.0,1.35714,53,331839000000.0,106374000000.0,225465000000.0,155237000000.0,133749000000.0,17.95,18.0,0,34666000000.0,32185000000.0,165934000000.0,207519000000.0,168985000000.0,201794000000.0,129134650000.0,38534000000.0,7453000000.0,7429000000.0,758376000000.0,315989000000.0,442387000000.0,56826000000.0,19359000000.0,20935000000.0,76651000000.0,1397000000.0,80876000000.0,337253000000.0,455944000000.0,-118691000000.0,119651000000.0,0,31067000000.0,168825000000.0,207710000000.0,38885000000.0,328265000000.0,117406000000.0,117406000000.0,442387000000.0,304127000000.0,482681000000.0,473454000000.0,182935000000.0,66987000000.0,-115948000000.0,-26445000000.0,-22271000000.0,-52546000000.0,-139500000000.0,-9111000000.0,20935000000.0,30242000000.0,12405000000.0,38534000000.0,14189000000.0,133749000000.0,-4895000000.0,0.0,-3000000000.0,14,39,3,0,0,0,
2026-07-22 18:10:00+00:00,387.075012207,387.5,386.9700012207,387.1900024414,300334,0.0,0.0,MSFT,微软,Microsoft Corporation,USD,18,10,MSFT,480.35,3566861025280,26.790295,20.376884,1.099,0.73,3.64,0.1983,349.2,553.72,223000,59.565,8.0643,0.40305,0.14088,0.34039003,44.668,76842999808,128812998656,331839012864,194237005824,0.67944,0.45111,29.118,1.099,1.23,0.7593,0.00090000004,2.17,7425545491,7414481428,569.5583,870.0,400.0,1.35714,53,331839000000.0,106374000000.0,225465000000.0,155237000000.0,133749000000.0,17.95,18.0,0,34666000000.0,32185000000.0,165934000000.0,207519000000.0,168985000000.0,201794000000.0,129134650000.0,38534000000.0,7453000000.0,7429000000.0,758376000000.0,315989000000.0,442387000000.0,56826000000.0,19359000000.0,20935000000.0,76651000000.0,1397000000.0,80876000000.0,337253000000.0,455944000000.0,-118691000000.0,119651000000.0,0,31067000000.0,168825000000.0,207710000000.0,38885000000.0,328265000000.0,117406000000.0,117406000000.0,442387000000.0,304127000000.0,482681000000.0,473454000000.0,182935000000.0,66987000000.0,-115948000000.0,-26445000000.0,-22271000000.0,-52546000000.0,-139500000000.0,-9111000000.0,20935000000.0,30242000000.0,12405000000.0,38534000000.0,14189000000.0,133749000000.0,-4895000000.0,0.0,-3000000000.0,14,39,3,0,0,0,
2026-07-22 18:15:00+00:00,387.1350097656,387.9400024414,387.0799865723,387.8599853516,147959,0.0,0.0,MSFT,微软,Microsoft Corporation,USD,18,15,MSFT,480.35,3566861025280,26.790295,20.376884,1.099,0.73,3.64,0.1983,349.2,553.72,223000,59.565,8.0643,0.40305,0.14088,0.34039003,44.668,76842999808,128812998656,331839012864,194237005824,0.67944,0.45111,29.118,1.099,1.23,0.7593,0.00090000004,2.17,7425545491,7414481428,569.5583,870.0,400.0,1.35714,53,331839000000.0,106374000000.0,225465000000.0,155237000000.0,133749000000.0,17.95,18.0,0,34666000000.0,32185000000.0,165934000000.0,207519000000.0,168985000000.0,201794000000.0,129134650000.0,38534000000.0,7453000000.0,7429000000.0,758376000000.0,315989000000.0,442387000000.0,56826000000.0,19359000000.0,20935000000.0,76651000000.0,1397000000.0,80876000000.0,337253000000.0,455944000000.0,-118691000000.0,119651000000.0,0,31067000000.0,168825000000.0,207710000000.0,38885000000.0,328265000000.0,117406000000.0,117406000000.0,442387000000.0,304127000000.0,482681000000.0,473454000000.0,182935000000.0,66987000000.0,-115948000000.0,-26445000000.0,-22271000000.0,-52546000000.0,-139500000000.0,-9111000000.0,20935000000.0,30242000000.0,12405000000.0,38534000000.0,14189000000.0,133749000000.0,-4895000000.0,0.0,-3000000000.0,14,39,3,0,0,0,
2026-07-22 18:20:00+00:00,387.8599853516,388.0799865723,387.7099914551,387.7550048828,154574,0.0,0.0,MSFT,微软,Microsoft Corporation,USD,18,20,MSFT,480.35,3566861025280,26.790295,20.376884,1.099,0.73,3.64,0.1983,349.2,553.72,223000,59.565,8.0643,0.40305,0.14088,0.34039003,44.668,76842999808,128812998656,331839012864,194237005824,0.67944,0.45111,29.118,1.099,1.23,0.7593,0.00090000004,2.17,7425545491,7414481428,569.5583,870.0,400.0,1.35714,53,331839000000.0,106374000000.0,225465000000.0,155237000000.0,133749000000.0,17.95,18.0,0,34666000000.0,32185000000.0,165934000000.0,207519000000.0,168985000000.0,201794000000.0,129134650000.0,38534000000.0,7453000000.0,7429000000.0,758376000000.0,315989000000.0,442387000000.0,56826000000.0,19359000000.0,20935000000.0,76651000000.0,1397000000.0,80876000000.0,337253000000.0,455944000000.0,-118691000000.0,119651000000.0,0,31067000000.0,168825000000.0,207710000000.0,38885000000.0,328265000000.0,117406000000.0,117406000000.0,442387000000.0,304127000000.0,482681000000.0,473454000000.0,182935000000.0,66987000000.0,-115948000000.0,-26445000000.0,-22271000000.0,-52546000000.0,-139500000000.0,-9111000000.0,20935000000.0,30242000000.0,12405000000.0,38534000000.0,14189000000.0,133749000000.0,-4895000000.0,0.0,-3000000000.0,14,39,3,0,0,0,
2026-07-22 18:25:00+00:00,387.7699890137,388.5899963379,387.75,388.5700073242,173458,0.0,0.0,MSFT,微软,Microsoft Corporation,USD,18,25,MSFT,480.35,3566861025280,26.790295,20.376884,1.099,0.73,3.64,0.1983,349.2,553.72,223000,59.565,8.0643,0.40305,0.14088,0.34039003,44.668,76842999808,128812998656,331839012864,194237005824,0.67944,0.45111,29.118,1.099,1.23,0.7593,0.00090000004,2.17,7425545491,7414481428,569.5583,870.0,400.0,1.35714,53,331839000000.0,106374000000.0,225465000000.0,155237000000.0,133749000000.0,17.95,18.0,0,34666000000.0,32185000000.0,165934000000.0,207519000000.0,168985000000.0,201794000000.0,129134650000.0,38534000000.0,7453000000.0,7429000000.0,758376000000.0,315989000000.0,442387000000.0,56826000000.0,19359000000.0,20935000000.0,76651000000.0,1397000000.0,80876000000.0,337253000000.0,455944000000.0,-118691000000.0,119651000000.0,0,31067000000.0,168825000000.0,207710000000.0,38885000000.0,328265000000.0,117406000000.0,117406000000.0,442387000000.0,304127000000.0,482681000000.0,473454000000.0,182935000000.0,66987000000.0,-115948000000.0,-26445000000.0,-22271000000.0,-52546000000.0,-139500000000.0,-9111000000.0,20935000000.0,30242000000.0,12405000000.0,38534000000.0,14189000000.0,133749000000.0,-4895000000.0,0.0,-3000000000.0,14,39,3,0,0,0,
2026-07-22 18:30:00+00:00,388.5799865723,388.5799865723,388.1799926758,388.4898986816,160756,0.0,0.0,MSFT,微软,Microsoft Corporation,USD,18,30,MSFT,480.35,3566861025280,26.790295,20.376884,1.099,0.73,3.64,0.1983,349.2,553.72,223000,59.565,8.0643,0.40305,0.14088,0.34039003,44.668,76842999808,128812998656,331839012864,194237005824,0.67944,0.45111,29.118,1.099,1.23,0.7593,0.00090000004,2.17,7425545491,7414481428,569.5583,870.0,400.0,1.35714,53,331839000000.0,106374000000.0,225465000000.0,155237000000.0,133749000000.0,17.95,18.0,0,34666000000.0,32185000000.0,165934000000.0,207519000000.0,168985000000.0,201794000000.0,129134650000.0,38534000000.0,7453000000.0,7429000000.0,758376000000.0,315989000000.0,442387000000.0,56826000000.0,19359000000.0,20935000000.0,76651000000.0,1397000000.0,80876000000.0,337253000000.0,455944000000.0,-118691000000.0,119651000000.0,0,31067000000.0,168825000000.0,207710000000.0,38885000000.0,328265000000.0,117406000000.0,117406000000.0,442387000000.0,304127000000.0,482681000000.0,473454000000.0,182935000000.0,66987000000.0,-115948000000.0,-26445000000.0,-22271000000.0,-52546000000.0,-139500000000.0,-9111000000.0,20935000000.0,30242000000.0,12405000000.0,38534000000.0,14189000000.0,133749000000.0,-4895000000.0,0.0,-3000000000.0,14,39,3,0,0,0,
2026-07-22 18:35:00+00:00,388.4601135254,388.7098999023,388.4400024414,388.4599914551,123112,0.0,0.0,MSFT,微软,Microsoft Corporation,USD,18,35,MSFT,480.35,3566861025280,26.790295,20.376884,1.099,0.73,3.64,0.1983,349.2,553.72,223000,59.565,8.0643,0.40305,0.14088,0.34039003,44.668,76842999808,128812998656,331839012864,194237005824,0.67944,0.45111,29.118,1.099,1.23,0.7593,0.00090000004,2.17,7425545491,7414481428,569.5583,870.0,400.0,1.35714,53,331839000000.0,106374000000.0,225465000000.0,155237000000.0,133749000000.0,17.95,18.0,0,34666000000.0,32185000000.0,165934000000.0,207519000000.0,168985000000.0,201794000000.0,129134650000.0,38534000000.0,7453000000.0,7429000000.0,758376000000.0,315989000000.0,442387000000.0,56826000000.0,19359000000.0,20935000000.0,76651000000.0,1397000000.0,80876000000.0,337253000000.0,455944000000.0,-118691000000.0,119651000000.0,0,31067000000.0,168825000000.0,207710000000.0,38885000000.0,328265000000.0,117406000000.0,117406000000.0,442387000000.0,304127000000.0,482681000000.0,473454000000.0,182935000000.0,66987000000.0,-115948000000.0,-26445000000.0,-22271000000.0,-52546000000.0,-139500000000.0,-9111000000.0,20935000000.0,30242000000.0,12405000000.0,38534000000.0,14189000000.0,133749000000.0,-4895000000.0,0.0,-3000000000.0,14,39,3,0,0,0,
2026-07-22 18:40:00+00:00,388.4700012207,388.75,388.3900146484,388.6502075195,124569,0.0,0.0,MSFT,微软,Microsoft Corporation,USD,18,40,MSFT,480.35,3566861025280,26.790295,20.376884,1.099,0.73,3.64,0.1983,349.2,553.72,223000,59.565,8.0643,0.40305,0.14088,0.34039003,44.668,76842999808,128812998656,331839012864,194237005824,0.67944,0.45111,29.118,1.099,1.23,0.7593,0.00090000004,2.17,7425545491,7414481428,569.5583,870.0,400.0,1.35714,53,331839000000.0,106374000000.0,225465000000.0,155237000000.0,133749000000.0,17.95,18.0,0,34666000000.0,32185000000.0,165934000000.0,207519000000.0,168985000000.0,201794000000.0,129134650000.0,38534000000.0,7453000000.0,7429000000.0,758376000000.0,315989000000.0,442387000000.0,56826000000.0,19359000000.0,20935000000.0,76651000000.0,1397000000.0,80876000000.0,337253000000.0,455944000000.0,-118691000000.0,119651000000.0,0,31067000000.0,168825000000.0,207710000000.0,38885000000.0,328265000000.0,117406000000.0,117406000000.0,442387000000.0,304127000000.0,482681000000.0,473454000000.0,182935000000.0,66987000000.0,-115948000000.0,-26445000000.0,-22271000000.0,-52546000000.0,-139500000000.0,-9111000000.0,20935000000.0,30242000000.0,12405000000.0,38534000000.0,14189000000.0,133749000000.0,-4895000000.0,0.0,-3000000000.0,14,39,3,0,0,0,
2026-07-22 18:45:00+00:00,388.6799926758,388.8900146484,388.5400085449,388.5719909668,120181,0.0,0.0,MSFT,微软,Microsoft Corporation,USD,18,45,MSFT,480.35,3566861025280,26.790295,20.376884,1.099,0.73,3.64,0.1983,349.2,553.72,223000,59.565,8.0643,0.40305,0.14088,0.34039003,44.668,76842999808,128812998656,331839012864,194237005824,0.67944,0.45111,29.118,1.099,1.23,0.7593,0.00090000004,2.17,7425545491,7414481428,569.5583,870.0,400.0,1.35714,53,331839000000.0,106374000000.0,225465000000.0,155237000000.0,133749000000.0,17.95,18.0,0,34666000000.0,32185000000.0,165934000000.0,207519000000.0,168985000000.0,201794000000.0,129134650000.0,38534000000.0,7453000000.0,7429000000.0,758376000000.0,315989000000.0,442387000000.0,56826000000.0,19359000000.0,20935000000.0,76651000000.0,1397000000.0,80876000000.0,337253000000.0,455944000000.0,-118691000000.0,119651000000.0,0,31067000000.0,168825000000.0,207710000000.0,38885000000.0,328265000000.0,117406000000.0,117406000000.0,442387000000.0,304127000000.0,482681000000.0,473454000000.0,182935000000.0,66987000000.0,-115948000000.0,-26445000000.0,-22271000000.0,-52546000000.0,-139500000000.0,-9111000000.0,20935000000.0,30242000000.0,12405000000.0,38534000000.0,14189000000.0,133749000000.0,-4895000000.0,0.0,-3000000000.0,14,39,3,0,0,0,
2026-07-22 18:50:00+00:00,388.575012207,388.575012207,388.3399963379,388.5350036621,203839,0.0,0.0,MSFT,微软,Microsoft Corporation,USD,18,50,MSFT,480.35,3566861025280,26.790295,20.376884,1.099,0.73,3.64,0.1983,349.2,553.72,223000,59.565,8.0643,0.40305,0.14088,0.34039003,44.668,76842999808,128812998656,331839012864,194237005824,0.67944,0.45111,29.118,1.099,1.23,0.7593,0.00090000004,2.17,7425545491,7414481428,569.5583,870.0,400.0,1.35714,53,331839000000.0,106374000000.0,225465000000.0,155237000000.0,133749000000.0,17.95,18.0,0,34666000000.0,32185000000.0,165934000000.0,207519000000.0,168985000000.0,201794000000.0,129134650000.0,38534000000.0,7453000000.0,7429000000.0,758376000000.0,315989000000.0,442387000000.0,56826000000.0,19359000000.0,20935000000.0,76651000000.0,1397000000.0,80876000000.0,337253000000.0,455944000000.0,-118691000000.0,119651000000.0,0,31067000000.0,168825000000.0,207710000000.0,38885000000.0,328265000000.0,117406000000.0,117406000000.0,442387000000.0,304127000000.0,482681000000.0,473454000000.0,182935000000.0,66987000000.0,-115948000000.0,-26445000000.0,-22271000000.0,-52546000000.0,-139500000000.0,-9111000000.0,20935000000.0,30242000000.0,12405000000.0,38534000000.0,14189000000.0,133749000000.0,-4895000000.0,0.0,-3000000000.0,14,39,3,0,0,0,
2026-07-22 18:55:00+00:00,388.5199890137,388.8699951172,388.4400024414,388.7749938965,164084,0.0,0.0,MSFT,微软,Microsoft Corporation,USD,18,55,MSFT,480.35,3566861025280,26.790295,20.376884,1.099,0.73,3.64,0.1983,349.2,553.72,223000,59.565,8.0643,0.40305,0.14088,0.34039003,44.668,76842999808,128812998656,331839012864,194237005824,0.67944,0.45111,29.118,1.099,1.23,0.7593,0.00090000004,2.17,7425545491,7414481428,569.5583,870.0,400.0,1.35714,53,331839000000.0,106374000000.0,225465000000.0,155237000000.0,133749000000.0,17.95,18.0,0,34666000000.0,32185000000.0,165934000000.0,207519000000.0,168985000000.0,201794000000.0,129134650000.0,38534000000.0,7453000000.0,7429000000.0,758376000000.0,315989000000.0,442387000000.0,56826000000.0,19359000000.0,20935000000.0,76651000000.0,1397000000.0,80876000000.0,337253000000.0,455944000000.0,-118691000000.0,119651000000.0,0,31067000000.0,168825000000.0,207710000000.0,38885000000.0,328265000000.0,117406000000.0,117406000000.0,442387000000.0,304127000000.0,482681000000.0,473454000000.0,182935000000.0,66987000000.0,-115948000000.0,-26445000000.0,-22271000000.0,-52546000000.0,-139500000000.0,-9111000000.0,20935000000.0,30242000000.0,12405000000.0,38534000000.0,14189000000.0,133749000000.0,-4895000000.0,0.0,-3000000000.0,14,39,3,0,0,0,
2026-07-22 19:00:00+00:00,388.7749938965,389.1799926758,388.575012207,388.9599914551,196286,0.0,0.0,MSFT,微软,Microsoft Corporation,USD,19,0,MSFT,480.35,3566861025280,26.790295,20.376884,1.099,0.73,3.64,0.1983,349.2,553.72,223000,59.565,8.0643,0.40305,0.14088,0.34039003,44.668,76842999808,128812998656,331839012864,194237005824,0.67944,0.45111,29.118,1.099,1.23,0.7593,0.00090000004,2.17,7425545491,7414481428,569.5583,870.0,400.0,1.35714,53,331839000000.0,106374000000.0,225465000000.0,155237000000.0,133749000000.0,17.95,18.0,0,34666000000.0,32185000000.0,165934000000.0,207519000000.0,168985000000.0,201794000000.0,129134650000.0,38534000000.0,7453000000.0,7429000000.0,758376000000.0,315989000000.0,442387000000.0,56826000000.0,19359000000.0,20935000000.0,76651000000.0,1397000000.0,80876000000.0,337253000000.0,455944000000.0,-118691000000.0,119651000000.0,0,31067000000.0,168825000000.0,207710000000.0,38885000000.0,328265000000.0,117406000000.0,117406000000.0,442387000000.0,304127000000.0,482681000000.0,473454000000.0,182935000000.0,66987000000.0,-115948000000.0,-26445000000.0,-22271000000.0,-52546000000.0,-139500000000.0,-9111000000.0,20935000000.0,30242000000.0,12405000000.0,38534000000.0,14189000000.0,133749000000.0,-4895000000.0,0.0,-3000000000.0,14,39,3,0,0,0,
2026-07-22 19:05:00+00:00,388.9599914551,389.5100097656,388.9100036621,389.3052062988,181675,0.0,0.0,MSFT,微软,Microsoft Corporation,USD,19,5,MSFT,480.35,3566861025280,26.790295,20.376884,1.099,0.73,3.64,0.1983,349.2,553.72,223000,59.565,8.0643,0.40305,0.14088,0.34039003,44.668,76842999808,128812998656,331839012864,194237005824,0.67944,0.45111,29.118,1.099,1.23,0.7593,0.00090000004,2.17,7425545491,7414481428,569.5583,870.0,400.0,1.35714,53,331839000000.0,106374000000.0,225465000000.0,155237000000.0,133749000000.0,17.95,18.0,0,34666000000.0,32185000000.0,165934000000.0,207519000000.0,168985000000.0,201794000000.0,129134650000.0,38534000000.0,7453000000.0,7429000000.0,758376000000.0,315989000000.0,442387000000.0,56826000000.0,19359000000.0,20935000000.0,76651000000.0,1397000000.0,80876000000.0,337253000000.0,455944000000.0,-118691000000.0,119651000000.0,0,31067000000.0,168825000000.0,207710000000.0,38885000000.0,328265000000.0,117406000000.0,117406000000.0,442387000000.0,304127000000.0,482681000000.0,473454000000.0,182935000000.0,66987000000.0,-115948000000.0,-26445000000.0,-22271000000.0,-52546000000.0,-139500000000.0,-9111000000.0,20935000000.0,30242000000.0,12405000000.0,38534000000.0,14189000000.0,133749000000.0,-4895000000.0,0.0,-3000000000.0,14,39,3,0,0,0,
2026-07-22 19:10:00+00:00,389.3349914551,389.7600097656,389.2200012207,389.7600097656,179959,0.0,0.0,MSFT,微软,Microsoft Corporation,USD,19,10,MSFT,480.35,3566861025280,26.790295,20.376884,1.099,0.73,3.64,0.1983,349.2,553.72,223000,59.565,8.0643,0.40305,0.14088,0.34039003,44.668,76842999808,128812998656,331839012864,194237005824,0.67944,0.45111,29.118,1.099,1.23,0.7593,0.00090000004,2.17,7425545491,7414481428,569.5583,870.0,400.0,1.35714,53,331839000000.0,106374000000.0,225465000000.0,155237000000.0,133749000000.0,17.95,18.0,0,34666000000.0,32185000000.0,165934000000.0,207519000000.0,168985000000.0,201794000000.0,129134650000.0,38534000000.0,7453000000.0,7429000000.0,758376000000.0,315989000000.0,442387000000.0,56826000000.0,19359000000.0,20935000000.0,76651000000.0,1397000000.0,80876000000.0,337253000000.0,455944000000.0,-118691000000.0,119651000000.0,0,31067000000.0,168825000000.0,207710000000.0,38885000000.0,328265000000.0,117406000000.0,117406000000.0,442387000000.0,304127000000.0,482681000000.0,473454000000.0,182935000000.0,66987000000.0,-115948000000.0,-26445000000.0,-22271000000.0,-52546000000.0,-139500000000.0,-9111000000.0,20935000000.0,30242000000.0,12405000000.0,38534000000.0,14189000000.0,133749000000.0,-4895000000.0,0.0,-3000000000.0,14,39,3,0,0,0,
2026-07-22 19:15:00+00:00,389.7399902344,389.8900146484,389.3900146484,389.3900146484,220784,0.0,0.0,MSFT,微软,Microsoft Corporation,USD,19,15,MSFT,480.35,3566861025280,26.790295,20.376884,1.099,0.73,3.64,0.1983,349.2,553.72,223000,59.565,8.0643,0.40305,0.14088,0.34039003,44.668,76842999808,128812998656,331839012864,194237005824,0.67944,0.45111,29.118,1.099,1.23,0.7593,0.00090000004,2.17,7425545491,7414481428,569.5583,870.0,400.0,1.35714,53,331839000000.0,106374000000.0,225465000000.0,155237000000.0,133749000000.0,17.95,18.0,0,34666000000.0,32185000000.0,165934000000.0,207519000000.0,168985000000.0,201794000000.0,129134650000.0,38534000000.0,7453000000.0,7429000000.0,758376000000.0,315989000000.0,442387000000.0,56826000000.0,19359000000.0,20935000000.0,76651000000.0,1397000000.0,80876000000.0,337253000000.0,455944000000.0,-118691000000.0,119651000000.0,0,31067000000.0,168825000000.0,207710000000.0,38885000000.0,328265000000.0,117406000000.0,117406000000.0,442387000000.0,304127000000.0,482681000000.0,473454000000.0,182935000000.0,66987000000.0,-115948000000.0,-26445000000.0,-22271000000.0,-52546000000.0,-139500000000.0,-9111000000.0,20935000000.0,30242000000.0,12405000000.0,38534000000.0,14189000000.0,133749000000.0,-4895000000.0,0.0,-3000000000.0,14,39,3,0,0,0,
2026-07-22 19:20:00+00:00,389.3599853516,389.5199890137,389.200012207,389.3099975586,778327,0.0,0.0,MSFT,微软,Microsoft Corporation,USD,19,20,MSFT,480.35,3566861025280,26.790295,20.376884,1.099,0.73,3.64,0.1983,349.2,553.72,223000,59.565,8.0643,0.40305,0.14088,0.34039003,44.668,76842999808,128812998656,331839012864,194237005824,0.67944,0.45111,29.118,1.099,1.23,0.7593,0.00090000004,2.17,7425545491,7414481428,569.5583,870.0,400.0,1.35714,53,331839000000.0,106374000000.0,225465000000.0,155237000000.0,133749000000.0,17.95,18.0,0,34666000000.0,32185000000.0,165934000000.0,207519000000.0,168985000000.0,201794000000.0,129134650000.0,38534000000.0,7453000000.0,7429000000.0,758376000000.0,315989000000.0,442387000000.0,56826000000.0,19359000000.0,20935000000.0,76651000000.0,1397000000.0,80876000000.0,337253000000.0,455944000000.0,-118691000000.0,119651000000.0,0,31067000000.0,168825000000.0,207710000000.0,38885000000.0,328265000000.0,117406000000.0,117406000000.0,442387000000.0,304127000000.0,482681000000.0,473454000000.0,182935000000.0,66987000000.0,-115948000000.0,-26445000000.0,-22271000000.0,-52546000000.0,-139500000000.0,-9111000000.0,20935000000.0,30242000000.0,12405000000.0,38534000000.0,14189000000.0,133749000000.0,-4895000000.0,0.0,-3000000000.0,14,39,3,0,0,0,
2026-07-22 19:25:00+00:00,389.3099975586,389.679901123,389.2799987793,389.4200134277,149959,0.0,0.0,MSFT,微软,Microsoft Corporation,USD,19,25,MSFT,480.35,3566861025280,26.790295,20.376884,1.099,0.73,3.64,0.1983,349.2,553.72,223000,59.565,8.0643,0.40305,0.14088,0.34039003,44.668,76842999808,128812998656,331839012864,194237005824,0.67944,0.45111,29.118,1.099,1.23,0.7593,0.00090000004,2.17,7425545491,7414481428,569.5583,870.0,400.0,1.35714,53,331839000000.0,106374000000.0,225465000000.0,155237000000.0,133749000000.0,17.95,18.0,0,34666000000.0,32185000000.0,165934000000.0,207519000000.0,168985000000.0,201794000000.0,129134650000.0,38534000000.0,7453000000.0,7429000000.0,758376000000.0,315989000000.0,442387000000.0,56826000000.0,19359000000.0,20935000000.0,76651000000.0,1397000000.0,80876000000.0,337253000000.0,455944000000.0,-118691000000.0,119651000000.0,0,31067000000.0,168825000000.0,207710000000.0,38885000000.0,328265000000.0,117406000000.0,117406000000.0,442387000000.0,304127000000.0,482681000000.0,473454000000.0,182935000000.0,66987000000.0,-115948000000.0,-26445000000.0,-22271000000.0,-52546000000.0,-139500000000.0,-9111000000.0,20935000000.0,30242000000.0,12405000000.0,38534000000.0,14189000000.0,133749000000.0,-4895000000.0,0.0,-3000000000.0,14,39,3,0,0,0,
2026-07-22 19:30:00+00:00,389.3999938965,389.4200134277,388.8508911133,388.9299926758,290192,0.0,0.0,MSFT,微软,Microsoft Corporation,USD,19,30,MSFT,480.35,3566861025280,26.790295,20.376884,1.099,0.73,3.64,0.1983,349.2,553.72,223000,59.565,8.0643,0.40305,0.14088,0.34039003,44.668,76842999808,128812998656,331839012864,194237005824,0.67944,0.45111,29.118,1.099,1.23,0.7593,0.00090000004,2.17,7425545491,7414481428,569.5583,870.0,400.0,1.35714,53,331839000000.0,106374000000.0,225465000000.0,155237000000.0,133749000000.0,17.95,18.0,0,34666000000.0,32185000000.0,165934000000.0,207519000000.0,168985000000.0,201794000000.0,129134650000.0,38534000000.0,7453000000.0,7429000000.0,758376000000.0,315989000000.0,442387000000.0,56826000000.0,19359000000.0,20935000000.0,76651000000.0,1397000000.0,80876000000.0,337253000000.0,455944000000.0,-118691000000.0,119651000000.0,0,31067000000.0,168825000000.0,207710000000.0,38885000000.0,328265000000.0,117406000000.0,117406000000.0,442387000000.0,304127000000.0,482681000000.0,473454000000.0,182935000000.0,66987000000.0,-115948000000.0,-26445000000.0,-22271000000.0,-52546000000.0,-139500000000.0,-9111000000.0,20935000000.0,30242000000.0,12405000000.0,38534000000.0,14189000000.0,133749000000.0,-4895000000.0,0.0,-3000000000.0,14,39,3,0,0,0,
2026-07-22 19:35:00+00:00,388.9299926758,389.1199951172,388.2900085449,388.3349914551,292007,0.0,0.0,MSFT,微软,Microsoft Corporation,USD,19,35,MSFT,480.35,3566861025280,26.790295,20.376884,1.099,0.73,3.64,0.1983,349.2,553.72,223000,59.565,8.0643,0.40305,0.14088,0.34039003,44.668,76842999808,128812998656,331839012864,194237005824,0.67944,0.45111,29.118,1.099,1.23,0.7593,0.00090000004,2.17,7425545491,7414481428,569.5583,870.0,400.0,1.35714,53,331839000000.0,106374000000.0,225465000000.0,155237000000.0,133749000000.0,17.95,18.0,0,34666000000.0,32185000000.0,165934000000.0,207519000000.0,168985000000.0,201794000000.0,129134650000.0,38534000000.0,7453000000.0,7429000000.0,758376000000.0,315989000000.0,442387000000.0,56826000000.0,19359000000.0,20935000000.0,76651000000.0,1397000000.0,80876000000.0,337253000000.0,455944000000.0,-118691000000.0,119651000000.0,0,31067000000.0,168825000000.0,207710000000.0,38885000000.0,328265000000.0,117406000000.0,117406000000.0,442387000000.0,304127000000.0,482681000000.0,473454000000.0,182935000000.0,66987000000.0,-115948000000.0,-26445000000.0,-22271000000.0,-52546000000.0,-139500000000.0,-9111000000.0,20935000000.0,30242000000.0,12405000000.0,38534000000.0,14189000000.0,133749000000.0,-4895000000.0,0.0,-3000000000.0,14,39,3,0,0,0,
2026-07-22 19:40:00+00:00,388.3450012207,388.8699035645,388.3099975586,388.7001037598,219337,0.0,0.0,MSFT,微软,Microsoft Corporation,USD,19,40,MSFT,480.35,3566861025280,26.790295,20.376884,1.099,0.73,3.64,0.1983,349.2,553.72,223000,59.565,8.0643,0.40305,0.14088,0.34039003,44.668,76842999808,128812998656,331839012864,194237005824,0.67944,0.45111,29.118,1.099,1.23,0.7593,0.00090000004,2.17,7425545491,7414481428,569.5583,870.0,400.0,1.35714,53,331839000000.0,106374000000.0,225465000000.0,155237000000.0,133749000000.0,17.95,18.0,0,34666000000.0,32185000000.0,165934000000.0,207519000000.0,168985000000.0,201794000000.0,129134650000.0,38534000000.0,7453000000.0,7429000000.0,758376000000.0,315989000000.0,442387000000.0,56826000000.0,19359000000.0,20935000000.0,76651000000.0,1397000000.0,80876000000.0,337253000000.0,455944000000.0,-118691000000.0,119651000000.0,0,31067000000.0,168825000000.0,207710000000.0,38885000000.0,328265000000.0,117406000000.0,117406000000.0,442387000000.0,304127000000.0,482681000000.0,473454000000.0,182935000000.0,66987000000.0,-115948000000.0,-26445000000.0,-22271000000.0,-52546000000.0,-139500000000.0,-9111000000.0,20935000000.0,30242000000.0,12405000000.0,38534000000.0,14189000000.0,133749000000.0,-4895000000.0,0.0,-3000000000.0,14,39,3,0,0,0,
2026-07-22 19:45:00+00:00,388.7399902344,389.2099914551,388.6600036621,389.200012207,256238,0.0,0.0,MSFT,微软,Microsoft Corporation,USD,19,45,MSFT,480.35,3566861025280,26.790295,20.376884,1.099,0.73,3.64,0.1983,349.2,553.72,223000,59.565,8.0643,0.40305,0.14088,0.34039003,44.668,76842999808,128812998656,331839012864,194237005824,0.67944,0.45111,29.118,1.099,1.23,0.7593,0.00090000004,2.17,7425545491,7414481428,569.5583,870.0,400.0,1.35714,53,331839000000.0,106374000000.0,225465000000.0,155237000000.0,133749000000.0,17.95,18.0,0,34666000000.0,32185000000.0,165934000000.0,207519000000.0,168985000000.0,201794000000.0,129134650000.0,38534000000.0,7453000000.0,7429000000.0,758376000000.0,315989000000.0,442387000000.0,56826000000.0,19359000000.0,20935000000.0,76651000000.0,1397000000.0,80876000000.0,337253000000.0,455944000000.0,-118691000000.0,119651000000.0,0,31067000000.0,168825000000.0,207710000000.0,38885000000.0,328265000000.0,117406000000.0,117406000000.0,442387000000.0,304127000000.0,482681000000.0,473454000000.0,182935000000.0,66987000000.0,-115948000000.0,-26445000000.0,-22271000000.0,-52546000000.0,-139500000000.0,-9111000000.0,20935000000.0,30242000000.0,12405000000.0,38534000000.0,14189000000.0,133749000000.0,-4895000000.0,0.0,-3000000000.0,14,39,3,0,0,0,
2026-07-22 19:50:00+00:00,389.2099914551,389.8399963379,389.1499938965,389.6149902344,452989,0.0,0.0,MSFT,微软,Microsoft Corporation,USD,19,50,MSFT,480.35,3566861025280,26.790295,20.376884,1.099,0.73,3.64,0.1983,349.2,553.72,223000,59.565,8.0643,0.40305,0.14088,0.34039003,44.668,76842999808,128812998656,331839012864,194237005824,0.67944,0.45111,29.118,1.099,1.23,0.7593,0.00090000004,2.17,7425545491,7414481428,569.5583,870.0,400.0,1.35714,53,331839000000.0,106374000000.0,225465000000.0,155237000000.0,133749000000.0,17.95,18.0,0,34666000000.0,32185000000.0,165934000000.0,207519000000.0,168985000000.0,201794000000.0,129134650000.0,38534000000.0,7453000000.0,7429000000.0,758376000000.0,315989000000.0,442387000000.0,56826000000.0,19359000000.0,20935000000.0,76651000000.0,1397000000.0,80876000000.0,337253000000.0,455944000000.0,-118691000000.0,119651000000.0,0,31067000000.0,168825000000.0,207710000000.0,38885000000.0,328265000000.0,117406000000.0,117406000000.0,442387000000.0,304127000000.0,482681000000.0,473454000000.0,182935000000.0,66987000000.0,-115948000000.0,-26445000000.0,-22271000000.0,-52546000000.0,-139500000000.0,-9111000000.0,20935000000.0,30242000000.0,12405000000.0,38534000000.0,14189000000.0,133749000000.0,-4895000000.0,0.0,-3000000000.0,14,39,3,0,0,0,
2026-07-22 19:55:00+00:00,389.6000061035,390.8399963379,389.299987793,390.2799987793,1804916,0.0,0.0,MSFT,微软,Microsoft Corporation,USD,19,55,MSFT,480.35,3566861025280,26.790295,20.376884,1.099,0.73,3.64,0.1983,349.2,553.72,223000,59.565,8.0643,0.40305,0.14088,0.34039003,44.668,76842999808,128812998656,331839012864,194237005824,0.67944,0.45111,29.118,1.099,1.23,0.7593,0.00090000004,2.17,7425545491,7414481428,569.5583,870.0,400.0,1.35714,53,331839000000.0,106374000000.0,225465000000.0,155237000000.0,133749000000.0,17.95,18.0,0,34666000000.0,32185000000.0,165934000000.0,207519000000.0,168985000000.0,201794000000.0,129134650000.0,38534000000.0,7453000000.0,7429000000.0,758376000000.0,315989000000.0,442387000000.0,56826000000.0,19359000000.0,20935000000.0,76651000000.0,1397000000.0,80876000000.0,337253000000.0,455944000000.0,-118691000000.0,119651000000.0,0,31067000000.0,168825000000.0,207710000000.0,38885000000.0,328265000000.0,117406000000.0,117406000000.0,442387000000.0,304127000000.0,482681000000.0,473454000000.0,182935000000.0,66987000000.0,-115948000000.0,-26445000000.0,-22271000000.0,-52546000000.0,-139500000000.0,-9111000000.0,20935000000.0,30242000000.0,12405000000.0,38534000000.0,14189000000.0,133749000000.0,-4895000000.0,0.0,-3000000000.0,14,39,3,0,0,0,
