timestamp,open,high,low,close,volume,Dividends,Stock Splits,thscode,thsname_cn,thsname_en,currency,hour,minute,ticker,si_current_price,si_market_cap,si_pe_trailing,si_pe_forward,si_beta,si_dividend_yield,si_dividend_rate,si_payout_ratio,si_52w_low,si_52w_high,si_employees,si_book_value,si_price_to_book,si_profit_margin,si_roa,si_roe,si_revenue_per_share,si_total_cash,si_total_debt,si_total_revenue,si_ebitda,si_gross_margins,si_operating_margins,si_debt_to_equity,si_quick_ratio,si_current_ratio,si_inst_pct,si_insider_pct,si_short_ratio,si_shares_outstanding,si_float_shares,si_target_mean,si_target_high,si_target_low,si_recommendation_mean,si_num_analysts,inc_total_revenue,inc_cost_of_revenue,inc_gross_profit,inc_operating_income,inc_net_income,inc_diluted_eps,inc_basic_eps,inc_rd,inc_sga,inc_tax_provision,inc_pretax_income,inc_ebitda,inc_ebit,inc_norm_ebitda,inc_norm_income,inc_depreciation,inc_diluted_shares,inc_basic_shares,bs_total_assets,bs_total_liabilities,bs_stockholders_equity,bs_total_debt,bs_net_debt,bs_cash,bs_cash_short_inv,bs_inventory,bs_receivables,bs_net_ppe,bs_gross_ppe,bs_accum_depreciation,bs_goodwill,bs_intangible_assets,bs_long_term_debt,bs_current_liabilities,bs_current_assets,bs_working_capital,bs_retained_earnings,bs_common_stock,bs_capital_stock,bs_total_equity,bs_tangible_book_value,bs_invested_capital,bs_total_capitalization,cf_operating,cf_free,cf_capex,cf_dividends_paid,cf_stock_repurchases,cf_financing,cf_investing,cf_net_change,cf_end_cash,cf_begin_cash,cf_stock_comp,cf_depreciation,cf_deferred_tax,cf_net_income_ops,cf_change_wc,cf_issuance_debt,cf_repayment_debt,rec_strong_buy,rec_buy,rec_hold,rec_sell,rec_strong_sell,news_count,news_latest_headline
2026-07-28 13:30:00+00:00,393.1600036621,396.1700134277,392.1000061035,396.0,2288399,0.0,0.0,MSFT,微软,Microsoft Corporation,USD,13,30,MSFT,480.35,3566861025280,26.790295,20.376884,1.099,0.73,3.64,0.1983,349.2,553.72,223000,59.565,8.0643,0.40305,0.14088,0.34039003,44.668,76842999808,128812998656,331839012864,194237005824,0.67944,0.45111,29.118,1.099,1.23,0.7593,0.00090000004,2.17,7425545491,7414481428,569.5583,870.0,400.0,1.35714,53,331839000000.0,106374000000.0,225465000000.0,155237000000.0,133749000000.0,17.95,18.0,0,34666000000.0,32185000000.0,165934000000.0,207519000000.0,168985000000.0,201794000000.0,129134650000.0,38534000000.0,7453000000.0,7429000000.0,758376000000.0,315989000000.0,442387000000.0,56826000000.0,19359000000.0,20935000000.0,76651000000.0,1397000000.0,80876000000.0,337253000000.0,455944000000.0,-118691000000.0,119651000000.0,0,31067000000.0,168825000000.0,207710000000.0,38885000000.0,328265000000.0,117406000000.0,117406000000.0,442387000000.0,304127000000.0,482681000000.0,473454000000.0,182935000000.0,66987000000.0,-115948000000.0,-26445000000.0,-22271000000.0,-52546000000.0,-139500000000.0,-9111000000.0,20935000000.0,30242000000.0,12405000000.0,38534000000.0,14189000000.0,133749000000.0,-4895000000.0,0.0,-3000000000.0,14,39,3,0,0,0,
2026-07-28 13:35:00+00:00,396.1599121094,400.2099914551,396.0799865723,398.3999938965,1298702,0.0,0.0,MSFT,微软,Microsoft Corporation,USD,13,35,MSFT,480.35,3566861025280,26.790295,20.376884,1.099,0.73,3.64,0.1983,349.2,553.72,223000,59.565,8.0643,0.40305,0.14088,0.34039003,44.668,76842999808,128812998656,331839012864,194237005824,0.67944,0.45111,29.118,1.099,1.23,0.7593,0.00090000004,2.17,7425545491,7414481428,569.5583,870.0,400.0,1.35714,53,331839000000.0,106374000000.0,225465000000.0,155237000000.0,133749000000.0,17.95,18.0,0,34666000000.0,32185000000.0,165934000000.0,207519000000.0,168985000000.0,201794000000.0,129134650000.0,38534000000.0,7453000000.0,7429000000.0,758376000000.0,315989000000.0,442387000000.0,56826000000.0,19359000000.0,20935000000.0,76651000000.0,1397000000.0,80876000000.0,337253000000.0,455944000000.0,-118691000000.0,119651000000.0,0,31067000000.0,168825000000.0,207710000000.0,38885000000.0,328265000000.0,117406000000.0,117406000000.0,442387000000.0,304127000000.0,482681000000.0,473454000000.0,182935000000.0,66987000000.0,-115948000000.0,-26445000000.0,-22271000000.0,-52546000000.0,-139500000000.0,-9111000000.0,20935000000.0,30242000000.0,12405000000.0,38534000000.0,14189000000.0,133749000000.0,-4895000000.0,0.0,-3000000000.0,14,39,3,0,0,0,
2026-07-28 13:40:00+00:00,398.4700012207,398.5799865723,394.0,394.4150085449,813229,0.0,0.0,MSFT,微软,Microsoft Corporation,USD,13,40,MSFT,480.35,3566861025280,26.790295,20.376884,1.099,0.73,3.64,0.1983,349.2,553.72,223000,59.565,8.0643,0.40305,0.14088,0.34039003,44.668,76842999808,128812998656,331839012864,194237005824,0.67944,0.45111,29.118,1.099,1.23,0.7593,0.00090000004,2.17,7425545491,7414481428,569.5583,870.0,400.0,1.35714,53,331839000000.0,106374000000.0,225465000000.0,155237000000.0,133749000000.0,17.95,18.0,0,34666000000.0,32185000000.0,165934000000.0,207519000000.0,168985000000.0,201794000000.0,129134650000.0,38534000000.0,7453000000.0,7429000000.0,758376000000.0,315989000000.0,442387000000.0,56826000000.0,19359000000.0,20935000000.0,76651000000.0,1397000000.0,80876000000.0,337253000000.0,455944000000.0,-118691000000.0,119651000000.0,0,31067000000.0,168825000000.0,207710000000.0,38885000000.0,328265000000.0,117406000000.0,117406000000.0,442387000000.0,304127000000.0,482681000000.0,473454000000.0,182935000000.0,66987000000.0,-115948000000.0,-26445000000.0,-22271000000.0,-52546000000.0,-139500000000.0,-9111000000.0,20935000000.0,30242000000.0,12405000000.0,38534000000.0,14189000000.0,133749000000.0,-4895000000.0,0.0,-3000000000.0,14,39,3,0,0,0,
2026-07-28 13:45:00+00:00,394.5,395.0799865723,392.0,392.9732971191,801702,0.0,0.0,MSFT,微软,Microsoft Corporation,USD,13,45,MSFT,480.35,3566861025280,26.790295,20.376884,1.099,0.73,3.64,0.1983,349.2,553.72,223000,59.565,8.0643,0.40305,0.14088,0.34039003,44.668,76842999808,128812998656,331839012864,194237005824,0.67944,0.45111,29.118,1.099,1.23,0.7593,0.00090000004,2.17,7425545491,7414481428,569.5583,870.0,400.0,1.35714,53,331839000000.0,106374000000.0,225465000000.0,155237000000.0,133749000000.0,17.95,18.0,0,34666000000.0,32185000000.0,165934000000.0,207519000000.0,168985000000.0,201794000000.0,129134650000.0,38534000000.0,7453000000.0,7429000000.0,758376000000.0,315989000000.0,442387000000.0,56826000000.0,19359000000.0,20935000000.0,76651000000.0,1397000000.0,80876000000.0,337253000000.0,455944000000.0,-118691000000.0,119651000000.0,0,31067000000.0,168825000000.0,207710000000.0,38885000000.0,328265000000.0,117406000000.0,117406000000.0,442387000000.0,304127000000.0,482681000000.0,473454000000.0,182935000000.0,66987000000.0,-115948000000.0,-26445000000.0,-22271000000.0,-52546000000.0,-139500000000.0,-9111000000.0,20935000000.0,30242000000.0,12405000000.0,38534000000.0,14189000000.0,133749000000.0,-4895000000.0,0.0,-3000000000.0,14,39,3,0,0,0,
2026-07-28 13:50:00+00:00,392.950012207,394.5400085449,391.8299865723,391.9200134277,721903,0.0,0.0,MSFT,微软,Microsoft Corporation,USD,13,50,MSFT,480.35,3566861025280,26.790295,20.376884,1.099,0.73,3.64,0.1983,349.2,553.72,223000,59.565,8.0643,0.40305,0.14088,0.34039003,44.668,76842999808,128812998656,331839012864,194237005824,0.67944,0.45111,29.118,1.099,1.23,0.7593,0.00090000004,2.17,7425545491,7414481428,569.5583,870.0,400.0,1.35714,53,331839000000.0,106374000000.0,225465000000.0,155237000000.0,133749000000.0,17.95,18.0,0,34666000000.0,32185000000.0,165934000000.0,207519000000.0,168985000000.0,201794000000.0,129134650000.0,38534000000.0,7453000000.0,7429000000.0,758376000000.0,315989000000.0,442387000000.0,56826000000.0,19359000000.0,20935000000.0,76651000000.0,1397000000.0,80876000000.0,337253000000.0,455944000000.0,-118691000000.0,119651000000.0,0,31067000000.0,168825000000.0,207710000000.0,38885000000.0,328265000000.0,117406000000.0,117406000000.0,442387000000.0,304127000000.0,482681000000.0,473454000000.0,182935000000.0,66987000000.0,-115948000000.0,-26445000000.0,-22271000000.0,-52546000000.0,-139500000000.0,-9111000000.0,20935000000.0,30242000000.0,12405000000.0,38534000000.0,14189000000.0,133749000000.0,-4895000000.0,0.0,-3000000000.0,14,39,3,0,0,0,
2026-07-28 13:55:00+00:00,391.9200134277,392.6600036621,391.299987793,392.3599853516,442567,0.0,0.0,MSFT,微软,Microsoft Corporation,USD,13,55,MSFT,480.35,3566861025280,26.790295,20.376884,1.099,0.73,3.64,0.1983,349.2,553.72,223000,59.565,8.0643,0.40305,0.14088,0.34039003,44.668,76842999808,128812998656,331839012864,194237005824,0.67944,0.45111,29.118,1.099,1.23,0.7593,0.00090000004,2.17,7425545491,7414481428,569.5583,870.0,400.0,1.35714,53,331839000000.0,106374000000.0,225465000000.0,155237000000.0,133749000000.0,17.95,18.0,0,34666000000.0,32185000000.0,165934000000.0,207519000000.0,168985000000.0,201794000000.0,129134650000.0,38534000000.0,7453000000.0,7429000000.0,758376000000.0,315989000000.0,442387000000.0,56826000000.0,19359000000.0,20935000000.0,76651000000.0,1397000000.0,80876000000.0,337253000000.0,455944000000.0,-118691000000.0,119651000000.0,0,31067000000.0,168825000000.0,207710000000.0,38885000000.0,328265000000.0,117406000000.0,117406000000.0,442387000000.0,304127000000.0,482681000000.0,473454000000.0,182935000000.0,66987000000.0,-115948000000.0,-26445000000.0,-22271000000.0,-52546000000.0,-139500000000.0,-9111000000.0,20935000000.0,30242000000.0,12405000000.0,38534000000.0,14189000000.0,133749000000.0,-4895000000.0,0.0,-3000000000.0,14,39,3,0,0,0,
2026-07-28 14:00:00+00:00,392.4200134277,393.1900024414,392.200012207,392.762512207,362556,0.0,0.0,MSFT,微软,Microsoft Corporation,USD,14,0,MSFT,480.35,3566861025280,26.790295,20.376884,1.099,0.73,3.64,0.1983,349.2,553.72,223000,59.565,8.0643,0.40305,0.14088,0.34039003,44.668,76842999808,128812998656,331839012864,194237005824,0.67944,0.45111,29.118,1.099,1.23,0.7593,0.00090000004,2.17,7425545491,7414481428,569.5583,870.0,400.0,1.35714,53,331839000000.0,106374000000.0,225465000000.0,155237000000.0,133749000000.0,17.95,18.0,0,34666000000.0,32185000000.0,165934000000.0,207519000000.0,168985000000.0,201794000000.0,129134650000.0,38534000000.0,7453000000.0,7429000000.0,758376000000.0,315989000000.0,442387000000.0,56826000000.0,19359000000.0,20935000000.0,76651000000.0,1397000000.0,80876000000.0,337253000000.0,455944000000.0,-118691000000.0,119651000000.0,0,31067000000.0,168825000000.0,207710000000.0,38885000000.0,328265000000.0,117406000000.0,117406000000.0,442387000000.0,304127000000.0,482681000000.0,473454000000.0,182935000000.0,66987000000.0,-115948000000.0,-26445000000.0,-22271000000.0,-52546000000.0,-139500000000.0,-9111000000.0,20935000000.0,30242000000.0,12405000000.0,38534000000.0,14189000000.0,133749000000.0,-4895000000.0,0.0,-3000000000.0,14,39,3,0,0,0,
2026-07-28 14:05:00+00:00,392.7600097656,394.3999938965,392.6972045898,393.9100036621,439303,0.0,0.0,MSFT,微软,Microsoft Corporation,USD,14,5,MSFT,480.35,3566861025280,26.790295,20.376884,1.099,0.73,3.64,0.1983,349.2,553.72,223000,59.565,8.0643,0.40305,0.14088,0.34039003,44.668,76842999808,128812998656,331839012864,194237005824,0.67944,0.45111,29.118,1.099,1.23,0.7593,0.00090000004,2.17,7425545491,7414481428,569.5583,870.0,400.0,1.35714,53,331839000000.0,106374000000.0,225465000000.0,155237000000.0,133749000000.0,17.95,18.0,0,34666000000.0,32185000000.0,165934000000.0,207519000000.0,168985000000.0,201794000000.0,129134650000.0,38534000000.0,7453000000.0,7429000000.0,758376000000.0,315989000000.0,442387000000.0,56826000000.0,19359000000.0,20935000000.0,76651000000.0,1397000000.0,80876000000.0,337253000000.0,455944000000.0,-118691000000.0,119651000000.0,0,31067000000.0,168825000000.0,207710000000.0,38885000000.0,328265000000.0,117406000000.0,117406000000.0,442387000000.0,304127000000.0,482681000000.0,473454000000.0,182935000000.0,66987000000.0,-115948000000.0,-26445000000.0,-22271000000.0,-52546000000.0,-139500000000.0,-9111000000.0,20935000000.0,30242000000.0,12405000000.0,38534000000.0,14189000000.0,133749000000.0,-4895000000.0,0.0,-3000000000.0,14,39,3,0,0,0,
2026-07-28 14:10:00+00:00,393.8999938965,394.450012207,393.3900146484,394.2099914551,424250,0.0,0.0,MSFT,微软,Microsoft Corporation,USD,14,10,MSFT,480.35,3566861025280,26.790295,20.376884,1.099,0.73,3.64,0.1983,349.2,553.72,223000,59.565,8.0643,0.40305,0.14088,0.34039003,44.668,76842999808,128812998656,331839012864,194237005824,0.67944,0.45111,29.118,1.099,1.23,0.7593,0.00090000004,2.17,7425545491,7414481428,569.5583,870.0,400.0,1.35714,53,331839000000.0,106374000000.0,225465000000.0,155237000000.0,133749000000.0,17.95,18.0,0,34666000000.0,32185000000.0,165934000000.0,207519000000.0,168985000000.0,201794000000.0,129134650000.0,38534000000.0,7453000000.0,7429000000.0,758376000000.0,315989000000.0,442387000000.0,56826000000.0,19359000000.0,20935000000.0,76651000000.0,1397000000.0,80876000000.0,337253000000.0,455944000000.0,-118691000000.0,119651000000.0,0,31067000000.0,168825000000.0,207710000000.0,38885000000.0,328265000000.0,117406000000.0,117406000000.0,442387000000.0,304127000000.0,482681000000.0,473454000000.0,182935000000.0,66987000000.0,-115948000000.0,-26445000000.0,-22271000000.0,-52546000000.0,-139500000000.0,-9111000000.0,20935000000.0,30242000000.0,12405000000.0,38534000000.0,14189000000.0,133749000000.0,-4895000000.0,0.0,-3000000000.0,14,39,3,0,0,0,
2026-07-28 14:15:00+00:00,394.2699890137,397.0599975586,394.1000061035,396.6350097656,607388,0.0,0.0,MSFT,微软,Microsoft Corporation,USD,14,15,MSFT,480.35,3566861025280,26.790295,20.376884,1.099,0.73,3.64,0.1983,349.2,553.72,223000,59.565,8.0643,0.40305,0.14088,0.34039003,44.668,76842999808,128812998656,331839012864,194237005824,0.67944,0.45111,29.118,1.099,1.23,0.7593,0.00090000004,2.17,7425545491,7414481428,569.5583,870.0,400.0,1.35714,53,331839000000.0,106374000000.0,225465000000.0,155237000000.0,133749000000.0,17.95,18.0,0,34666000000.0,32185000000.0,165934000000.0,207519000000.0,168985000000.0,201794000000.0,129134650000.0,38534000000.0,7453000000.0,7429000000.0,758376000000.0,315989000000.0,442387000000.0,56826000000.0,19359000000.0,20935000000.0,76651000000.0,1397000000.0,80876000000.0,337253000000.0,455944000000.0,-118691000000.0,119651000000.0,0,31067000000.0,168825000000.0,207710000000.0,38885000000.0,328265000000.0,117406000000.0,117406000000.0,442387000000.0,304127000000.0,482681000000.0,473454000000.0,182935000000.0,66987000000.0,-115948000000.0,-26445000000.0,-22271000000.0,-52546000000.0,-139500000000.0,-9111000000.0,20935000000.0,30242000000.0,12405000000.0,38534000000.0,14189000000.0,133749000000.0,-4895000000.0,0.0,-3000000000.0,14,39,3,0,0,0,
2026-07-28 14:20:00+00:00,396.6000061035,397.1600036621,395.0100097656,396.0350036621,518042,0.0,0.0,MSFT,微软,Microsoft Corporation,USD,14,20,MSFT,480.35,3566861025280,26.790295,20.376884,1.099,0.73,3.64,0.1983,349.2,553.72,223000,59.565,8.0643,0.40305,0.14088,0.34039003,44.668,76842999808,128812998656,331839012864,194237005824,0.67944,0.45111,29.118,1.099,1.23,0.7593,0.00090000004,2.17,7425545491,7414481428,569.5583,870.0,400.0,1.35714,53,331839000000.0,106374000000.0,225465000000.0,155237000000.0,133749000000.0,17.95,18.0,0,34666000000.0,32185000000.0,165934000000.0,207519000000.0,168985000000.0,201794000000.0,129134650000.0,38534000000.0,7453000000.0,7429000000.0,758376000000.0,315989000000.0,442387000000.0,56826000000.0,19359000000.0,20935000000.0,76651000000.0,1397000000.0,80876000000.0,337253000000.0,455944000000.0,-118691000000.0,119651000000.0,0,31067000000.0,168825000000.0,207710000000.0,38885000000.0,328265000000.0,117406000000.0,117406000000.0,442387000000.0,304127000000.0,482681000000.0,473454000000.0,182935000000.0,66987000000.0,-115948000000.0,-26445000000.0,-22271000000.0,-52546000000.0,-139500000000.0,-9111000000.0,20935000000.0,30242000000.0,12405000000.0,38534000000.0,14189000000.0,133749000000.0,-4895000000.0,0.0,-3000000000.0,14,39,3,0,0,0,
2026-07-28 14:25:00+00:00,396.0299987793,396.5,395.125,395.5150146484,370270,0.0,0.0,MSFT,微软,Microsoft Corporation,USD,14,25,MSFT,480.35,3566861025280,26.790295,20.376884,1.099,0.73,3.64,0.1983,349.2,553.72,223000,59.565,8.0643,0.40305,0.14088,0.34039003,44.668,76842999808,128812998656,331839012864,194237005824,0.67944,0.45111,29.118,1.099,1.23,0.7593,0.00090000004,2.17,7425545491,7414481428,569.5583,870.0,400.0,1.35714,53,331839000000.0,106374000000.0,225465000000.0,155237000000.0,133749000000.0,17.95,18.0,0,34666000000.0,32185000000.0,165934000000.0,207519000000.0,168985000000.0,201794000000.0,129134650000.0,38534000000.0,7453000000.0,7429000000.0,758376000000.0,315989000000.0,442387000000.0,56826000000.0,19359000000.0,20935000000.0,76651000000.0,1397000000.0,80876000000.0,337253000000.0,455944000000.0,-118691000000.0,119651000000.0,0,31067000000.0,168825000000.0,207710000000.0,38885000000.0,328265000000.0,117406000000.0,117406000000.0,442387000000.0,304127000000.0,482681000000.0,473454000000.0,182935000000.0,66987000000.0,-115948000000.0,-26445000000.0,-22271000000.0,-52546000000.0,-139500000000.0,-9111000000.0,20935000000.0,30242000000.0,12405000000.0,38534000000.0,14189000000.0,133749000000.0,-4895000000.0,0.0,-3000000000.0,14,39,3,0,0,0,
2026-07-28 14:30:00+00:00,395.5100097656,395.7699890137,394.8999938965,395.5,291654,0.0,0.0,MSFT,微软,Microsoft Corporation,USD,14,30,MSFT,480.35,3566861025280,26.790295,20.376884,1.099,0.73,3.64,0.1983,349.2,553.72,223000,59.565,8.0643,0.40305,0.14088,0.34039003,44.668,76842999808,128812998656,331839012864,194237005824,0.67944,0.45111,29.118,1.099,1.23,0.7593,0.00090000004,2.17,7425545491,7414481428,569.5583,870.0,400.0,1.35714,53,331839000000.0,106374000000.0,225465000000.0,155237000000.0,133749000000.0,17.95,18.0,0,34666000000.0,32185000000.0,165934000000.0,207519000000.0,168985000000.0,201794000000.0,129134650000.0,38534000000.0,7453000000.0,7429000000.0,758376000000.0,315989000000.0,442387000000.0,56826000000.0,19359000000.0,20935000000.0,76651000000.0,1397000000.0,80876000000.0,337253000000.0,455944000000.0,-118691000000.0,119651000000.0,0,31067000000.0,168825000000.0,207710000000.0,38885000000.0,328265000000.0,117406000000.0,117406000000.0,442387000000.0,304127000000.0,482681000000.0,473454000000.0,182935000000.0,66987000000.0,-115948000000.0,-26445000000.0,-22271000000.0,-52546000000.0,-139500000000.0,-9111000000.0,20935000000.0,30242000000.0,12405000000.0,38534000000.0,14189000000.0,133749000000.0,-4895000000.0,0.0,-3000000000.0,14,39,3,0,0,0,
2026-07-28 14:35:00+00:00,395.5299987793,395.8200073242,394.7200012207,395.0249938965,255189,0.0,0.0,MSFT,微软,Microsoft Corporation,USD,14,35,MSFT,480.35,3566861025280,26.790295,20.376884,1.099,0.73,3.64,0.1983,349.2,553.72,223000,59.565,8.0643,0.40305,0.14088,0.34039003,44.668,76842999808,128812998656,331839012864,194237005824,0.67944,0.45111,29.118,1.099,1.23,0.7593,0.00090000004,2.17,7425545491,7414481428,569.5583,870.0,400.0,1.35714,53,331839000000.0,106374000000.0,225465000000.0,155237000000.0,133749000000.0,17.95,18.0,0,34666000000.0,32185000000.0,165934000000.0,207519000000.0,168985000000.0,201794000000.0,129134650000.0,38534000000.0,7453000000.0,7429000000.0,758376000000.0,315989000000.0,442387000000.0,56826000000.0,19359000000.0,20935000000.0,76651000000.0,1397000000.0,80876000000.0,337253000000.0,455944000000.0,-118691000000.0,119651000000.0,0,31067000000.0,168825000000.0,207710000000.0,38885000000.0,328265000000.0,117406000000.0,117406000000.0,442387000000.0,304127000000.0,482681000000.0,473454000000.0,182935000000.0,66987000000.0,-115948000000.0,-26445000000.0,-22271000000.0,-52546000000.0,-139500000000.0,-9111000000.0,20935000000.0,30242000000.0,12405000000.0,38534000000.0,14189000000.0,133749000000.0,-4895000000.0,0.0,-3000000000.0,14,39,3,0,0,0,
2026-07-28 14:40:00+00:00,395.0,396.7600097656,394.9700012207,396.6000061035,311304,0.0,0.0,MSFT,微软,Microsoft Corporation,USD,14,40,MSFT,480.35,3566861025280,26.790295,20.376884,1.099,0.73,3.64,0.1983,349.2,553.72,223000,59.565,8.0643,0.40305,0.14088,0.34039003,44.668,76842999808,128812998656,331839012864,194237005824,0.67944,0.45111,29.118,1.099,1.23,0.7593,0.00090000004,2.17,7425545491,7414481428,569.5583,870.0,400.0,1.35714,53,331839000000.0,106374000000.0,225465000000.0,155237000000.0,133749000000.0,17.95,18.0,0,34666000000.0,32185000000.0,165934000000.0,207519000000.0,168985000000.0,201794000000.0,129134650000.0,38534000000.0,7453000000.0,7429000000.0,758376000000.0,315989000000.0,442387000000.0,56826000000.0,19359000000.0,20935000000.0,76651000000.0,1397000000.0,80876000000.0,337253000000.0,455944000000.0,-118691000000.0,119651000000.0,0,31067000000.0,168825000000.0,207710000000.0,38885000000.0,328265000000.0,117406000000.0,117406000000.0,442387000000.0,304127000000.0,482681000000.0,473454000000.0,182935000000.0,66987000000.0,-115948000000.0,-26445000000.0,-22271000000.0,-52546000000.0,-139500000000.0,-9111000000.0,20935000000.0,30242000000.0,12405000000.0,38534000000.0,14189000000.0,133749000000.0,-4895000000.0,0.0,-3000000000.0,14,39,3,0,0,0,
2026-07-28 14:45:00+00:00,396.6400146484,397.6799926758,396.4800109863,397.4100036621,373408,0.0,0.0,MSFT,微软,Microsoft Corporation,USD,14,45,MSFT,480.35,3566861025280,26.790295,20.376884,1.099,0.73,3.64,0.1983,349.2,553.72,223000,59.565,8.0643,0.40305,0.14088,0.34039003,44.668,76842999808,128812998656,331839012864,194237005824,0.67944,0.45111,29.118,1.099,1.23,0.7593,0.00090000004,2.17,7425545491,7414481428,569.5583,870.0,400.0,1.35714,53,331839000000.0,106374000000.0,225465000000.0,155237000000.0,133749000000.0,17.95,18.0,0,34666000000.0,32185000000.0,165934000000.0,207519000000.0,168985000000.0,201794000000.0,129134650000.0,38534000000.0,7453000000.0,7429000000.0,758376000000.0,315989000000.0,442387000000.0,56826000000.0,19359000000.0,20935000000.0,76651000000.0,1397000000.0,80876000000.0,337253000000.0,455944000000.0,-118691000000.0,119651000000.0,0,31067000000.0,168825000000.0,207710000000.0,38885000000.0,328265000000.0,117406000000.0,117406000000.0,442387000000.0,304127000000.0,482681000000.0,473454000000.0,182935000000.0,66987000000.0,-115948000000.0,-26445000000.0,-22271000000.0,-52546000000.0,-139500000000.0,-9111000000.0,20935000000.0,30242000000.0,12405000000.0,38534000000.0,14189000000.0,133749000000.0,-4895000000.0,0.0,-3000000000.0,14,39,3,0,0,0,
2026-07-28 14:50:00+00:00,397.4200134277,397.6900024414,396.0650024414,396.2699890137,318160,0.0,0.0,MSFT,微软,Microsoft Corporation,USD,14,50,MSFT,480.35,3566861025280,26.790295,20.376884,1.099,0.73,3.64,0.1983,349.2,553.72,223000,59.565,8.0643,0.40305,0.14088,0.34039003,44.668,76842999808,128812998656,331839012864,194237005824,0.67944,0.45111,29.118,1.099,1.23,0.7593,0.00090000004,2.17,7425545491,7414481428,569.5583,870.0,400.0,1.35714,53,331839000000.0,106374000000.0,225465000000.0,155237000000.0,133749000000.0,17.95,18.0,0,34666000000.0,32185000000.0,165934000000.0,207519000000.0,168985000000.0,201794000000.0,129134650000.0,38534000000.0,7453000000.0,7429000000.0,758376000000.0,315989000000.0,442387000000.0,56826000000.0,19359000000.0,20935000000.0,76651000000.0,1397000000.0,80876000000.0,337253000000.0,455944000000.0,-118691000000.0,119651000000.0,0,31067000000.0,168825000000.0,207710000000.0,38885000000.0,328265000000.0,117406000000.0,117406000000.0,442387000000.0,304127000000.0,482681000000.0,473454000000.0,182935000000.0,66987000000.0,-115948000000.0,-26445000000.0,-22271000000.0,-52546000000.0,-139500000000.0,-9111000000.0,20935000000.0,30242000000.0,12405000000.0,38534000000.0,14189000000.0,133749000000.0,-4895000000.0,0.0,-3000000000.0,14,39,3,0,0,0,
2026-07-28 14:55:00+00:00,396.2300109863,396.75,396.1000061035,396.5199890137,219939,0.0,0.0,MSFT,微软,Microsoft Corporation,USD,14,55,MSFT,480.35,3566861025280,26.790295,20.376884,1.099,0.73,3.64,0.1983,349.2,553.72,223000,59.565,8.0643,0.40305,0.14088,0.34039003,44.668,76842999808,128812998656,331839012864,194237005824,0.67944,0.45111,29.118,1.099,1.23,0.7593,0.00090000004,2.17,7425545491,7414481428,569.5583,870.0,400.0,1.35714,53,331839000000.0,106374000000.0,225465000000.0,155237000000.0,133749000000.0,17.95,18.0,0,34666000000.0,32185000000.0,165934000000.0,207519000000.0,168985000000.0,201794000000.0,129134650000.0,38534000000.0,7453000000.0,7429000000.0,758376000000.0,315989000000.0,442387000000.0,56826000000.0,19359000000.0,20935000000.0,76651000000.0,1397000000.0,80876000000.0,337253000000.0,455944000000.0,-118691000000.0,119651000000.0,0,31067000000.0,168825000000.0,207710000000.0,38885000000.0,328265000000.0,117406000000.0,117406000000.0,442387000000.0,304127000000.0,482681000000.0,473454000000.0,182935000000.0,66987000000.0,-115948000000.0,-26445000000.0,-22271000000.0,-52546000000.0,-139500000000.0,-9111000000.0,20935000000.0,30242000000.0,12405000000.0,38534000000.0,14189000000.0,133749000000.0,-4895000000.0,0.0,-3000000000.0,14,39,3,0,0,0,
2026-07-28 15:00:00+00:00,396.5599975586,397.3900146484,395.8999938965,396.0299987793,285130,0.0,0.0,MSFT,微软,Microsoft Corporation,USD,15,0,MSFT,480.35,3566861025280,26.790295,20.376884,1.099,0.73,3.64,0.1983,349.2,553.72,223000,59.565,8.0643,0.40305,0.14088,0.34039003,44.668,76842999808,128812998656,331839012864,194237005824,0.67944,0.45111,29.118,1.099,1.23,0.7593,0.00090000004,2.17,7425545491,7414481428,569.5583,870.0,400.0,1.35714,53,331839000000.0,106374000000.0,225465000000.0,155237000000.0,133749000000.0,17.95,18.0,0,34666000000.0,32185000000.0,165934000000.0,207519000000.0,168985000000.0,201794000000.0,129134650000.0,38534000000.0,7453000000.0,7429000000.0,758376000000.0,315989000000.0,442387000000.0,56826000000.0,19359000000.0,20935000000.0,76651000000.0,1397000000.0,80876000000.0,337253000000.0,455944000000.0,-118691000000.0,119651000000.0,0,31067000000.0,168825000000.0,207710000000.0,38885000000.0,328265000000.0,117406000000.0,117406000000.0,442387000000.0,304127000000.0,482681000000.0,473454000000.0,182935000000.0,66987000000.0,-115948000000.0,-26445000000.0,-22271000000.0,-52546000000.0,-139500000000.0,-9111000000.0,20935000000.0,30242000000.0,12405000000.0,38534000000.0,14189000000.0,133749000000.0,-4895000000.0,0.0,-3000000000.0,14,39,3,0,0,0,
2026-07-28 15:05:00+00:00,396.0244140625,397.1900024414,396.0,397.1650085449,235766,0.0,0.0,MSFT,微软,Microsoft Corporation,USD,15,5,MSFT,480.35,3566861025280,26.790295,20.376884,1.099,0.73,3.64,0.1983,349.2,553.72,223000,59.565,8.0643,0.40305,0.14088,0.34039003,44.668,76842999808,128812998656,331839012864,194237005824,0.67944,0.45111,29.118,1.099,1.23,0.7593,0.00090000004,2.17,7425545491,7414481428,569.5583,870.0,400.0,1.35714,53,331839000000.0,106374000000.0,225465000000.0,155237000000.0,133749000000.0,17.95,18.0,0,34666000000.0,32185000000.0,165934000000.0,207519000000.0,168985000000.0,201794000000.0,129134650000.0,38534000000.0,7453000000.0,7429000000.0,758376000000.0,315989000000.0,442387000000.0,56826000000.0,19359000000.0,20935000000.0,76651000000.0,1397000000.0,80876000000.0,337253000000.0,455944000000.0,-118691000000.0,119651000000.0,0,31067000000.0,168825000000.0,207710000000.0,38885000000.0,328265000000.0,117406000000.0,117406000000.0,442387000000.0,304127000000.0,482681000000.0,473454000000.0,182935000000.0,66987000000.0,-115948000000.0,-26445000000.0,-22271000000.0,-52546000000.0,-139500000000.0,-9111000000.0,20935000000.0,30242000000.0,12405000000.0,38534000000.0,14189000000.0,133749000000.0,-4895000000.0,0.0,-3000000000.0,14,39,3,0,0,0,
2026-07-28 15:10:00+00:00,397.1549987793,398.1199951172,396.9301147461,398.0,324998,0.0,0.0,MSFT,微软,Microsoft Corporation,USD,15,10,MSFT,480.35,3566861025280,26.790295,20.376884,1.099,0.73,3.64,0.1983,349.2,553.72,223000,59.565,8.0643,0.40305,0.14088,0.34039003,44.668,76842999808,128812998656,331839012864,194237005824,0.67944,0.45111,29.118,1.099,1.23,0.7593,0.00090000004,2.17,7425545491,7414481428,569.5583,870.0,400.0,1.35714,53,331839000000.0,106374000000.0,225465000000.0,155237000000.0,133749000000.0,17.95,18.0,0,34666000000.0,32185000000.0,165934000000.0,207519000000.0,168985000000.0,201794000000.0,129134650000.0,38534000000.0,7453000000.0,7429000000.0,758376000000.0,315989000000.0,442387000000.0,56826000000.0,19359000000.0,20935000000.0,76651000000.0,1397000000.0,80876000000.0,337253000000.0,455944000000.0,-118691000000.0,119651000000.0,0,31067000000.0,168825000000.0,207710000000.0,38885000000.0,328265000000.0,117406000000.0,117406000000.0,442387000000.0,304127000000.0,482681000000.0,473454000000.0,182935000000.0,66987000000.0,-115948000000.0,-26445000000.0,-22271000000.0,-52546000000.0,-139500000000.0,-9111000000.0,20935000000.0,30242000000.0,12405000000.0,38534000000.0,14189000000.0,133749000000.0,-4895000000.0,0.0,-3000000000.0,14,39,3,0,0,0,
2026-07-28 15:15:00+00:00,398.0,399.299987793,397.8099975586,399.0599975586,321523,0.0,0.0,MSFT,微软,Microsoft Corporation,USD,15,15,MSFT,480.35,3566861025280,26.790295,20.376884,1.099,0.73,3.64,0.1983,349.2,553.72,223000,59.565,8.0643,0.40305,0.14088,0.34039003,44.668,76842999808,128812998656,331839012864,194237005824,0.67944,0.45111,29.118,1.099,1.23,0.7593,0.00090000004,2.17,7425545491,7414481428,569.5583,870.0,400.0,1.35714,53,331839000000.0,106374000000.0,225465000000.0,155237000000.0,133749000000.0,17.95,18.0,0,34666000000.0,32185000000.0,165934000000.0,207519000000.0,168985000000.0,201794000000.0,129134650000.0,38534000000.0,7453000000.0,7429000000.0,758376000000.0,315989000000.0,442387000000.0,56826000000.0,19359000000.0,20935000000.0,76651000000.0,1397000000.0,80876000000.0,337253000000.0,455944000000.0,-118691000000.0,119651000000.0,0,31067000000.0,168825000000.0,207710000000.0,38885000000.0,328265000000.0,117406000000.0,117406000000.0,442387000000.0,304127000000.0,482681000000.0,473454000000.0,182935000000.0,66987000000.0,-115948000000.0,-26445000000.0,-22271000000.0,-52546000000.0,-139500000000.0,-9111000000.0,20935000000.0,30242000000.0,12405000000.0,38534000000.0,14189000000.0,133749000000.0,-4895000000.0,0.0,-3000000000.0,14,39,3,0,0,0,
2026-07-28 15:20:00+00:00,399.0687866211,399.8200073242,399.0299987793,399.5100097656,411163,0.0,0.0,MSFT,微软,Microsoft Corporation,USD,15,20,MSFT,480.35,3566861025280,26.790295,20.376884,1.099,0.73,3.64,0.1983,349.2,553.72,223000,59.565,8.0643,0.40305,0.14088,0.34039003,44.668,76842999808,128812998656,331839012864,194237005824,0.67944,0.45111,29.118,1.099,1.23,0.7593,0.00090000004,2.17,7425545491,7414481428,569.5583,870.0,400.0,1.35714,53,331839000000.0,106374000000.0,225465000000.0,155237000000.0,133749000000.0,17.95,18.0,0,34666000000.0,32185000000.0,165934000000.0,207519000000.0,168985000000.0,201794000000.0,129134650000.0,38534000000.0,7453000000.0,7429000000.0,758376000000.0,315989000000.0,442387000000.0,56826000000.0,19359000000.0,20935000000.0,76651000000.0,1397000000.0,80876000000.0,337253000000.0,455944000000.0,-118691000000.0,119651000000.0,0,31067000000.0,168825000000.0,207710000000.0,38885000000.0,328265000000.0,117406000000.0,117406000000.0,442387000000.0,304127000000.0,482681000000.0,473454000000.0,182935000000.0,66987000000.0,-115948000000.0,-26445000000.0,-22271000000.0,-52546000000.0,-139500000000.0,-9111000000.0,20935000000.0,30242000000.0,12405000000.0,38534000000.0,14189000000.0,133749000000.0,-4895000000.0,0.0,-3000000000.0,14,39,3,0,0,0,
2026-07-28 15:25:00+00:00,399.4649963379,400.1650085449,399.3399963379,399.9599914551,490881,0.0,0.0,MSFT,微软,Microsoft Corporation,USD,15,25,MSFT,480.35,3566861025280,26.790295,20.376884,1.099,0.73,3.64,0.1983,349.2,553.72,223000,59.565,8.0643,0.40305,0.14088,0.34039003,44.668,76842999808,128812998656,331839012864,194237005824,0.67944,0.45111,29.118,1.099,1.23,0.7593,0.00090000004,2.17,7425545491,7414481428,569.5583,870.0,400.0,1.35714,53,331839000000.0,106374000000.0,225465000000.0,155237000000.0,133749000000.0,17.95,18.0,0,34666000000.0,32185000000.0,165934000000.0,207519000000.0,168985000000.0,201794000000.0,129134650000.0,38534000000.0,7453000000.0,7429000000.0,758376000000.0,315989000000.0,442387000000.0,56826000000.0,19359000000.0,20935000000.0,76651000000.0,1397000000.0,80876000000.0,337253000000.0,455944000000.0,-118691000000.0,119651000000.0,0,31067000000.0,168825000000.0,207710000000.0,38885000000.0,328265000000.0,117406000000.0,117406000000.0,442387000000.0,304127000000.0,482681000000.0,473454000000.0,182935000000.0,66987000000.0,-115948000000.0,-26445000000.0,-22271000000.0,-52546000000.0,-139500000000.0,-9111000000.0,20935000000.0,30242000000.0,12405000000.0,38534000000.0,14189000000.0,133749000000.0,-4895000000.0,0.0,-3000000000.0,14,39,3,0,0,0,
2026-07-28 15:30:00+00:00,399.9599914551,400.3200073242,399.1651000977,399.4649963379,306464,0.0,0.0,MSFT,微软,Microsoft Corporation,USD,15,30,MSFT,480.35,3566861025280,26.790295,20.376884,1.099,0.73,3.64,0.1983,349.2,553.72,223000,59.565,8.0643,0.40305,0.14088,0.34039003,44.668,76842999808,128812998656,331839012864,194237005824,0.67944,0.45111,29.118,1.099,1.23,0.7593,0.00090000004,2.17,7425545491,7414481428,569.5583,870.0,400.0,1.35714,53,331839000000.0,106374000000.0,225465000000.0,155237000000.0,133749000000.0,17.95,18.0,0,34666000000.0,32185000000.0,165934000000.0,207519000000.0,168985000000.0,201794000000.0,129134650000.0,38534000000.0,7453000000.0,7429000000.0,758376000000.0,315989000000.0,442387000000.0,56826000000.0,19359000000.0,20935000000.0,76651000000.0,1397000000.0,80876000000.0,337253000000.0,455944000000.0,-118691000000.0,119651000000.0,0,31067000000.0,168825000000.0,207710000000.0,38885000000.0,328265000000.0,117406000000.0,117406000000.0,442387000000.0,304127000000.0,482681000000.0,473454000000.0,182935000000.0,66987000000.0,-115948000000.0,-26445000000.0,-22271000000.0,-52546000000.0,-139500000000.0,-9111000000.0,20935000000.0,30242000000.0,12405000000.0,38534000000.0,14189000000.0,133749000000.0,-4895000000.0,0.0,-3000000000.0,14,39,3,0,0,0,
2026-07-28 15:35:00+00:00,399.4649963379,399.8699951172,398.8599853516,398.8949890137,312715,0.0,0.0,MSFT,微软,Microsoft Corporation,USD,15,35,MSFT,480.35,3566861025280,26.790295,20.376884,1.099,0.73,3.64,0.1983,349.2,553.72,223000,59.565,8.0643,0.40305,0.14088,0.34039003,44.668,76842999808,128812998656,331839012864,194237005824,0.67944,0.45111,29.118,1.099,1.23,0.7593,0.00090000004,2.17,7425545491,7414481428,569.5583,870.0,400.0,1.35714,53,331839000000.0,106374000000.0,225465000000.0,155237000000.0,133749000000.0,17.95,18.0,0,34666000000.0,32185000000.0,165934000000.0,207519000000.0,168985000000.0,201794000000.0,129134650000.0,38534000000.0,7453000000.0,7429000000.0,758376000000.0,315989000000.0,442387000000.0,56826000000.0,19359000000.0,20935000000.0,76651000000.0,1397000000.0,80876000000.0,337253000000.0,455944000000.0,-118691000000.0,119651000000.0,0,31067000000.0,168825000000.0,207710000000.0,38885000000.0,328265000000.0,117406000000.0,117406000000.0,442387000000.0,304127000000.0,482681000000.0,473454000000.0,182935000000.0,66987000000.0,-115948000000.0,-26445000000.0,-22271000000.0,-52546000000.0,-139500000000.0,-9111000000.0,20935000000.0,30242000000.0,12405000000.0,38534000000.0,14189000000.0,133749000000.0,-4895000000.0,0.0,-3000000000.0,14,39,3,0,0,0,
2026-07-28 15:40:00+00:00,398.9240112305,399.4899902344,398.700012207,398.8599853516,217103,0.0,0.0,MSFT,微软,Microsoft Corporation,USD,15,40,MSFT,480.35,3566861025280,26.790295,20.376884,1.099,0.73,3.64,0.1983,349.2,553.72,223000,59.565,8.0643,0.40305,0.14088,0.34039003,44.668,76842999808,128812998656,331839012864,194237005824,0.67944,0.45111,29.118,1.099,1.23,0.7593,0.00090000004,2.17,7425545491,7414481428,569.5583,870.0,400.0,1.35714,53,331839000000.0,106374000000.0,225465000000.0,155237000000.0,133749000000.0,17.95,18.0,0,34666000000.0,32185000000.0,165934000000.0,207519000000.0,168985000000.0,201794000000.0,129134650000.0,38534000000.0,7453000000.0,7429000000.0,758376000000.0,315989000000.0,442387000000.0,56826000000.0,19359000000.0,20935000000.0,76651000000.0,1397000000.0,80876000000.0,337253000000.0,455944000000.0,-118691000000.0,119651000000.0,0,31067000000.0,168825000000.0,207710000000.0,38885000000.0,328265000000.0,117406000000.0,117406000000.0,442387000000.0,304127000000.0,482681000000.0,473454000000.0,182935000000.0,66987000000.0,-115948000000.0,-26445000000.0,-22271000000.0,-52546000000.0,-139500000000.0,-9111000000.0,20935000000.0,30242000000.0,12405000000.0,38534000000.0,14189000000.0,133749000000.0,-4895000000.0,0.0,-3000000000.0,14,39,3,0,0,0,
2026-07-28 15:45:00+00:00,398.8599853516,398.8999938965,397.0732116699,397.2099914551,197073,0.0,0.0,MSFT,微软,Microsoft Corporation,USD,15,45,MSFT,480.35,3566861025280,26.790295,20.376884,1.099,0.73,3.64,0.1983,349.2,553.72,223000,59.565,8.0643,0.40305,0.14088,0.34039003,44.668,76842999808,128812998656,331839012864,194237005824,0.67944,0.45111,29.118,1.099,1.23,0.7593,0.00090000004,2.17,7425545491,7414481428,569.5583,870.0,400.0,1.35714,53,331839000000.0,106374000000.0,225465000000.0,155237000000.0,133749000000.0,17.95,18.0,0,34666000000.0,32185000000.0,165934000000.0,207519000000.0,168985000000.0,201794000000.0,129134650000.0,38534000000.0,7453000000.0,7429000000.0,758376000000.0,315989000000.0,442387000000.0,56826000000.0,19359000000.0,20935000000.0,76651000000.0,1397000000.0,80876000000.0,337253000000.0,455944000000.0,-118691000000.0,119651000000.0,0,31067000000.0,168825000000.0,207710000000.0,38885000000.0,328265000000.0,117406000000.0,117406000000.0,442387000000.0,304127000000.0,482681000000.0,473454000000.0,182935000000.0,66987000000.0,-115948000000.0,-26445000000.0,-22271000000.0,-52546000000.0,-139500000000.0,-9111000000.0,20935000000.0,30242000000.0,12405000000.0,38534000000.0,14189000000.0,133749000000.0,-4895000000.0,0.0,-3000000000.0,14,39,3,0,0,0,
2026-07-28 15:50:00+00:00,397.2399902344,397.7799987793,397.0,397.6885070801,234715,0.0,0.0,MSFT,微软,Microsoft Corporation,USD,15,50,MSFT,480.35,3566861025280,26.790295,20.376884,1.099,0.73,3.64,0.1983,349.2,553.72,223000,59.565,8.0643,0.40305,0.14088,0.34039003,44.668,76842999808,128812998656,331839012864,194237005824,0.67944,0.45111,29.118,1.099,1.23,0.7593,0.00090000004,2.17,7425545491,7414481428,569.5583,870.0,400.0,1.35714,53,331839000000.0,106374000000.0,225465000000.0,155237000000.0,133749000000.0,17.95,18.0,0,34666000000.0,32185000000.0,165934000000.0,207519000000.0,168985000000.0,201794000000.0,129134650000.0,38534000000.0,7453000000.0,7429000000.0,758376000000.0,315989000000.0,442387000000.0,56826000000.0,19359000000.0,20935000000.0,76651000000.0,1397000000.0,80876000000.0,337253000000.0,455944000000.0,-118691000000.0,119651000000.0,0,31067000000.0,168825000000.0,207710000000.0,38885000000.0,328265000000.0,117406000000.0,117406000000.0,442387000000.0,304127000000.0,482681000000.0,473454000000.0,182935000000.0,66987000000.0,-115948000000.0,-26445000000.0,-22271000000.0,-52546000000.0,-139500000000.0,-9111000000.0,20935000000.0,30242000000.0,12405000000.0,38534000000.0,14189000000.0,133749000000.0,-4895000000.0,0.0,-3000000000.0,14,39,3,0,0,0,
2026-07-28 15:55:00+00:00,397.6799926758,397.9280090332,397.3500061035,397.8550109863,198784,0.0,0.0,MSFT,微软,Microsoft Corporation,USD,15,55,MSFT,480.35,3566861025280,26.790295,20.376884,1.099,0.73,3.64,0.1983,349.2,553.72,223000,59.565,8.0643,0.40305,0.14088,0.34039003,44.668,76842999808,128812998656,331839012864,194237005824,0.67944,0.45111,29.118,1.099,1.23,0.7593,0.00090000004,2.17,7425545491,7414481428,569.5583,870.0,400.0,1.35714,53,331839000000.0,106374000000.0,225465000000.0,155237000000.0,133749000000.0,17.95,18.0,0,34666000000.0,32185000000.0,165934000000.0,207519000000.0,168985000000.0,201794000000.0,129134650000.0,38534000000.0,7453000000.0,7429000000.0,758376000000.0,315989000000.0,442387000000.0,56826000000.0,19359000000.0,20935000000.0,76651000000.0,1397000000.0,80876000000.0,337253000000.0,455944000000.0,-118691000000.0,119651000000.0,0,31067000000.0,168825000000.0,207710000000.0,38885000000.0,328265000000.0,117406000000.0,117406000000.0,442387000000.0,304127000000.0,482681000000.0,473454000000.0,182935000000.0,66987000000.0,-115948000000.0,-26445000000.0,-22271000000.0,-52546000000.0,-139500000000.0,-9111000000.0,20935000000.0,30242000000.0,12405000000.0,38534000000.0,14189000000.0,133749000000.0,-4895000000.0,0.0,-3000000000.0,14,39,3,0,0,0,
2026-07-28 16:00:00+00:00,397.8550109863,397.875,396.2200012207,396.3900146484,270282,0.0,0.0,MSFT,微软,Microsoft Corporation,USD,16,0,MSFT,480.35,3566861025280,26.790295,20.376884,1.099,0.73,3.64,0.1983,349.2,553.72,223000,59.565,8.0643,0.40305,0.14088,0.34039003,44.668,76842999808,128812998656,331839012864,194237005824,0.67944,0.45111,29.118,1.099,1.23,0.7593,0.00090000004,2.17,7425545491,7414481428,569.5583,870.0,400.0,1.35714,53,331839000000.0,106374000000.0,225465000000.0,155237000000.0,133749000000.0,17.95,18.0,0,34666000000.0,32185000000.0,165934000000.0,207519000000.0,168985000000.0,201794000000.0,129134650000.0,38534000000.0,7453000000.0,7429000000.0,758376000000.0,315989000000.0,442387000000.0,56826000000.0,19359000000.0,20935000000.0,76651000000.0,1397000000.0,80876000000.0,337253000000.0,455944000000.0,-118691000000.0,119651000000.0,0,31067000000.0,168825000000.0,207710000000.0,38885000000.0,328265000000.0,117406000000.0,117406000000.0,442387000000.0,304127000000.0,482681000000.0,473454000000.0,182935000000.0,66987000000.0,-115948000000.0,-26445000000.0,-22271000000.0,-52546000000.0,-139500000000.0,-9111000000.0,20935000000.0,30242000000.0,12405000000.0,38534000000.0,14189000000.0,133749000000.0,-4895000000.0,0.0,-3000000000.0,14,39,3,0,0,0,
2026-07-28 16:05:00+00:00,396.3500061035,396.9599914551,396.1199951172,396.9519958496,251766,0.0,0.0,MSFT,微软,Microsoft Corporation,USD,16,5,MSFT,480.35,3566861025280,26.790295,20.376884,1.099,0.73,3.64,0.1983,349.2,553.72,223000,59.565,8.0643,0.40305,0.14088,0.34039003,44.668,76842999808,128812998656,331839012864,194237005824,0.67944,0.45111,29.118,1.099,1.23,0.7593,0.00090000004,2.17,7425545491,7414481428,569.5583,870.0,400.0,1.35714,53,331839000000.0,106374000000.0,225465000000.0,155237000000.0,133749000000.0,17.95,18.0,0,34666000000.0,32185000000.0,165934000000.0,207519000000.0,168985000000.0,201794000000.0,129134650000.0,38534000000.0,7453000000.0,7429000000.0,758376000000.0,315989000000.0,442387000000.0,56826000000.0,19359000000.0,20935000000.0,76651000000.0,1397000000.0,80876000000.0,337253000000.0,455944000000.0,-118691000000.0,119651000000.0,0,31067000000.0,168825000000.0,207710000000.0,38885000000.0,328265000000.0,117406000000.0,117406000000.0,442387000000.0,304127000000.0,482681000000.0,473454000000.0,182935000000.0,66987000000.0,-115948000000.0,-26445000000.0,-22271000000.0,-52546000000.0,-139500000000.0,-9111000000.0,20935000000.0,30242000000.0,12405000000.0,38534000000.0,14189000000.0,133749000000.0,-4895000000.0,0.0,-3000000000.0,14,39,3,0,0,0,
2026-07-28 16:10:00+00:00,396.9450073242,397.8800048828,396.799987793,397.6199951172,259398,0.0,0.0,MSFT,微软,Microsoft Corporation,USD,16,10,MSFT,480.35,3566861025280,26.790295,20.376884,1.099,0.73,3.64,0.1983,349.2,553.72,223000,59.565,8.0643,0.40305,0.14088,0.34039003,44.668,76842999808,128812998656,331839012864,194237005824,0.67944,0.45111,29.118,1.099,1.23,0.7593,0.00090000004,2.17,7425545491,7414481428,569.5583,870.0,400.0,1.35714,53,331839000000.0,106374000000.0,225465000000.0,155237000000.0,133749000000.0,17.95,18.0,0,34666000000.0,32185000000.0,165934000000.0,207519000000.0,168985000000.0,201794000000.0,129134650000.0,38534000000.0,7453000000.0,7429000000.0,758376000000.0,315989000000.0,442387000000.0,56826000000.0,19359000000.0,20935000000.0,76651000000.0,1397000000.0,80876000000.0,337253000000.0,455944000000.0,-118691000000.0,119651000000.0,0,31067000000.0,168825000000.0,207710000000.0,38885000000.0,328265000000.0,117406000000.0,117406000000.0,442387000000.0,304127000000.0,482681000000.0,473454000000.0,182935000000.0,66987000000.0,-115948000000.0,-26445000000.0,-22271000000.0,-52546000000.0,-139500000000.0,-9111000000.0,20935000000.0,30242000000.0,12405000000.0,38534000000.0,14189000000.0,133749000000.0,-4895000000.0,0.0,-3000000000.0,14,39,3,0,0,0,
2026-07-28 16:15:00+00:00,397.6199951172,398.7898864746,397.6000976562,398.7600097656,465587,0.0,0.0,MSFT,微软,Microsoft Corporation,USD,16,15,MSFT,480.35,3566861025280,26.790295,20.376884,1.099,0.73,3.64,0.1983,349.2,553.72,223000,59.565,8.0643,0.40305,0.14088,0.34039003,44.668,76842999808,128812998656,331839012864,194237005824,0.67944,0.45111,29.118,1.099,1.23,0.7593,0.00090000004,2.17,7425545491,7414481428,569.5583,870.0,400.0,1.35714,53,331839000000.0,106374000000.0,225465000000.0,155237000000.0,133749000000.0,17.95,18.0,0,34666000000.0,32185000000.0,165934000000.0,207519000000.0,168985000000.0,201794000000.0,129134650000.0,38534000000.0,7453000000.0,7429000000.0,758376000000.0,315989000000.0,442387000000.0,56826000000.0,19359000000.0,20935000000.0,76651000000.0,1397000000.0,80876000000.0,337253000000.0,455944000000.0,-118691000000.0,119651000000.0,0,31067000000.0,168825000000.0,207710000000.0,38885000000.0,328265000000.0,117406000000.0,117406000000.0,442387000000.0,304127000000.0,482681000000.0,473454000000.0,182935000000.0,66987000000.0,-115948000000.0,-26445000000.0,-22271000000.0,-52546000000.0,-139500000000.0,-9111000000.0,20935000000.0,30242000000.0,12405000000.0,38534000000.0,14189000000.0,133749000000.0,-4895000000.0,0.0,-3000000000.0,14,39,3,0,0,0,
2026-07-28 16:20:00+00:00,398.7749938965,398.8599853516,398.1099853516,398.3200073242,200438,0.0,0.0,MSFT,微软,Microsoft Corporation,USD,16,20,MSFT,480.35,3566861025280,26.790295,20.376884,1.099,0.73,3.64,0.1983,349.2,553.72,223000,59.565,8.0643,0.40305,0.14088,0.34039003,44.668,76842999808,128812998656,331839012864,194237005824,0.67944,0.45111,29.118,1.099,1.23,0.7593,0.00090000004,2.17,7425545491,7414481428,569.5583,870.0,400.0,1.35714,53,331839000000.0,106374000000.0,225465000000.0,155237000000.0,133749000000.0,17.95,18.0,0,34666000000.0,32185000000.0,165934000000.0,207519000000.0,168985000000.0,201794000000.0,129134650000.0,38534000000.0,7453000000.0,7429000000.0,758376000000.0,315989000000.0,442387000000.0,56826000000.0,19359000000.0,20935000000.0,76651000000.0,1397000000.0,80876000000.0,337253000000.0,455944000000.0,-118691000000.0,119651000000.0,0,31067000000.0,168825000000.0,207710000000.0,38885000000.0,328265000000.0,117406000000.0,117406000000.0,442387000000.0,304127000000.0,482681000000.0,473454000000.0,182935000000.0,66987000000.0,-115948000000.0,-26445000000.0,-22271000000.0,-52546000000.0,-139500000000.0,-9111000000.0,20935000000.0,30242000000.0,12405000000.0,38534000000.0,14189000000.0,133749000000.0,-4895000000.0,0.0,-3000000000.0,14,39,3,0,0,0,
2026-07-28 16:25:00+00:00,398.3485107422,398.5199890137,398.0400085449,398.1099853516,166113,0.0,0.0,MSFT,微软,Microsoft Corporation,USD,16,25,MSFT,480.35,3566861025280,26.790295,20.376884,1.099,0.73,3.64,0.1983,349.2,553.72,223000,59.565,8.0643,0.40305,0.14088,0.34039003,44.668,76842999808,128812998656,331839012864,194237005824,0.67944,0.45111,29.118,1.099,1.23,0.7593,0.00090000004,2.17,7425545491,7414481428,569.5583,870.0,400.0,1.35714,53,331839000000.0,106374000000.0,225465000000.0,155237000000.0,133749000000.0,17.95,18.0,0,34666000000.0,32185000000.0,165934000000.0,207519000000.0,168985000000.0,201794000000.0,129134650000.0,38534000000.0,7453000000.0,7429000000.0,758376000000.0,315989000000.0,442387000000.0,56826000000.0,19359000000.0,20935000000.0,76651000000.0,1397000000.0,80876000000.0,337253000000.0,455944000000.0,-118691000000.0,119651000000.0,0,31067000000.0,168825000000.0,207710000000.0,38885000000.0,328265000000.0,117406000000.0,117406000000.0,442387000000.0,304127000000.0,482681000000.0,473454000000.0,182935000000.0,66987000000.0,-115948000000.0,-26445000000.0,-22271000000.0,-52546000000.0,-139500000000.0,-9111000000.0,20935000000.0,30242000000.0,12405000000.0,38534000000.0,14189000000.0,133749000000.0,-4895000000.0,0.0,-3000000000.0,14,39,3,0,0,0,
2026-07-28 16:30:00+00:00,398.1000061035,398.5199890137,398.0599975586,398.1000061035,138367,0.0,0.0,MSFT,微软,Microsoft Corporation,USD,16,30,MSFT,480.35,3566861025280,26.790295,20.376884,1.099,0.73,3.64,0.1983,349.2,553.72,223000,59.565,8.0643,0.40305,0.14088,0.34039003,44.668,76842999808,128812998656,331839012864,194237005824,0.67944,0.45111,29.118,1.099,1.23,0.7593,0.00090000004,2.17,7425545491,7414481428,569.5583,870.0,400.0,1.35714,53,331839000000.0,106374000000.0,225465000000.0,155237000000.0,133749000000.0,17.95,18.0,0,34666000000.0,32185000000.0,165934000000.0,207519000000.0,168985000000.0,201794000000.0,129134650000.0,38534000000.0,7453000000.0,7429000000.0,758376000000.0,315989000000.0,442387000000.0,56826000000.0,19359000000.0,20935000000.0,76651000000.0,1397000000.0,80876000000.0,337253000000.0,455944000000.0,-118691000000.0,119651000000.0,0,31067000000.0,168825000000.0,207710000000.0,38885000000.0,328265000000.0,117406000000.0,117406000000.0,442387000000.0,304127000000.0,482681000000.0,473454000000.0,182935000000.0,66987000000.0,-115948000000.0,-26445000000.0,-22271000000.0,-52546000000.0,-139500000000.0,-9111000000.0,20935000000.0,30242000000.0,12405000000.0,38534000000.0,14189000000.0,133749000000.0,-4895000000.0,0.0,-3000000000.0,14,39,3,0,0,0,
2026-07-28 16:35:00+00:00,398.1253967285,398.6199035645,398.049987793,398.5199890137,125528,0.0,0.0,MSFT,微软,Microsoft Corporation,USD,16,35,MSFT,480.35,3566861025280,26.790295,20.376884,1.099,0.73,3.64,0.1983,349.2,553.72,223000,59.565,8.0643,0.40305,0.14088,0.34039003,44.668,76842999808,128812998656,331839012864,194237005824,0.67944,0.45111,29.118,1.099,1.23,0.7593,0.00090000004,2.17,7425545491,7414481428,569.5583,870.0,400.0,1.35714,53,331839000000.0,106374000000.0,225465000000.0,155237000000.0,133749000000.0,17.95,18.0,0,34666000000.0,32185000000.0,165934000000.0,207519000000.0,168985000000.0,201794000000.0,129134650000.0,38534000000.0,7453000000.0,7429000000.0,758376000000.0,315989000000.0,442387000000.0,56826000000.0,19359000000.0,20935000000.0,76651000000.0,1397000000.0,80876000000.0,337253000000.0,455944000000.0,-118691000000.0,119651000000.0,0,31067000000.0,168825000000.0,207710000000.0,38885000000.0,328265000000.0,117406000000.0,117406000000.0,442387000000.0,304127000000.0,482681000000.0,473454000000.0,182935000000.0,66987000000.0,-115948000000.0,-26445000000.0,-22271000000.0,-52546000000.0,-139500000000.0,-9111000000.0,20935000000.0,30242000000.0,12405000000.0,38534000000.0,14189000000.0,133749000000.0,-4895000000.0,0.0,-3000000000.0,14,39,3,0,0,0,
2026-07-28 16:40:00+00:00,398.5199890137,398.6199951172,398.1900024414,398.450012207,135605,0.0,0.0,MSFT,微软,Microsoft Corporation,USD,16,40,MSFT,480.35,3566861025280,26.790295,20.376884,1.099,0.73,3.64,0.1983,349.2,553.72,223000,59.565,8.0643,0.40305,0.14088,0.34039003,44.668,76842999808,128812998656,331839012864,194237005824,0.67944,0.45111,29.118,1.099,1.23,0.7593,0.00090000004,2.17,7425545491,7414481428,569.5583,870.0,400.0,1.35714,53,331839000000.0,106374000000.0,225465000000.0,155237000000.0,133749000000.0,17.95,18.0,0,34666000000.0,32185000000.0,165934000000.0,207519000000.0,168985000000.0,201794000000.0,129134650000.0,38534000000.0,7453000000.0,7429000000.0,758376000000.0,315989000000.0,442387000000.0,56826000000.0,19359000000.0,20935000000.0,76651000000.0,1397000000.0,80876000000.0,337253000000.0,455944000000.0,-118691000000.0,119651000000.0,0,31067000000.0,168825000000.0,207710000000.0,38885000000.0,328265000000.0,117406000000.0,117406000000.0,442387000000.0,304127000000.0,482681000000.0,473454000000.0,182935000000.0,66987000000.0,-115948000000.0,-26445000000.0,-22271000000.0,-52546000000.0,-139500000000.0,-9111000000.0,20935000000.0,30242000000.0,12405000000.0,38534000000.0,14189000000.0,133749000000.0,-4895000000.0,0.0,-3000000000.0,14,39,3,0,0,0,
2026-07-28 16:45:00+00:00,398.4450073242,398.4899902344,398.0199890137,398.4299926758,423105,0.0,0.0,MSFT,微软,Microsoft Corporation,USD,16,45,MSFT,480.35,3566861025280,26.790295,20.376884,1.099,0.73,3.64,0.1983,349.2,553.72,223000,59.565,8.0643,0.40305,0.14088,0.34039003,44.668,76842999808,128812998656,331839012864,194237005824,0.67944,0.45111,29.118,1.099,1.23,0.7593,0.00090000004,2.17,7425545491,7414481428,569.5583,870.0,400.0,1.35714,53,331839000000.0,106374000000.0,225465000000.0,155237000000.0,133749000000.0,17.95,18.0,0,34666000000.0,32185000000.0,165934000000.0,207519000000.0,168985000000.0,201794000000.0,129134650000.0,38534000000.0,7453000000.0,7429000000.0,758376000000.0,315989000000.0,442387000000.0,56826000000.0,19359000000.0,20935000000.0,76651000000.0,1397000000.0,80876000000.0,337253000000.0,455944000000.0,-118691000000.0,119651000000.0,0,31067000000.0,168825000000.0,207710000000.0,38885000000.0,328265000000.0,117406000000.0,117406000000.0,442387000000.0,304127000000.0,482681000000.0,473454000000.0,182935000000.0,66987000000.0,-115948000000.0,-26445000000.0,-22271000000.0,-52546000000.0,-139500000000.0,-9111000000.0,20935000000.0,30242000000.0,12405000000.0,38534000000.0,14189000000.0,133749000000.0,-4895000000.0,0.0,-3000000000.0,14,39,3,0,0,0,
2026-07-28 16:50:00+00:00,398.4299926758,398.8299865723,398.3900146484,398.6650085449,126948,0.0,0.0,MSFT,微软,Microsoft Corporation,USD,16,50,MSFT,480.35,3566861025280,26.790295,20.376884,1.099,0.73,3.64,0.1983,349.2,553.72,223000,59.565,8.0643,0.40305,0.14088,0.34039003,44.668,76842999808,128812998656,331839012864,194237005824,0.67944,0.45111,29.118,1.099,1.23,0.7593,0.00090000004,2.17,7425545491,7414481428,569.5583,870.0,400.0,1.35714,53,331839000000.0,106374000000.0,225465000000.0,155237000000.0,133749000000.0,17.95,18.0,0,34666000000.0,32185000000.0,165934000000.0,207519000000.0,168985000000.0,201794000000.0,129134650000.0,38534000000.0,7453000000.0,7429000000.0,758376000000.0,315989000000.0,442387000000.0,56826000000.0,19359000000.0,20935000000.0,76651000000.0,1397000000.0,80876000000.0,337253000000.0,455944000000.0,-118691000000.0,119651000000.0,0,31067000000.0,168825000000.0,207710000000.0,38885000000.0,328265000000.0,117406000000.0,117406000000.0,442387000000.0,304127000000.0,482681000000.0,473454000000.0,182935000000.0,66987000000.0,-115948000000.0,-26445000000.0,-22271000000.0,-52546000000.0,-139500000000.0,-9111000000.0,20935000000.0,30242000000.0,12405000000.0,38534000000.0,14189000000.0,133749000000.0,-4895000000.0,0.0,-3000000000.0,14,39,3,0,0,0,
2026-07-28 16:55:00+00:00,398.6499938965,398.9200134277,398.4200134277,398.8699951172,100075,0.0,0.0,MSFT,微软,Microsoft Corporation,USD,16,55,MSFT,480.35,3566861025280,26.790295,20.376884,1.099,0.73,3.64,0.1983,349.2,553.72,223000,59.565,8.0643,0.40305,0.14088,0.34039003,44.668,76842999808,128812998656,331839012864,194237005824,0.67944,0.45111,29.118,1.099,1.23,0.7593,0.00090000004,2.17,7425545491,7414481428,569.5583,870.0,400.0,1.35714,53,331839000000.0,106374000000.0,225465000000.0,155237000000.0,133749000000.0,17.95,18.0,0,34666000000.0,32185000000.0,165934000000.0,207519000000.0,168985000000.0,201794000000.0,129134650000.0,38534000000.0,7453000000.0,7429000000.0,758376000000.0,315989000000.0,442387000000.0,56826000000.0,19359000000.0,20935000000.0,76651000000.0,1397000000.0,80876000000.0,337253000000.0,455944000000.0,-118691000000.0,119651000000.0,0,31067000000.0,168825000000.0,207710000000.0,38885000000.0,328265000000.0,117406000000.0,117406000000.0,442387000000.0,304127000000.0,482681000000.0,473454000000.0,182935000000.0,66987000000.0,-115948000000.0,-26445000000.0,-22271000000.0,-52546000000.0,-139500000000.0,-9111000000.0,20935000000.0,30242000000.0,12405000000.0,38534000000.0,14189000000.0,133749000000.0,-4895000000.0,0.0,-3000000000.0,14,39,3,0,0,0,
2026-07-28 17:00:00+00:00,398.8399963379,398.9100036621,398.2399902344,398.4020080566,108061,0.0,0.0,MSFT,微软,Microsoft Corporation,USD,17,0,MSFT,480.35,3566861025280,26.790295,20.376884,1.099,0.73,3.64,0.1983,349.2,553.72,223000,59.565,8.0643,0.40305,0.14088,0.34039003,44.668,76842999808,128812998656,331839012864,194237005824,0.67944,0.45111,29.118,1.099,1.23,0.7593,0.00090000004,2.17,7425545491,7414481428,569.5583,870.0,400.0,1.35714,53,331839000000.0,106374000000.0,225465000000.0,155237000000.0,133749000000.0,17.95,18.0,0,34666000000.0,32185000000.0,165934000000.0,207519000000.0,168985000000.0,201794000000.0,129134650000.0,38534000000.0,7453000000.0,7429000000.0,758376000000.0,315989000000.0,442387000000.0,56826000000.0,19359000000.0,20935000000.0,76651000000.0,1397000000.0,80876000000.0,337253000000.0,455944000000.0,-118691000000.0,119651000000.0,0,31067000000.0,168825000000.0,207710000000.0,38885000000.0,328265000000.0,117406000000.0,117406000000.0,442387000000.0,304127000000.0,482681000000.0,473454000000.0,182935000000.0,66987000000.0,-115948000000.0,-26445000000.0,-22271000000.0,-52546000000.0,-139500000000.0,-9111000000.0,20935000000.0,30242000000.0,12405000000.0,38534000000.0,14189000000.0,133749000000.0,-4895000000.0,0.0,-3000000000.0,14,39,3,0,0,0,
2026-07-28 17:05:00+00:00,398.4200134277,398.7799987793,398.0899963379,398.1700134277,144553,0.0,0.0,MSFT,微软,Microsoft Corporation,USD,17,5,MSFT,480.35,3566861025280,26.790295,20.376884,1.099,0.73,3.64,0.1983,349.2,553.72,223000,59.565,8.0643,0.40305,0.14088,0.34039003,44.668,76842999808,128812998656,331839012864,194237005824,0.67944,0.45111,29.118,1.099,1.23,0.7593,0.00090000004,2.17,7425545491,7414481428,569.5583,870.0,400.0,1.35714,53,331839000000.0,106374000000.0,225465000000.0,155237000000.0,133749000000.0,17.95,18.0,0,34666000000.0,32185000000.0,165934000000.0,207519000000.0,168985000000.0,201794000000.0,129134650000.0,38534000000.0,7453000000.0,7429000000.0,758376000000.0,315989000000.0,442387000000.0,56826000000.0,19359000000.0,20935000000.0,76651000000.0,1397000000.0,80876000000.0,337253000000.0,455944000000.0,-118691000000.0,119651000000.0,0,31067000000.0,168825000000.0,207710000000.0,38885000000.0,328265000000.0,117406000000.0,117406000000.0,442387000000.0,304127000000.0,482681000000.0,473454000000.0,182935000000.0,66987000000.0,-115948000000.0,-26445000000.0,-22271000000.0,-52546000000.0,-139500000000.0,-9111000000.0,20935000000.0,30242000000.0,12405000000.0,38534000000.0,14189000000.0,133749000000.0,-4895000000.0,0.0,-3000000000.0,14,39,3,0,0,0,
2026-07-28 17:10:00+00:00,398.1799926758,398.299987793,397.7099914551,397.8699951172,133883,0.0,0.0,MSFT,微软,Microsoft Corporation,USD,17,10,MSFT,480.35,3566861025280,26.790295,20.376884,1.099,0.73,3.64,0.1983,349.2,553.72,223000,59.565,8.0643,0.40305,0.14088,0.34039003,44.668,76842999808,128812998656,331839012864,194237005824,0.67944,0.45111,29.118,1.099,1.23,0.7593,0.00090000004,2.17,7425545491,7414481428,569.5583,870.0,400.0,1.35714,53,331839000000.0,106374000000.0,225465000000.0,155237000000.0,133749000000.0,17.95,18.0,0,34666000000.0,32185000000.0,165934000000.0,207519000000.0,168985000000.0,201794000000.0,129134650000.0,38534000000.0,7453000000.0,7429000000.0,758376000000.0,315989000000.0,442387000000.0,56826000000.0,19359000000.0,20935000000.0,76651000000.0,1397000000.0,80876000000.0,337253000000.0,455944000000.0,-118691000000.0,119651000000.0,0,31067000000.0,168825000000.0,207710000000.0,38885000000.0,328265000000.0,117406000000.0,117406000000.0,442387000000.0,304127000000.0,482681000000.0,473454000000.0,182935000000.0,66987000000.0,-115948000000.0,-26445000000.0,-22271000000.0,-52546000000.0,-139500000000.0,-9111000000.0,20935000000.0,30242000000.0,12405000000.0,38534000000.0,14189000000.0,133749000000.0,-4895000000.0,0.0,-3000000000.0,14,39,3,0,0,0,
2026-07-28 17:15:00+00:00,397.8699951172,398.0599975586,397.4899902344,397.7300109863,99769,0.0,0.0,MSFT,微软,Microsoft Corporation,USD,17,15,MSFT,480.35,3566861025280,26.790295,20.376884,1.099,0.73,3.64,0.1983,349.2,553.72,223000,59.565,8.0643,0.40305,0.14088,0.34039003,44.668,76842999808,128812998656,331839012864,194237005824,0.67944,0.45111,29.118,1.099,1.23,0.7593,0.00090000004,2.17,7425545491,7414481428,569.5583,870.0,400.0,1.35714,53,331839000000.0,106374000000.0,225465000000.0,155237000000.0,133749000000.0,17.95,18.0,0,34666000000.0,32185000000.0,165934000000.0,207519000000.0,168985000000.0,201794000000.0,129134650000.0,38534000000.0,7453000000.0,7429000000.0,758376000000.0,315989000000.0,442387000000.0,56826000000.0,19359000000.0,20935000000.0,76651000000.0,1397000000.0,80876000000.0,337253000000.0,455944000000.0,-118691000000.0,119651000000.0,0,31067000000.0,168825000000.0,207710000000.0,38885000000.0,328265000000.0,117406000000.0,117406000000.0,442387000000.0,304127000000.0,482681000000.0,473454000000.0,182935000000.0,66987000000.0,-115948000000.0,-26445000000.0,-22271000000.0,-52546000000.0,-139500000000.0,-9111000000.0,20935000000.0,30242000000.0,12405000000.0,38534000000.0,14189000000.0,133749000000.0,-4895000000.0,0.0,-3000000000.0,14,39,3,0,0,0,
2026-07-28 17:20:00+00:00,397.7200012207,398.2600097656,397.6401062012,398.049987793,170545,0.0,0.0,MSFT,微软,Microsoft Corporation,USD,17,20,MSFT,480.35,3566861025280,26.790295,20.376884,1.099,0.73,3.64,0.1983,349.2,553.72,223000,59.565,8.0643,0.40305,0.14088,0.34039003,44.668,76842999808,128812998656,331839012864,194237005824,0.67944,0.45111,29.118,1.099,1.23,0.7593,0.00090000004,2.17,7425545491,7414481428,569.5583,870.0,400.0,1.35714,53,331839000000.0,106374000000.0,225465000000.0,155237000000.0,133749000000.0,17.95,18.0,0,34666000000.0,32185000000.0,165934000000.0,207519000000.0,168985000000.0,201794000000.0,129134650000.0,38534000000.0,7453000000.0,7429000000.0,758376000000.0,315989000000.0,442387000000.0,56826000000.0,19359000000.0,20935000000.0,76651000000.0,1397000000.0,80876000000.0,337253000000.0,455944000000.0,-118691000000.0,119651000000.0,0,31067000000.0,168825000000.0,207710000000.0,38885000000.0,328265000000.0,117406000000.0,117406000000.0,442387000000.0,304127000000.0,482681000000.0,473454000000.0,182935000000.0,66987000000.0,-115948000000.0,-26445000000.0,-22271000000.0,-52546000000.0,-139500000000.0,-9111000000.0,20935000000.0,30242000000.0,12405000000.0,38534000000.0,14189000000.0,133749000000.0,-4895000000.0,0.0,-3000000000.0,14,39,3,0,0,0,
2026-07-28 17:25:00+00:00,398.0199890137,398.2699890137,397.780090332,398.0700073242,110320,0.0,0.0,MSFT,微软,Microsoft Corporation,USD,17,25,MSFT,480.35,3566861025280,26.790295,20.376884,1.099,0.73,3.64,0.1983,349.2,553.72,223000,59.565,8.0643,0.40305,0.14088,0.34039003,44.668,76842999808,128812998656,331839012864,194237005824,0.67944,0.45111,29.118,1.099,1.23,0.7593,0.00090000004,2.17,7425545491,7414481428,569.5583,870.0,400.0,1.35714,53,331839000000.0,106374000000.0,225465000000.0,155237000000.0,133749000000.0,17.95,18.0,0,34666000000.0,32185000000.0,165934000000.0,207519000000.0,168985000000.0,201794000000.0,129134650000.0,38534000000.0,7453000000.0,7429000000.0,758376000000.0,315989000000.0,442387000000.0,56826000000.0,19359000000.0,20935000000.0,76651000000.0,1397000000.0,80876000000.0,337253000000.0,455944000000.0,-118691000000.0,119651000000.0,0,31067000000.0,168825000000.0,207710000000.0,38885000000.0,328265000000.0,117406000000.0,117406000000.0,442387000000.0,304127000000.0,482681000000.0,473454000000.0,182935000000.0,66987000000.0,-115948000000.0,-26445000000.0,-22271000000.0,-52546000000.0,-139500000000.0,-9111000000.0,20935000000.0,30242000000.0,12405000000.0,38534000000.0,14189000000.0,133749000000.0,-4895000000.0,0.0,-3000000000.0,14,39,3,0,0,0,
2026-07-28 17:30:00+00:00,398.0899963379,398.8599853516,397.8399963379,398.8117980957,137963,0.0,0.0,MSFT,微软,Microsoft Corporation,USD,17,30,MSFT,480.35,3566861025280,26.790295,20.376884,1.099,0.73,3.64,0.1983,349.2,553.72,223000,59.565,8.0643,0.40305,0.14088,0.34039003,44.668,76842999808,128812998656,331839012864,194237005824,0.67944,0.45111,29.118,1.099,1.23,0.7593,0.00090000004,2.17,7425545491,7414481428,569.5583,870.0,400.0,1.35714,53,331839000000.0,106374000000.0,225465000000.0,155237000000.0,133749000000.0,17.95,18.0,0,34666000000.0,32185000000.0,165934000000.0,207519000000.0,168985000000.0,201794000000.0,129134650000.0,38534000000.0,7453000000.0,7429000000.0,758376000000.0,315989000000.0,442387000000.0,56826000000.0,19359000000.0,20935000000.0,76651000000.0,1397000000.0,80876000000.0,337253000000.0,455944000000.0,-118691000000.0,119651000000.0,0,31067000000.0,168825000000.0,207710000000.0,38885000000.0,328265000000.0,117406000000.0,117406000000.0,442387000000.0,304127000000.0,482681000000.0,473454000000.0,182935000000.0,66987000000.0,-115948000000.0,-26445000000.0,-22271000000.0,-52546000000.0,-139500000000.0,-9111000000.0,20935000000.0,30242000000.0,12405000000.0,38534000000.0,14189000000.0,133749000000.0,-4895000000.0,0.0,-3000000000.0,14,39,3,0,0,0,
2026-07-28 17:35:00+00:00,398.799987793,399.3649902344,398.7900085449,399.1099853516,679966,0.0,0.0,MSFT,微软,Microsoft Corporation,USD,17,35,MSFT,480.35,3566861025280,26.790295,20.376884,1.099,0.73,3.64,0.1983,349.2,553.72,223000,59.565,8.0643,0.40305,0.14088,0.34039003,44.668,76842999808,128812998656,331839012864,194237005824,0.67944,0.45111,29.118,1.099,1.23,0.7593,0.00090000004,2.17,7425545491,7414481428,569.5583,870.0,400.0,1.35714,53,331839000000.0,106374000000.0,225465000000.0,155237000000.0,133749000000.0,17.95,18.0,0,34666000000.0,32185000000.0,165934000000.0,207519000000.0,168985000000.0,201794000000.0,129134650000.0,38534000000.0,7453000000.0,7429000000.0,758376000000.0,315989000000.0,442387000000.0,56826000000.0,19359000000.0,20935000000.0,76651000000.0,1397000000.0,80876000000.0,337253000000.0,455944000000.0,-118691000000.0,119651000000.0,0,31067000000.0,168825000000.0,207710000000.0,38885000000.0,328265000000.0,117406000000.0,117406000000.0,442387000000.0,304127000000.0,482681000000.0,473454000000.0,182935000000.0,66987000000.0,-115948000000.0,-26445000000.0,-22271000000.0,-52546000000.0,-139500000000.0,-9111000000.0,20935000000.0,30242000000.0,12405000000.0,38534000000.0,14189000000.0,133749000000.0,-4895000000.0,0.0,-3000000000.0,14,39,3,0,0,0,
2026-07-28 17:40:00+00:00,399.1099853516,399.4599914551,398.6500854492,398.9800109863,154347,0.0,0.0,MSFT,微软,Microsoft Corporation,USD,17,40,MSFT,480.35,3566861025280,26.790295,20.376884,1.099,0.73,3.64,0.1983,349.2,553.72,223000,59.565,8.0643,0.40305,0.14088,0.34039003,44.668,76842999808,128812998656,331839012864,194237005824,0.67944,0.45111,29.118,1.099,1.23,0.7593,0.00090000004,2.17,7425545491,7414481428,569.5583,870.0,400.0,1.35714,53,331839000000.0,106374000000.0,225465000000.0,155237000000.0,133749000000.0,17.95,18.0,0,34666000000.0,32185000000.0,165934000000.0,207519000000.0,168985000000.0,201794000000.0,129134650000.0,38534000000.0,7453000000.0,7429000000.0,758376000000.0,315989000000.0,442387000000.0,56826000000.0,19359000000.0,20935000000.0,76651000000.0,1397000000.0,80876000000.0,337253000000.0,455944000000.0,-118691000000.0,119651000000.0,0,31067000000.0,168825000000.0,207710000000.0,38885000000.0,328265000000.0,117406000000.0,117406000000.0,442387000000.0,304127000000.0,482681000000.0,473454000000.0,182935000000.0,66987000000.0,-115948000000.0,-26445000000.0,-22271000000.0,-52546000000.0,-139500000000.0,-9111000000.0,20935000000.0,30242000000.0,12405000000.0,38534000000.0,14189000000.0,133749000000.0,-4895000000.0,0.0,-3000000000.0,14,39,3,0,0,0,
2026-07-28 17:45:00+00:00,398.9899902344,399.5400085449,398.7932128906,399.2650146484,159846,0.0,0.0,MSFT,微软,Microsoft Corporation,USD,17,45,MSFT,480.35,3566861025280,26.790295,20.376884,1.099,0.73,3.64,0.1983,349.2,553.72,223000,59.565,8.0643,0.40305,0.14088,0.34039003,44.668,76842999808,128812998656,331839012864,194237005824,0.67944,0.45111,29.118,1.099,1.23,0.7593,0.00090000004,2.17,7425545491,7414481428,569.5583,870.0,400.0,1.35714,53,331839000000.0,106374000000.0,225465000000.0,155237000000.0,133749000000.0,17.95,18.0,0,34666000000.0,32185000000.0,165934000000.0,207519000000.0,168985000000.0,201794000000.0,129134650000.0,38534000000.0,7453000000.0,7429000000.0,758376000000.0,315989000000.0,442387000000.0,56826000000.0,19359000000.0,20935000000.0,76651000000.0,1397000000.0,80876000000.0,337253000000.0,455944000000.0,-118691000000.0,119651000000.0,0,31067000000.0,168825000000.0,207710000000.0,38885000000.0,328265000000.0,117406000000.0,117406000000.0,442387000000.0,304127000000.0,482681000000.0,473454000000.0,182935000000.0,66987000000.0,-115948000000.0,-26445000000.0,-22271000000.0,-52546000000.0,-139500000000.0,-9111000000.0,20935000000.0,30242000000.0,12405000000.0,38534000000.0,14189000000.0,133749000000.0,-4895000000.0,0.0,-3000000000.0,14,39,3,0,0,0,
2026-07-28 17:50:00+00:00,399.2799987793,399.2799987793,398.8500976562,398.9100036621,138659,0.0,0.0,MSFT,微软,Microsoft Corporation,USD,17,50,MSFT,480.35,3566861025280,26.790295,20.376884,1.099,0.73,3.64,0.1983,349.2,553.72,223000,59.565,8.0643,0.40305,0.14088,0.34039003,44.668,76842999808,128812998656,331839012864,194237005824,0.67944,0.45111,29.118,1.099,1.23,0.7593,0.00090000004,2.17,7425545491,7414481428,569.5583,870.0,400.0,1.35714,53,331839000000.0,106374000000.0,225465000000.0,155237000000.0,133749000000.0,17.95,18.0,0,34666000000.0,32185000000.0,165934000000.0,207519000000.0,168985000000.0,201794000000.0,129134650000.0,38534000000.0,7453000000.0,7429000000.0,758376000000.0,315989000000.0,442387000000.0,56826000000.0,19359000000.0,20935000000.0,76651000000.0,1397000000.0,80876000000.0,337253000000.0,455944000000.0,-118691000000.0,119651000000.0,0,31067000000.0,168825000000.0,207710000000.0,38885000000.0,328265000000.0,117406000000.0,117406000000.0,442387000000.0,304127000000.0,482681000000.0,473454000000.0,182935000000.0,66987000000.0,-115948000000.0,-26445000000.0,-22271000000.0,-52546000000.0,-139500000000.0,-9111000000.0,20935000000.0,30242000000.0,12405000000.0,38534000000.0,14189000000.0,133749000000.0,-4895000000.0,0.0,-3000000000.0,14,39,3,0,0,0,
2026-07-28 17:55:00+00:00,398.9200134277,399.299987793,398.8500061035,399.1401062012,133150,0.0,0.0,MSFT,微软,Microsoft Corporation,USD,17,55,MSFT,480.35,3566861025280,26.790295,20.376884,1.099,0.73,3.64,0.1983,349.2,553.72,223000,59.565,8.0643,0.40305,0.14088,0.34039003,44.668,76842999808,128812998656,331839012864,194237005824,0.67944,0.45111,29.118,1.099,1.23,0.7593,0.00090000004,2.17,7425545491,7414481428,569.5583,870.0,400.0,1.35714,53,331839000000.0,106374000000.0,225465000000.0,155237000000.0,133749000000.0,17.95,18.0,0,34666000000.0,32185000000.0,165934000000.0,207519000000.0,168985000000.0,201794000000.0,129134650000.0,38534000000.0,7453000000.0,7429000000.0,758376000000.0,315989000000.0,442387000000.0,56826000000.0,19359000000.0,20935000000.0,76651000000.0,1397000000.0,80876000000.0,337253000000.0,455944000000.0,-118691000000.0,119651000000.0,0,31067000000.0,168825000000.0,207710000000.0,38885000000.0,328265000000.0,117406000000.0,117406000000.0,442387000000.0,304127000000.0,482681000000.0,473454000000.0,182935000000.0,66987000000.0,-115948000000.0,-26445000000.0,-22271000000.0,-52546000000.0,-139500000000.0,-9111000000.0,20935000000.0,30242000000.0,12405000000.0,38534000000.0,14189000000.0,133749000000.0,-4895000000.0,0.0,-3000000000.0,14,39,3,0,0,0,
2026-07-28 18:00:00+00:00,399.1549987793,399.2200012207,398.1300964355,398.375,187533,0.0,0.0,MSFT,微软,Microsoft Corporation,USD,18,0,MSFT,480.35,3566861025280,26.790295,20.376884,1.099,0.73,3.64,0.1983,349.2,553.72,223000,59.565,8.0643,0.40305,0.14088,0.34039003,44.668,76842999808,128812998656,331839012864,194237005824,0.67944,0.45111,29.118,1.099,1.23,0.7593,0.00090000004,2.17,7425545491,7414481428,569.5583,870.0,400.0,1.35714,53,331839000000.0,106374000000.0,225465000000.0,155237000000.0,133749000000.0,17.95,18.0,0,34666000000.0,32185000000.0,165934000000.0,207519000000.0,168985000000.0,201794000000.0,129134650000.0,38534000000.0,7453000000.0,7429000000.0,758376000000.0,315989000000.0,442387000000.0,56826000000.0,19359000000.0,20935000000.0,76651000000.0,1397000000.0,80876000000.0,337253000000.0,455944000000.0,-118691000000.0,119651000000.0,0,31067000000.0,168825000000.0,207710000000.0,38885000000.0,328265000000.0,117406000000.0,117406000000.0,442387000000.0,304127000000.0,482681000000.0,473454000000.0,182935000000.0,66987000000.0,-115948000000.0,-26445000000.0,-22271000000.0,-52546000000.0,-139500000000.0,-9111000000.0,20935000000.0,30242000000.0,12405000000.0,38534000000.0,14189000000.0,133749000000.0,-4895000000.0,0.0,-3000000000.0,14,39,3,0,0,0,
2026-07-28 18:05:00+00:00,398.3399963379,398.3649902344,397.3399963379,397.450012207,152473,0.0,0.0,MSFT,微软,Microsoft Corporation,USD,18,5,MSFT,480.35,3566861025280,26.790295,20.376884,1.099,0.73,3.64,0.1983,349.2,553.72,223000,59.565,8.0643,0.40305,0.14088,0.34039003,44.668,76842999808,128812998656,331839012864,194237005824,0.67944,0.45111,29.118,1.099,1.23,0.7593,0.00090000004,2.17,7425545491,7414481428,569.5583,870.0,400.0,1.35714,53,331839000000.0,106374000000.0,225465000000.0,155237000000.0,133749000000.0,17.95,18.0,0,34666000000.0,32185000000.0,165934000000.0,207519000000.0,168985000000.0,201794000000.0,129134650000.0,38534000000.0,7453000000.0,7429000000.0,758376000000.0,315989000000.0,442387000000.0,56826000000.0,19359000000.0,20935000000.0,76651000000.0,1397000000.0,80876000000.0,337253000000.0,455944000000.0,-118691000000.0,119651000000.0,0,31067000000.0,168825000000.0,207710000000.0,38885000000.0,328265000000.0,117406000000.0,117406000000.0,442387000000.0,304127000000.0,482681000000.0,473454000000.0,182935000000.0,66987000000.0,-115948000000.0,-26445000000.0,-22271000000.0,-52546000000.0,-139500000000.0,-9111000000.0,20935000000.0,30242000000.0,12405000000.0,38534000000.0,14189000000.0,133749000000.0,-4895000000.0,0.0,-3000000000.0,14,39,3,0,0,0,
2026-07-28 18:10:00+00:00,397.4450073242,397.5199890137,397.0899963379,397.3699951172,141759,0.0,0.0,MSFT,微软,Microsoft Corporation,USD,18,10,MSFT,480.35,3566861025280,26.790295,20.376884,1.099,0.73,3.64,0.1983,349.2,553.72,223000,59.565,8.0643,0.40305,0.14088,0.34039003,44.668,76842999808,128812998656,331839012864,194237005824,0.67944,0.45111,29.118,1.099,1.23,0.7593,0.00090000004,2.17,7425545491,7414481428,569.5583,870.0,400.0,1.35714,53,331839000000.0,106374000000.0,225465000000.0,155237000000.0,133749000000.0,17.95,18.0,0,34666000000.0,32185000000.0,165934000000.0,207519000000.0,168985000000.0,201794000000.0,129134650000.0,38534000000.0,7453000000.0,7429000000.0,758376000000.0,315989000000.0,442387000000.0,56826000000.0,19359000000.0,20935000000.0,76651000000.0,1397000000.0,80876000000.0,337253000000.0,455944000000.0,-118691000000.0,119651000000.0,0,31067000000.0,168825000000.0,207710000000.0,38885000000.0,328265000000.0,117406000000.0,117406000000.0,442387000000.0,304127000000.0,482681000000.0,473454000000.0,182935000000.0,66987000000.0,-115948000000.0,-26445000000.0,-22271000000.0,-52546000000.0,-139500000000.0,-9111000000.0,20935000000.0,30242000000.0,12405000000.0,38534000000.0,14189000000.0,133749000000.0,-4895000000.0,0.0,-3000000000.0,14,39,3,0,0,0,
2026-07-28 18:15:00+00:00,397.3999938965,397.6600036621,396.950012207,397.2099914551,167336,0.0,0.0,MSFT,微软,Microsoft Corporation,USD,18,15,MSFT,480.35,3566861025280,26.790295,20.376884,1.099,0.73,3.64,0.1983,349.2,553.72,223000,59.565,8.0643,0.40305,0.14088,0.34039003,44.668,76842999808,128812998656,331839012864,194237005824,0.67944,0.45111,29.118,1.099,1.23,0.7593,0.00090000004,2.17,7425545491,7414481428,569.5583,870.0,400.0,1.35714,53,331839000000.0,106374000000.0,225465000000.0,155237000000.0,133749000000.0,17.95,18.0,0,34666000000.0,32185000000.0,165934000000.0,207519000000.0,168985000000.0,201794000000.0,129134650000.0,38534000000.0,7453000000.0,7429000000.0,758376000000.0,315989000000.0,442387000000.0,56826000000.0,19359000000.0,20935000000.0,76651000000.0,1397000000.0,80876000000.0,337253000000.0,455944000000.0,-118691000000.0,119651000000.0,0,31067000000.0,168825000000.0,207710000000.0,38885000000.0,328265000000.0,117406000000.0,117406000000.0,442387000000.0,304127000000.0,482681000000.0,473454000000.0,182935000000.0,66987000000.0,-115948000000.0,-26445000000.0,-22271000000.0,-52546000000.0,-139500000000.0,-9111000000.0,20935000000.0,30242000000.0,12405000000.0,38534000000.0,14189000000.0,133749000000.0,-4895000000.0,0.0,-3000000000.0,14,39,3,0,0,0,
2026-07-28 18:20:00+00:00,397.2200012207,397.7600097656,397.1900024414,397.469909668,197201,0.0,0.0,MSFT,微软,Microsoft Corporation,USD,18,20,MSFT,480.35,3566861025280,26.790295,20.376884,1.099,0.73,3.64,0.1983,349.2,553.72,223000,59.565,8.0643,0.40305,0.14088,0.34039003,44.668,76842999808,128812998656,331839012864,194237005824,0.67944,0.45111,29.118,1.099,1.23,0.7593,0.00090000004,2.17,7425545491,7414481428,569.5583,870.0,400.0,1.35714,53,331839000000.0,106374000000.0,225465000000.0,155237000000.0,133749000000.0,17.95,18.0,0,34666000000.0,32185000000.0,165934000000.0,207519000000.0,168985000000.0,201794000000.0,129134650000.0,38534000000.0,7453000000.0,7429000000.0,758376000000.0,315989000000.0,442387000000.0,56826000000.0,19359000000.0,20935000000.0,76651000000.0,1397000000.0,80876000000.0,337253000000.0,455944000000.0,-118691000000.0,119651000000.0,0,31067000000.0,168825000000.0,207710000000.0,38885000000.0,328265000000.0,117406000000.0,117406000000.0,442387000000.0,304127000000.0,482681000000.0,473454000000.0,182935000000.0,66987000000.0,-115948000000.0,-26445000000.0,-22271000000.0,-52546000000.0,-139500000000.0,-9111000000.0,20935000000.0,30242000000.0,12405000000.0,38534000000.0,14189000000.0,133749000000.0,-4895000000.0,0.0,-3000000000.0,14,39,3,0,0,0,
2026-07-28 18:25:00+00:00,397.3999938965,397.6099853516,397.299987793,397.5299987793,163224,0.0,0.0,MSFT,微软,Microsoft Corporation,USD,18,25,MSFT,480.35,3566861025280,26.790295,20.376884,1.099,0.73,3.64,0.1983,349.2,553.72,223000,59.565,8.0643,0.40305,0.14088,0.34039003,44.668,76842999808,128812998656,331839012864,194237005824,0.67944,0.45111,29.118,1.099,1.23,0.7593,0.00090000004,2.17,7425545491,7414481428,569.5583,870.0,400.0,1.35714,53,331839000000.0,106374000000.0,225465000000.0,155237000000.0,133749000000.0,17.95,18.0,0,34666000000.0,32185000000.0,165934000000.0,207519000000.0,168985000000.0,201794000000.0,129134650000.0,38534000000.0,7453000000.0,7429000000.0,758376000000.0,315989000000.0,442387000000.0,56826000000.0,19359000000.0,20935000000.0,76651000000.0,1397000000.0,80876000000.0,337253000000.0,455944000000.0,-118691000000.0,119651000000.0,0,31067000000.0,168825000000.0,207710000000.0,38885000000.0,328265000000.0,117406000000.0,117406000000.0,442387000000.0,304127000000.0,482681000000.0,473454000000.0,182935000000.0,66987000000.0,-115948000000.0,-26445000000.0,-22271000000.0,-52546000000.0,-139500000000.0,-9111000000.0,20935000000.0,30242000000.0,12405000000.0,38534000000.0,14189000000.0,133749000000.0,-4895000000.0,0.0,-3000000000.0,14,39,3,0,0,0,
2026-07-28 18:30:00+00:00,397.5100097656,397.6300048828,397.0400085449,397.5950012207,207344,0.0,0.0,MSFT,微软,Microsoft Corporation,USD,18,30,MSFT,480.35,3566861025280,26.790295,20.376884,1.099,0.73,3.64,0.1983,349.2,553.72,223000,59.565,8.0643,0.40305,0.14088,0.34039003,44.668,76842999808,128812998656,331839012864,194237005824,0.67944,0.45111,29.118,1.099,1.23,0.7593,0.00090000004,2.17,7425545491,7414481428,569.5583,870.0,400.0,1.35714,53,331839000000.0,106374000000.0,225465000000.0,155237000000.0,133749000000.0,17.95,18.0,0,34666000000.0,32185000000.0,165934000000.0,207519000000.0,168985000000.0,201794000000.0,129134650000.0,38534000000.0,7453000000.0,7429000000.0,758376000000.0,315989000000.0,442387000000.0,56826000000.0,19359000000.0,20935000000.0,76651000000.0,1397000000.0,80876000000.0,337253000000.0,455944000000.0,-118691000000.0,119651000000.0,0,31067000000.0,168825000000.0,207710000000.0,38885000000.0,328265000000.0,117406000000.0,117406000000.0,442387000000.0,304127000000.0,482681000000.0,473454000000.0,182935000000.0,66987000000.0,-115948000000.0,-26445000000.0,-22271000000.0,-52546000000.0,-139500000000.0,-9111000000.0,20935000000.0,30242000000.0,12405000000.0,38534000000.0,14189000000.0,133749000000.0,-4895000000.0,0.0,-3000000000.0,14,39,3,0,0,0,
2026-07-28 18:35:00+00:00,397.5950012207,397.6199951172,397.1050109863,397.1950073242,148586,0.0,0.0,MSFT,微软,Microsoft Corporation,USD,18,35,MSFT,480.35,3566861025280,26.790295,20.376884,1.099,0.73,3.64,0.1983,349.2,553.72,223000,59.565,8.0643,0.40305,0.14088,0.34039003,44.668,76842999808,128812998656,331839012864,194237005824,0.67944,0.45111,29.118,1.099,1.23,0.7593,0.00090000004,2.17,7425545491,7414481428,569.5583,870.0,400.0,1.35714,53,331839000000.0,106374000000.0,225465000000.0,155237000000.0,133749000000.0,17.95,18.0,0,34666000000.0,32185000000.0,165934000000.0,207519000000.0,168985000000.0,201794000000.0,129134650000.0,38534000000.0,7453000000.0,7429000000.0,758376000000.0,315989000000.0,442387000000.0,56826000000.0,19359000000.0,20935000000.0,76651000000.0,1397000000.0,80876000000.0,337253000000.0,455944000000.0,-118691000000.0,119651000000.0,0,31067000000.0,168825000000.0,207710000000.0,38885000000.0,328265000000.0,117406000000.0,117406000000.0,442387000000.0,304127000000.0,482681000000.0,473454000000.0,182935000000.0,66987000000.0,-115948000000.0,-26445000000.0,-22271000000.0,-52546000000.0,-139500000000.0,-9111000000.0,20935000000.0,30242000000.0,12405000000.0,38534000000.0,14189000000.0,133749000000.0,-4895000000.0,0.0,-3000000000.0,14,39,3,0,0,0,
2026-07-28 18:40:00+00:00,397.1799926758,397.5700073242,397.1600036621,397.2349853516,755121,0.0,0.0,MSFT,微软,Microsoft Corporation,USD,18,40,MSFT,480.35,3566861025280,26.790295,20.376884,1.099,0.73,3.64,0.1983,349.2,553.72,223000,59.565,8.0643,0.40305,0.14088,0.34039003,44.668,76842999808,128812998656,331839012864,194237005824,0.67944,0.45111,29.118,1.099,1.23,0.7593,0.00090000004,2.17,7425545491,7414481428,569.5583,870.0,400.0,1.35714,53,331839000000.0,106374000000.0,225465000000.0,155237000000.0,133749000000.0,17.95,18.0,0,34666000000.0,32185000000.0,165934000000.0,207519000000.0,168985000000.0,201794000000.0,129134650000.0,38534000000.0,7453000000.0,7429000000.0,758376000000.0,315989000000.0,442387000000.0,56826000000.0,19359000000.0,20935000000.0,76651000000.0,1397000000.0,80876000000.0,337253000000.0,455944000000.0,-118691000000.0,119651000000.0,0,31067000000.0,168825000000.0,207710000000.0,38885000000.0,328265000000.0,117406000000.0,117406000000.0,442387000000.0,304127000000.0,482681000000.0,473454000000.0,182935000000.0,66987000000.0,-115948000000.0,-26445000000.0,-22271000000.0,-52546000000.0,-139500000000.0,-9111000000.0,20935000000.0,30242000000.0,12405000000.0,38534000000.0,14189000000.0,133749000000.0,-4895000000.0,0.0,-3000000000.0,14,39,3,0,0,0,
2026-07-28 18:45:00+00:00,397.299987793,398.0,397.2600097656,397.5799865723,147828,0.0,0.0,MSFT,微软,Microsoft Corporation,USD,18,45,MSFT,480.35,3566861025280,26.790295,20.376884,1.099,0.73,3.64,0.1983,349.2,553.72,223000,59.565,8.0643,0.40305,0.14088,0.34039003,44.668,76842999808,128812998656,331839012864,194237005824,0.67944,0.45111,29.118,1.099,1.23,0.7593,0.00090000004,2.17,7425545491,7414481428,569.5583,870.0,400.0,1.35714,53,331839000000.0,106374000000.0,225465000000.0,155237000000.0,133749000000.0,17.95,18.0,0,34666000000.0,32185000000.0,165934000000.0,207519000000.0,168985000000.0,201794000000.0,129134650000.0,38534000000.0,7453000000.0,7429000000.0,758376000000.0,315989000000.0,442387000000.0,56826000000.0,19359000000.0,20935000000.0,76651000000.0,1397000000.0,80876000000.0,337253000000.0,455944000000.0,-118691000000.0,119651000000.0,0,31067000000.0,168825000000.0,207710000000.0,38885000000.0,328265000000.0,117406000000.0,117406000000.0,442387000000.0,304127000000.0,482681000000.0,473454000000.0,182935000000.0,66987000000.0,-115948000000.0,-26445000000.0,-22271000000.0,-52546000000.0,-139500000000.0,-9111000000.0,20935000000.0,30242000000.0,12405000000.0,38534000000.0,14189000000.0,133749000000.0,-4895000000.0,0.0,-3000000000.0,14,39,3,0,0,0,
2026-07-28 18:50:00+00:00,397.5849914551,397.6400146484,396.9800109863,397.1000976562,214373,0.0,0.0,MSFT,微软,Microsoft Corporation,USD,18,50,MSFT,480.35,3566861025280,26.790295,20.376884,1.099,0.73,3.64,0.1983,349.2,553.72,223000,59.565,8.0643,0.40305,0.14088,0.34039003,44.668,76842999808,128812998656,331839012864,194237005824,0.67944,0.45111,29.118,1.099,1.23,0.7593,0.00090000004,2.17,7425545491,7414481428,569.5583,870.0,400.0,1.35714,53,331839000000.0,106374000000.0,225465000000.0,155237000000.0,133749000000.0,17.95,18.0,0,34666000000.0,32185000000.0,165934000000.0,207519000000.0,168985000000.0,201794000000.0,129134650000.0,38534000000.0,7453000000.0,7429000000.0,758376000000.0,315989000000.0,442387000000.0,56826000000.0,19359000000.0,20935000000.0,76651000000.0,1397000000.0,80876000000.0,337253000000.0,455944000000.0,-118691000000.0,119651000000.0,0,31067000000.0,168825000000.0,207710000000.0,38885000000.0,328265000000.0,117406000000.0,117406000000.0,442387000000.0,304127000000.0,482681000000.0,473454000000.0,182935000000.0,66987000000.0,-115948000000.0,-26445000000.0,-22271000000.0,-52546000000.0,-139500000000.0,-9111000000.0,20935000000.0,30242000000.0,12405000000.0,38534000000.0,14189000000.0,133749000000.0,-4895000000.0,0.0,-3000000000.0,14,39,3,0,0,0,
2026-07-28 18:55:00+00:00,397.0799865723,397.179901123,396.700012207,396.9599914551,157767,0.0,0.0,MSFT,微软,Microsoft Corporation,USD,18,55,MSFT,480.35,3566861025280,26.790295,20.376884,1.099,0.73,3.64,0.1983,349.2,553.72,223000,59.565,8.0643,0.40305,0.14088,0.34039003,44.668,76842999808,128812998656,331839012864,194237005824,0.67944,0.45111,29.118,1.099,1.23,0.7593,0.00090000004,2.17,7425545491,7414481428,569.5583,870.0,400.0,1.35714,53,331839000000.0,106374000000.0,225465000000.0,155237000000.0,133749000000.0,17.95,18.0,0,34666000000.0,32185000000.0,165934000000.0,207519000000.0,168985000000.0,201794000000.0,129134650000.0,38534000000.0,7453000000.0,7429000000.0,758376000000.0,315989000000.0,442387000000.0,56826000000.0,19359000000.0,20935000000.0,76651000000.0,1397000000.0,80876000000.0,337253000000.0,455944000000.0,-118691000000.0,119651000000.0,0,31067000000.0,168825000000.0,207710000000.0,38885000000.0,328265000000.0,117406000000.0,117406000000.0,442387000000.0,304127000000.0,482681000000.0,473454000000.0,182935000000.0,66987000000.0,-115948000000.0,-26445000000.0,-22271000000.0,-52546000000.0,-139500000000.0,-9111000000.0,20935000000.0,30242000000.0,12405000000.0,38534000000.0,14189000000.0,133749000000.0,-4895000000.0,0.0,-3000000000.0,14,39,3,0,0,0,
2026-07-28 19:00:00+00:00,396.9599914551,397.1400146484,396.1799926758,396.2699890137,393885,0.0,0.0,MSFT,微软,Microsoft Corporation,USD,19,0,MSFT,480.35,3566861025280,26.790295,20.376884,1.099,0.73,3.64,0.1983,349.2,553.72,223000,59.565,8.0643,0.40305,0.14088,0.34039003,44.668,76842999808,128812998656,331839012864,194237005824,0.67944,0.45111,29.118,1.099,1.23,0.7593,0.00090000004,2.17,7425545491,7414481428,569.5583,870.0,400.0,1.35714,53,331839000000.0,106374000000.0,225465000000.0,155237000000.0,133749000000.0,17.95,18.0,0,34666000000.0,32185000000.0,165934000000.0,207519000000.0,168985000000.0,201794000000.0,129134650000.0,38534000000.0,7453000000.0,7429000000.0,758376000000.0,315989000000.0,442387000000.0,56826000000.0,19359000000.0,20935000000.0,76651000000.0,1397000000.0,80876000000.0,337253000000.0,455944000000.0,-118691000000.0,119651000000.0,0,31067000000.0,168825000000.0,207710000000.0,38885000000.0,328265000000.0,117406000000.0,117406000000.0,442387000000.0,304127000000.0,482681000000.0,473454000000.0,182935000000.0,66987000000.0,-115948000000.0,-26445000000.0,-22271000000.0,-52546000000.0,-139500000000.0,-9111000000.0,20935000000.0,30242000000.0,12405000000.0,38534000000.0,14189000000.0,133749000000.0,-4895000000.0,0.0,-3000000000.0,14,39,3,0,0,0,
2026-07-28 19:05:00+00:00,396.2449951172,396.7300109863,395.125,395.3399963379,336227,0.0,0.0,MSFT,微软,Microsoft Corporation,USD,19,5,MSFT,480.35,3566861025280,26.790295,20.376884,1.099,0.73,3.64,0.1983,349.2,553.72,223000,59.565,8.0643,0.40305,0.14088,0.34039003,44.668,76842999808,128812998656,331839012864,194237005824,0.67944,0.45111,29.118,1.099,1.23,0.7593,0.00090000004,2.17,7425545491,7414481428,569.5583,870.0,400.0,1.35714,53,331839000000.0,106374000000.0,225465000000.0,155237000000.0,133749000000.0,17.95,18.0,0,34666000000.0,32185000000.0,165934000000.0,207519000000.0,168985000000.0,201794000000.0,129134650000.0,38534000000.0,7453000000.0,7429000000.0,758376000000.0,315989000000.0,442387000000.0,56826000000.0,19359000000.0,20935000000.0,76651000000.0,1397000000.0,80876000000.0,337253000000.0,455944000000.0,-118691000000.0,119651000000.0,0,31067000000.0,168825000000.0,207710000000.0,38885000000.0,328265000000.0,117406000000.0,117406000000.0,442387000000.0,304127000000.0,482681000000.0,473454000000.0,182935000000.0,66987000000.0,-115948000000.0,-26445000000.0,-22271000000.0,-52546000000.0,-139500000000.0,-9111000000.0,20935000000.0,30242000000.0,12405000000.0,38534000000.0,14189000000.0,133749000000.0,-4895000000.0,0.0,-3000000000.0,14,39,3,0,0,0,
2026-07-28 19:10:00+00:00,395.3599853516,395.4800109863,394.2399902344,394.2699890137,291636,0.0,0.0,MSFT,微软,Microsoft Corporation,USD,19,10,MSFT,480.35,3566861025280,26.790295,20.376884,1.099,0.73,3.64,0.1983,349.2,553.72,223000,59.565,8.0643,0.40305,0.14088,0.34039003,44.668,76842999808,128812998656,331839012864,194237005824,0.67944,0.45111,29.118,1.099,1.23,0.7593,0.00090000004,2.17,7425545491,7414481428,569.5583,870.0,400.0,1.35714,53,331839000000.0,106374000000.0,225465000000.0,155237000000.0,133749000000.0,17.95,18.0,0,34666000000.0,32185000000.0,165934000000.0,207519000000.0,168985000000.0,201794000000.0,129134650000.0,38534000000.0,7453000000.0,7429000000.0,758376000000.0,315989000000.0,442387000000.0,56826000000.0,19359000000.0,20935000000.0,76651000000.0,1397000000.0,80876000000.0,337253000000.0,455944000000.0,-118691000000.0,119651000000.0,0,31067000000.0,168825000000.0,207710000000.0,38885000000.0,328265000000.0,117406000000.0,117406000000.0,442387000000.0,304127000000.0,482681000000.0,473454000000.0,182935000000.0,66987000000.0,-115948000000.0,-26445000000.0,-22271000000.0,-52546000000.0,-139500000000.0,-9111000000.0,20935000000.0,30242000000.0,12405000000.0,38534000000.0,14189000000.0,133749000000.0,-4895000000.0,0.0,-3000000000.0,14,39,3,0,0,0,
2026-07-28 19:15:00+00:00,394.2300109863,394.5599975586,393.8999938965,393.950012207,301772,0.0,0.0,MSFT,微软,Microsoft Corporation,USD,19,15,MSFT,480.35,3566861025280,26.790295,20.376884,1.099,0.73,3.64,0.1983,349.2,553.72,223000,59.565,8.0643,0.40305,0.14088,0.34039003,44.668,76842999808,128812998656,331839012864,194237005824,0.67944,0.45111,29.118,1.099,1.23,0.7593,0.00090000004,2.17,7425545491,7414481428,569.5583,870.0,400.0,1.35714,53,331839000000.0,106374000000.0,225465000000.0,155237000000.0,133749000000.0,17.95,18.0,0,34666000000.0,32185000000.0,165934000000.0,207519000000.0,168985000000.0,201794000000.0,129134650000.0,38534000000.0,7453000000.0,7429000000.0,758376000000.0,315989000000.0,442387000000.0,56826000000.0,19359000000.0,20935000000.0,76651000000.0,1397000000.0,80876000000.0,337253000000.0,455944000000.0,-118691000000.0,119651000000.0,0,31067000000.0,168825000000.0,207710000000.0,38885000000.0,328265000000.0,117406000000.0,117406000000.0,442387000000.0,304127000000.0,482681000000.0,473454000000.0,182935000000.0,66987000000.0,-115948000000.0,-26445000000.0,-22271000000.0,-52546000000.0,-139500000000.0,-9111000000.0,20935000000.0,30242000000.0,12405000000.0,38534000000.0,14189000000.0,133749000000.0,-4895000000.0,0.0,-3000000000.0,14,39,3,0,0,0,
2026-07-28 19:20:00+00:00,393.950012207,393.950012207,392.9137878418,393.0,224555,0.0,0.0,MSFT,微软,Microsoft Corporation,USD,19,20,MSFT,480.35,3566861025280,26.790295,20.376884,1.099,0.73,3.64,0.1983,349.2,553.72,223000,59.565,8.0643,0.40305,0.14088,0.34039003,44.668,76842999808,128812998656,331839012864,194237005824,0.67944,0.45111,29.118,1.099,1.23,0.7593,0.00090000004,2.17,7425545491,7414481428,569.5583,870.0,400.0,1.35714,53,331839000000.0,106374000000.0,225465000000.0,155237000000.0,133749000000.0,17.95,18.0,0,34666000000.0,32185000000.0,165934000000.0,207519000000.0,168985000000.0,201794000000.0,129134650000.0,38534000000.0,7453000000.0,7429000000.0,758376000000.0,315989000000.0,442387000000.0,56826000000.0,19359000000.0,20935000000.0,76651000000.0,1397000000.0,80876000000.0,337253000000.0,455944000000.0,-118691000000.0,119651000000.0,0,31067000000.0,168825000000.0,207710000000.0,38885000000.0,328265000000.0,117406000000.0,117406000000.0,442387000000.0,304127000000.0,482681000000.0,473454000000.0,182935000000.0,66987000000.0,-115948000000.0,-26445000000.0,-22271000000.0,-52546000000.0,-139500000000.0,-9111000000.0,20935000000.0,30242000000.0,12405000000.0,38534000000.0,14189000000.0,133749000000.0,-4895000000.0,0.0,-3000000000.0,14,39,3,0,0,0,
2026-07-28 19:25:00+00:00,393.0133972168,393.0799865723,392.6000061035,392.8699951172,241935,0.0,0.0,MSFT,微软,Microsoft Corporation,USD,19,25,MSFT,480.35,3566861025280,26.790295,20.376884,1.099,0.73,3.64,0.1983,349.2,553.72,223000,59.565,8.0643,0.40305,0.14088,0.34039003,44.668,76842999808,128812998656,331839012864,194237005824,0.67944,0.45111,29.118,1.099,1.23,0.7593,0.00090000004,2.17,7425545491,7414481428,569.5583,870.0,400.0,1.35714,53,331839000000.0,106374000000.0,225465000000.0,155237000000.0,133749000000.0,17.95,18.0,0,34666000000.0,32185000000.0,165934000000.0,207519000000.0,168985000000.0,201794000000.0,129134650000.0,38534000000.0,7453000000.0,7429000000.0,758376000000.0,315989000000.0,442387000000.0,56826000000.0,19359000000.0,20935000000.0,76651000000.0,1397000000.0,80876000000.0,337253000000.0,455944000000.0,-118691000000.0,119651000000.0,0,31067000000.0,168825000000.0,207710000000.0,38885000000.0,328265000000.0,117406000000.0,117406000000.0,442387000000.0,304127000000.0,482681000000.0,473454000000.0,182935000000.0,66987000000.0,-115948000000.0,-26445000000.0,-22271000000.0,-52546000000.0,-139500000000.0,-9111000000.0,20935000000.0,30242000000.0,12405000000.0,38534000000.0,14189000000.0,133749000000.0,-4895000000.0,0.0,-3000000000.0,14,39,3,0,0,0,
2026-07-28 19:30:00+00:00,392.8299865723,393.1700134277,392.5799865723,392.7200012207,296112,0.0,0.0,MSFT,微软,Microsoft Corporation,USD,19,30,MSFT,480.35,3566861025280,26.790295,20.376884,1.099,0.73,3.64,0.1983,349.2,553.72,223000,59.565,8.0643,0.40305,0.14088,0.34039003,44.668,76842999808,128812998656,331839012864,194237005824,0.67944,0.45111,29.118,1.099,1.23,0.7593,0.00090000004,2.17,7425545491,7414481428,569.5583,870.0,400.0,1.35714,53,331839000000.0,106374000000.0,225465000000.0,155237000000.0,133749000000.0,17.95,18.0,0,34666000000.0,32185000000.0,165934000000.0,207519000000.0,168985000000.0,201794000000.0,129134650000.0,38534000000.0,7453000000.0,7429000000.0,758376000000.0,315989000000.0,442387000000.0,56826000000.0,19359000000.0,20935000000.0,76651000000.0,1397000000.0,80876000000.0,337253000000.0,455944000000.0,-118691000000.0,119651000000.0,0,31067000000.0,168825000000.0,207710000000.0,38885000000.0,328265000000.0,117406000000.0,117406000000.0,442387000000.0,304127000000.0,482681000000.0,473454000000.0,182935000000.0,66987000000.0,-115948000000.0,-26445000000.0,-22271000000.0,-52546000000.0,-139500000000.0,-9111000000.0,20935000000.0,30242000000.0,12405000000.0,38534000000.0,14189000000.0,133749000000.0,-4895000000.0,0.0,-3000000000.0,14,39,3,0,0,0,
2026-07-28 19:35:00+00:00,392.7349853516,393.3099975586,392.3699951172,393.2900085449,286646,0.0,0.0,MSFT,微软,Microsoft Corporation,USD,19,35,MSFT,480.35,3566861025280,26.790295,20.376884,1.099,0.73,3.64,0.1983,349.2,553.72,223000,59.565,8.0643,0.40305,0.14088,0.34039003,44.668,76842999808,128812998656,331839012864,194237005824,0.67944,0.45111,29.118,1.099,1.23,0.7593,0.00090000004,2.17,7425545491,7414481428,569.5583,870.0,400.0,1.35714,53,331839000000.0,106374000000.0,225465000000.0,155237000000.0,133749000000.0,17.95,18.0,0,34666000000.0,32185000000.0,165934000000.0,207519000000.0,168985000000.0,201794000000.0,129134650000.0,38534000000.0,7453000000.0,7429000000.0,758376000000.0,315989000000.0,442387000000.0,56826000000.0,19359000000.0,20935000000.0,76651000000.0,1397000000.0,80876000000.0,337253000000.0,455944000000.0,-118691000000.0,119651000000.0,0,31067000000.0,168825000000.0,207710000000.0,38885000000.0,328265000000.0,117406000000.0,117406000000.0,442387000000.0,304127000000.0,482681000000.0,473454000000.0,182935000000.0,66987000000.0,-115948000000.0,-26445000000.0,-22271000000.0,-52546000000.0,-139500000000.0,-9111000000.0,20935000000.0,30242000000.0,12405000000.0,38534000000.0,14189000000.0,133749000000.0,-4895000000.0,0.0,-3000000000.0,14,39,3,0,0,0,
2026-07-28 19:40:00+00:00,393.299987793,393.469909668,392.9100036621,393.0400085449,290533,0.0,0.0,MSFT,微软,Microsoft Corporation,USD,19,40,MSFT,480.35,3566861025280,26.790295,20.376884,1.099,0.73,3.64,0.1983,349.2,553.72,223000,59.565,8.0643,0.40305,0.14088,0.34039003,44.668,76842999808,128812998656,331839012864,194237005824,0.67944,0.45111,29.118,1.099,1.23,0.7593,0.00090000004,2.17,7425545491,7414481428,569.5583,870.0,400.0,1.35714,53,331839000000.0,106374000000.0,225465000000.0,155237000000.0,133749000000.0,17.95,18.0,0,34666000000.0,32185000000.0,165934000000.0,207519000000.0,168985000000.0,201794000000.0,129134650000.0,38534000000.0,7453000000.0,7429000000.0,758376000000.0,315989000000.0,442387000000.0,56826000000.0,19359000000.0,20935000000.0,76651000000.0,1397000000.0,80876000000.0,337253000000.0,455944000000.0,-118691000000.0,119651000000.0,0,31067000000.0,168825000000.0,207710000000.0,38885000000.0,328265000000.0,117406000000.0,117406000000.0,442387000000.0,304127000000.0,482681000000.0,473454000000.0,182935000000.0,66987000000.0,-115948000000.0,-26445000000.0,-22271000000.0,-52546000000.0,-139500000000.0,-9111000000.0,20935000000.0,30242000000.0,12405000000.0,38534000000.0,14189000000.0,133749000000.0,-4895000000.0,0.0,-3000000000.0,14,39,3,0,0,0,
2026-07-28 19:45:00+00:00,393.0552062988,393.3999938965,392.9599914551,393.2600097656,288245,0.0,0.0,MSFT,微软,Microsoft Corporation,USD,19,45,MSFT,480.35,3566861025280,26.790295,20.376884,1.099,0.73,3.64,0.1983,349.2,553.72,223000,59.565,8.0643,0.40305,0.14088,0.34039003,44.668,76842999808,128812998656,331839012864,194237005824,0.67944,0.45111,29.118,1.099,1.23,0.7593,0.00090000004,2.17,7425545491,7414481428,569.5583,870.0,400.0,1.35714,53,331839000000.0,106374000000.0,225465000000.0,155237000000.0,133749000000.0,17.95,18.0,0,34666000000.0,32185000000.0,165934000000.0,207519000000.0,168985000000.0,201794000000.0,129134650000.0,38534000000.0,7453000000.0,7429000000.0,758376000000.0,315989000000.0,442387000000.0,56826000000.0,19359000000.0,20935000000.0,76651000000.0,1397000000.0,80876000000.0,337253000000.0,455944000000.0,-118691000000.0,119651000000.0,0,31067000000.0,168825000000.0,207710000000.0,38885000000.0,328265000000.0,117406000000.0,117406000000.0,442387000000.0,304127000000.0,482681000000.0,473454000000.0,182935000000.0,66987000000.0,-115948000000.0,-26445000000.0,-22271000000.0,-52546000000.0,-139500000000.0,-9111000000.0,20935000000.0,30242000000.0,12405000000.0,38534000000.0,14189000000.0,133749000000.0,-4895000000.0,0.0,-3000000000.0,14,39,3,0,0,0,
2026-07-28 19:50:00+00:00,393.25,393.8200073242,392.7990112305,393.3800048828,459141,0.0,0.0,MSFT,微软,Microsoft Corporation,USD,19,50,MSFT,480.35,3566861025280,26.790295,20.376884,1.099,0.73,3.64,0.1983,349.2,553.72,223000,59.565,8.0643,0.40305,0.14088,0.34039003,44.668,76842999808,128812998656,331839012864,194237005824,0.67944,0.45111,29.118,1.099,1.23,0.7593,0.00090000004,2.17,7425545491,7414481428,569.5583,870.0,400.0,1.35714,53,331839000000.0,106374000000.0,225465000000.0,155237000000.0,133749000000.0,17.95,18.0,0,34666000000.0,32185000000.0,165934000000.0,207519000000.0,168985000000.0,201794000000.0,129134650000.0,38534000000.0,7453000000.0,7429000000.0,758376000000.0,315989000000.0,442387000000.0,56826000000.0,19359000000.0,20935000000.0,76651000000.0,1397000000.0,80876000000.0,337253000000.0,455944000000.0,-118691000000.0,119651000000.0,0,31067000000.0,168825000000.0,207710000000.0,38885000000.0,328265000000.0,117406000000.0,117406000000.0,442387000000.0,304127000000.0,482681000000.0,473454000000.0,182935000000.0,66987000000.0,-115948000000.0,-26445000000.0,-22271000000.0,-52546000000.0,-139500000000.0,-9111000000.0,20935000000.0,30242000000.0,12405000000.0,38534000000.0,14189000000.0,133749000000.0,-4895000000.0,0.0,-3000000000.0,14,39,3,0,0,0,
2026-07-28 19:55:00+00:00,393.3699951172,393.7699890137,392.5199890137,393.4700012207,1631281,0.0,0.0,MSFT,微软,Microsoft Corporation,USD,19,55,MSFT,480.35,3566861025280,26.790295,20.376884,1.099,0.73,3.64,0.1983,349.2,553.72,223000,59.565,8.0643,0.40305,0.14088,0.34039003,44.668,76842999808,128812998656,331839012864,194237005824,0.67944,0.45111,29.118,1.099,1.23,0.7593,0.00090000004,2.17,7425545491,7414481428,569.5583,870.0,400.0,1.35714,53,331839000000.0,106374000000.0,225465000000.0,155237000000.0,133749000000.0,17.95,18.0,0,34666000000.0,32185000000.0,165934000000.0,207519000000.0,168985000000.0,201794000000.0,129134650000.0,38534000000.0,7453000000.0,7429000000.0,758376000000.0,315989000000.0,442387000000.0,56826000000.0,19359000000.0,20935000000.0,76651000000.0,1397000000.0,80876000000.0,337253000000.0,455944000000.0,-118691000000.0,119651000000.0,0,31067000000.0,168825000000.0,207710000000.0,38885000000.0,328265000000.0,117406000000.0,117406000000.0,442387000000.0,304127000000.0,482681000000.0,473454000000.0,182935000000.0,66987000000.0,-115948000000.0,-26445000000.0,-22271000000.0,-52546000000.0,-139500000000.0,-9111000000.0,20935000000.0,30242000000.0,12405000000.0,38534000000.0,14189000000.0,133749000000.0,-4895000000.0,0.0,-3000000000.0,14,39,3,0,0,0,
